photo_full_name,photo_id,species_folder,md5,ocean,fishing_type,photo_date,file_path
3DEY_0b30796d163b8da7c6352d29c100ac6f_COCONI_IRD.JPG,0b30796d163b8da7c6352d29c100ac6f,3DEY-Diodon-eydouxii,0b30796d163b8da7c6352d29c100ac6f,OI,Senne,20180930,BACKUP_IOTA_20250207/DCF Senne (IRD)/OI-200/297b_OI_20180930-20181105_COCONI_SAP_DOLOMIEU/OI_20180930-20181105_COCONI_SAP_DOLOMIEU_Photos/pêche 9 shiftage/PA123288.JPG
3DEY_18e94641fc324506fd85f995df5ddbb7_LEDANTEC_IRD.JPG,18e94641fc324506fd85f995df5ddbb7,3DEY-Diodon-eydouxii,18e94641fc324506fd85f995df5ddbb7,OI,Senne,20140716,BACKUP_IOTA_20250207/DCF Senne (IRD)/OI-200/262b_OI_20140716-20140818_LE DANTEC_SAP_DOLOMIEU/OI_20140716-20140818_LE DANTEC_SAPMER_DOLOMIEU_Photos/Photos poissons rejet/3_DIY.JPG
3DEY_1c380602de73a999144e048c8ed464ab_SIMON_IRD.JPG,1c380602de73a999144e048c8ed464ab,3DEY-Diodon-eydouxii,1c380602de73a999144e048c8ed464ab,OA,Senne,20110817,BACKUP_IOTA_20250207/DCF Senne (IRD)/OA-100/133_OA_20110817-20110925_SIMON_CFTO_GUERIDEN/OA_20110817-20110925_Simon_CFTO_GUERIDEN_Photos/5.JPG
3DEY_1f473d2262b97d8ba1c67c7bf0c152e6_KOUAKOU_ORTHONGEL.JPG,1f473d2262b97d8ba1c67c7bf0c152e6,3DEY-Diodon-eydouxii,1f473d2262b97d8ba1c67c7bf0c152e6,OA,Senne,20131214,BACKUP_IOTA_20250207/OCUP-OB/OA-300/311a_OA_20131214-20140122_KOUAKOU_CFTO_STERENN/OA_20131214-20140122_KOUAKOU_CFTO_STERENN_Photos/N° 20.d du 12;.JPG
3DEY_2e2a2aee54717ab616e845b8676f26be_VARENNE_IRD.JPG,2e2a2aee54717ab616e845b8676f26be,3DEY-Diodon-eydouxii,2e2a2aee54717ab616e845b8676f26be,OA,Senne,20130519,BACKUP_IOTA_20250207/DCF Senne (IRD)/OA-100/154_OA_20130519-20130704_VARENNE_CFTO_GUERIDEN/OA_20130519-20130704_Varenne_CFTO_GUERIDEN_Photos/Photos/102 (2).JPG
3DEY_311b85d17ca8b589c73bfcddf95c5018_JEHENNE_ORTHONGEL.JPG,311b85d17ca8b589c73bfcddf95c5018,3DEY-Diodon-eydouxii,311b85d17ca8b589c73bfcddf95c5018,OA,Senne,20121230,BACKUP_IOTA_20250207/OCUP-OB/OA-300/150_OA_20121230-20130219_JEHENNE_SPQ_VIA AVENIR/OA_20121230-20130219_Jehenne_SPQ_VIA AVENIR_Photos/échantillon (19).JPG
3DEY_319d124fb92d94cf39937a0be3032f49_SIMON_IRD.JPG,319d124fb92d94cf39937a0be3032f49,3DEY-Diodon-eydouxii,319d124fb92d94cf39937a0be3032f49,OA,Senne,20110817,BACKUP_IOTA_20250207/DCF Senne (IRD)/OA-100/133_OA_20110817-20110925_SIMON_CFTO_GUERIDEN/OA_20110817-20110925_Simon_CFTO_GUERIDEN_Photos/4.JPG
3DEY_36a24efe2f0b839b278a2eb85d2b45a3_COCONI_IRD.JPG,36a24efe2f0b839b278a2eb85d2b45a3,3DEY-Diodon-eydouxii,36a24efe2f0b839b278a2eb85d2b45a3,OI,Senne,20180930,BACKUP_IOTA_20250207/DCF Senne (IRD)/OI-200/297b_OI_20180930-20181105_COCONI_SAP_DOLOMIEU/OI_20180930-20181105_COCONI_SAP_DOLOMIEU_Photos/pêche 9/PA113280.JPG
3DEY_3fe19a4585acc4007ab28472db83c949_ORIOT_IRD.jpg,3fe19a4585acc4007ab28472db83c949,3DEY-Diodon-eydouxii,3fe19a4585acc4007ab28472db83c949,OA,Senne,20080221,BACKUP_IOTA_20250207/DCF Senne (IRD)/OA-100/107_OA_20080221-20080327_ORIOT_SPQ_PERE BRIANT/OA_20080221-20080327_ORIOT_SPQ_PERE BRIANT_Photos/02-03-08 003.jpg
3DEY_49bfec373c7c7430d24d01306557fff4_COCONI_IRD.JPG,49bfec373c7c7430d24d01306557fff4,3DEY-Diodon-eydouxii,49bfec373c7c7430d24d01306557fff4,OI,Senne,20180930,BACKUP_IOTA_20250207/DCF Senne (IRD)/OI-200/297b_OI_20180930-20181105_COCONI_SAP_DOLOMIEU/OI_20180930-20181105_COCONI_SAP_DOLOMIEU_Photos/pêche 9 shiftage/PA123291.JPG
3DEY_68cf1ab2ba64ed338bbc6ce17df4f686_KOUAKOU_ORTHONGEL.JPG,68cf1ab2ba64ed338bbc6ce17df4f686,3DEY-Diodon-eydouxii,68cf1ab2ba64ed338bbc6ce17df4f686,OA,Senne,20131214,BACKUP_IOTA_20250207/OCUP-OB/OA-300/311a_OA_20131214-20140122_KOUAKOU_CFTO_STERENN/OA_20131214-20140122_KOUAKOU_CFTO_STERENN_Photos/N°16. du 09 .JPG
3DEY_6d375cb94f573b01edb8bdc623163233_KOSSONOU_ORTHONGEL.JPG,6d375cb94f573b01edb8bdc623163233,3DEY-Diodon-eydouxii,6d375cb94f573b01edb8bdc623163233,OA,Senne,20150319,BACKUP_IOTA_20250207/OCUP-OB/OA-300/374_OA_20150319-20150508_KOSSONOU_CFTO_AVELVOR/OA_20150319-20150508_KOSSONOU_CFTO_AVELVOR_Photos/PHOTOS/SAM_1789.JPG
3DEY_7420d9d214b42afe55615199bf26d2bc_KOSSONOU_ORTHONGEL.JPG,7420d9d214b42afe55615199bf26d2bc,3DEY-Diodon-eydouxii,7420d9d214b42afe55615199bf26d2bc,OA,Senne,20150319,BACKUP_IOTA_20250207/OCUP-OB/OA-300/374_OA_20150319-20150508_KOSSONOU_CFTO_AVELVOR/OA_20150319-20150508_KOSSONOU_CFTO_AVELVOR_Photos/PHOTOS/SAM_1790.JPG
3DEY_83c37ef3456dc7a3bf6da4a7ae1707ee_COCONI_IRD.JPG,83c37ef3456dc7a3bf6da4a7ae1707ee,3DEY-Diodon-eydouxii,83c37ef3456dc7a3bf6da4a7ae1707ee,OI,Senne,20180930,BACKUP_IOTA_20250207/DCF Senne (IRD)/OI-200/297b_OI_20180930-20181105_COCONI_SAP_DOLOMIEU/OI_20180930-20181105_COCONI_SAP_DOLOMIEU_Photos/pêche 9/PA113281.JPG
3DEY_957585e1b19630ebe6475b3ba78c7284_THELLIER_IRD.JPG,957585e1b19630ebe6475b3ba78c7284,3DEY-Diodon-eydouxii,957585e1b19630ebe6475b3ba78c7284,OA,Senne,20101127,BACKUP_IOTA_20250207/DCF Senne (IRD)/OA-100/126_OA_20101127-20110106_THELLIER_SPQ_VIA EUROS/OA_20101127-20110106_Thellier_SPQ_VIA EUROS_Photos/Tibo_ViaEuros 14B.JPG
3DEY_9cca004e1c1dc3c7d2339539f0496547_GOUE_IRD.JPG,9cca004e1c1dc3c7d2339539f0496547,3DEY-Diodon-eydouxii,9cca004e1c1dc3c7d2339539f0496547,OA,Senne,20170422,BACKUP_IOTA_20250207/DCF Senne (IRD)/OA-100/183_OA_20170422-20170608_GOUE_CFTO_GUEOTEC/OA_20170422-20170608_GOUE_CFTO_GUEOTEC_Photos/5-PHOTOS/SAM_0057.JPG
3DEY_c17a51f158696c3c3f3c13c0fb1319c9_KOFFI_IRD.JPG,c17a51f158696c3c3f3c13c0fb1319c9,3DEY-Diodon-eydouxii,c17a51f158696c3c3f3c13c0fb1319c9,OA,Senne,20181117,BACKUP_IOTA_20250207/DCF Senne (IRD)/OA-100/198a_OA_20181117-20181208_KOFFI_CFTO_GEVRED/OA_20181117-20181208_KOFFI_CFTO_GEVRED_Photos/Autres photos/SAM_3372.JPG
3DEY_c4c188a5370669cea013db5ba3007f10_COCONI_IRD.JPG,c4c188a5370669cea013db5ba3007f10,3DEY-Diodon-eydouxii,c4c188a5370669cea013db5ba3007f10,OI,Senne,20180930,BACKUP_IOTA_20250207/DCF Senne (IRD)/OI-200/297b_OI_20180930-20181105_COCONI_SAP_DOLOMIEU/OI_20180930-20181105_COCONI_SAP_DOLOMIEU_Photos/pêche 9/PA113276.JPG
3DEY_ce133c202e8877fcfd2c1120f3513a0f_MONSET_IRD.jpg,ce133c202e8877fcfd2c1120f3513a0f,3DEY-Diodon-eydouxii,ce133c202e8877fcfd2c1120f3513a0f,OA,Senne,20100624,BACKUP_IOTA_20250207/DCF Senne (IRD)/OA-100/121_OA_20100624-20100807_MONSET_CMB_CAP BOJADOR/OA_20100624-20100807_MONSET_CMB_CAP BOJADOR_Photos/30.jpg
3DEY_d12c70338b4e0f4e6aa11265a2ee3af4_AMANDE_IRD.JPG,d12c70338b4e0f4e6aa11265a2ee3af4,3DEY-Diodon-eydouxii,d12c70338b4e0f4e6aa11265a2ee3af4,OA,Senne,20100706,BACKUP_IOTA_20250207/DCF Senne (IRD)/OA-100/122_OA_20100706-20100817_AMANDE_CMB_STERENN/OA_20100706-20100817_AMANDE_CMB_STERENN_Photos/2010-07-07/Calee 1/Photo n°1.JPG
3DEY_ded41a6b666c616e2b7b151dd19c3fdd_MOUSSY_IRD.JPG,ded41a6b666c616e2b7b151dd19c3fdd,3DEY-Diodon-eydouxii,ded41a6b666c616e2b7b151dd19c3fdd,OI,Senne,20190913,BACKUP_IOTA_20250207/DCF Senne (IRD)/OI-200/1207b_OI_20190913-20191016_MOUSSY_SAP_FRANCHE TERRE/OI_20190913-20191016_MOUSSY_SAP_FRANCHE TERRE_Photos/Marée 2/Formulaire B26/PA081594.JPG
3DEY_e3f00b69e0c1397478802b28c1ca4e78_LEBOURDONNEC_IRD.JPG,e3f00b69e0c1397478802b28c1ca4e78,3DEY-Diodon-eydouxii,e3f00b69e0c1397478802b28c1ca4e78,OA,Senne,20121206,BACKUP_IOTA_20250207/DCF Senne (IRD)/OA-100/144a_OA_20121206-20130124_LEBOURDONNEC_CFTO_GUERIDEN/OA_20121206-20130124_ Le Bourdonnec_CFTO_GUERIDEN_Photos Gueriden/SDC10364.JPG
3DEY_e58ca53a3d74a8c2680dd7e2507094a9_LEDANTEC_IRD.JPG,e58ca53a3d74a8c2680dd7e2507094a9,3DEY-Diodon-eydouxii,e58ca53a3d74a8c2680dd7e2507094a9,OI,Senne,20140716,BACKUP_IOTA_20250207/DCF Senne (IRD)/OI-200/262b_OI_20140716-20140818_LE DANTEC_SAP_DOLOMIEU/OI_20140716-20140818_LE DANTEC_SAPMER_DOLOMIEU_Photos/Photos poissons rejet/3_DIY3.JPG
3DEY_f187b6a0a49701955d17f67e2aab1932_DAO_ORTHONGEL.JPG,f187b6a0a49701955d17f67e2aab1932,3DEY-Diodon-eydouxii,f187b6a0a49701955d17f67e2aab1932,OA,Senne,20180204,BACKUP_IOTA_20250207/OCUP-OB/OA-300/532b_OA_20180204-20180304_DAO_SQT_VIAEUROS/OA_20180204-20180304_DAO_SQT_VIAEUROS_Photos/SAM_5770.JPG
3DEY_f75cb6e8f34fa15fcb7e266d4e2eeeb4_KOFFI_ORTHONGEL.JPG,f75cb6e8f34fa15fcb7e266d4e2eeeb4,3DEY-Diodon-eydouxii,f75cb6e8f34fa15fcb7e266d4e2eeeb4,OA,Senne,20151102,BACKUP_IOTA_20250207/OCUP-OB/OA-300/405a_OA_20151102_20151213_KOFFI_CFTO_AVELVOR/OA_20151102_20151213_KOFFI_CFTO_AVELVOR/5-PHOTOS/Autres Photos/SAM_3167.JPG
3DEY_fd4b36145c7ee7220f241cd8d3eaa619_EKPO_ORTHONGEL.jpg,fd4b36145c7ee7220f241cd8d3eaa619,3DEY-Diodon-eydouxii,fd4b36145c7ee7220f241cd8d3eaa619,OA,Senne,20190323,BACKUP_IOTA_20250207/OCUP-OB/OA-300/590a_OA_20190323-20190512_EKPO_CFTO_GUERIDEN/OA_20190323-20190512_EKPO_CFTO_GUERIDEN_Photos/DIY.jpg
3DEY_feee3b79e9e4c308b4358031548dc21c_VARENNE_IRD.JPG,feee3b79e9e4c308b4358031548dc21c,3DEY-Diodon-eydouxii,feee3b79e9e4c308b4358031548dc21c,OI,Senne,20130306,BACKUP_IOTA_20250207/DCF Senne (IRD)/OI-200/257b_OI_20130306-20130331_VARENNE_SAP_BERNICA/OI_20130306-20130331_Varenne_SAP_BERNICA_Photos/calée du 29.03.2013/DSCF0171.JPG
ALB_4caa5c6b8213e64ecc99dc40f90b0aae_HUVIER_TAAF.JPG,4caa5c6b8213e64ecc99dc40f90b0aae,ALB-Thunnus-alalunga,4caa5c6b8213e64ecc99dc40f90b0aae,OI,Senne,20140412,BACKUP_IOTA_20250207/DCF Senne (TAAF)/2014/TAAF_14-5_OI_20140412-20140617_HUVIER_MANAPANY/TAAF_OI_20140412-20140617_14-5 HUVIER_MANAPANY_OBSPEC_Photos/Faune ichtyologique/Germon (Thunnus alalunga; ALB)/P1020847.JPG
ALB_60821dc3a265a81c247115791040f867_HUVIER_TAAF.JPG,60821dc3a265a81c247115791040f867,ALB-Thunnus-alalunga,60821dc3a265a81c247115791040f867,OI,Senne,20140412,BACKUP_IOTA_20250207/DCF Senne (TAAF)/2014/TAAF_14-5_OI_20140412-20140617_HUVIER_MANAPANY/TAAF_OI_20140412-20140617_14-5 HUVIER_MANAPANY_OBSPEC_Photos/Faune ichtyologique/Germon (Thunnus alalunga; ALB)/P1020870.JPG
ALB_73f8566c9e59008c900cc3a278a2bff6_CESSATEUR_IRD.jpg,73f8566c9e59008c900cc3a278a2bff6,ALB-Thunnus-alalunga,73f8566c9e59008c900cc3a278a2bff6,OI,Senne,20071024,BACKUP_IOTA_20250207/DCF Senne (IRD)/OI-200/220_OI_20071024-20071204_CESSATEUR_SPQ_VIA MISTRAL/OI_20071024-20071204_CESSATEUR_SPQ_VIA MISTRAL_Photos/IMG_0561.jpg
ALB_94c4dfd53cca23c0a7f398b27b7e9cb5_KOFFI_IRD.jpg,94c4dfd53cca23c0a7f398b27b7e9cb5,ALB-Thunnus-alalunga,94c4dfd53cca23c0a7f398b27b7e9cb5,OA,Senne,20180223,BACKUP_IOTA_20250207/DCF Senne (IRD)/OA-100/189a_OA_20180223-20180323_KOFFI_SQT_VIAAVENIR/OA_20180223-20180323_KOFFI_SAUPIQUET_VIAAVENIR_Photos/IMG_20180318_092711.jpg
ALB_9e05e88affdaf5b79668011b1592081f_RAKOTOMIRAHO_ORTHONGEL.JPG,9e05e88affdaf5b79668011b1592081f,ALB-Thunnus-alalunga,9e05e88affdaf5b79668011b1592081f,OI,Senne,20160426,BACKUP_IOTA_20250207/OCUP-OB/OI-700/761a_OI_20160426-20160504_RAKOTOMIRAHO_SAP_BELLEISLE/OI_20160426-20160628_RAKOTOMIRAHO_SAP_BELLEISLE_Photos/DSCF0037.JPG
ALB_b1a3bd72481fec8647f001c9886f8ad1_CUILLANDRE_IRD.JPG,b1a3bd72481fec8647f001c9886f8ad1,ALB-Thunnus-alalunga,b1a3bd72481fec8647f001c9886f8ad1,OA,Senne,20121107,BACKUP_IOTA_20250207/DCF Senne (IRD)/OA-100/143_OA_20121107-20121126_CUILLANDRE_CFTO_GUERIDEN/OA_20121107-20121126_Cuillandre_CFTO_GUERIDEN_Photos/DSC_0008.JPG
ALB_c210156a93c022b353b9ad42c430c432_DAO_ORTHONGEL.JPG,c210156a93c022b353b9ad42c430c432,ALB-Thunnus-alalunga,c210156a93c022b353b9ad42c430c432,OA,Senne,20150131,BACKUP_IOTA_20250207/OCUP-OB/OA-300/367_OA_20150131-20150325_DAO_SAUPIQUET_VIAEUROS/OA_20150131-20150325_DAO_SAUPIQUET_VIA EUROS_Photos/PHOTOS/ALB.JPG
ALM_079ea2319ed99cb6954433792a80dcb0_JEHENNE_ORTHONGEL.JPG,079ea2319ed99cb6954433792a80dcb0,ALM-Aluterus-monoceros,079ea2319ed99cb6954433792a80dcb0,OA,Senne,20121230,BACKUP_IOTA_20250207/OCUP-OB/OA-300/150_OA_20121230-20130219_JEHENNE_SPQ_VIA AVENIR/OA_20121230-20130219_Jehenne_SPQ_VIA AVENIR_Photos/échantillon (13).JPG
ALM_1662f9abf9e07cec748fe2026c8fe46c_DERRIDJ_IRD.jpg,1662f9abf9e07cec748fe2026c8fe46c,ALM-Aluterus-monoceros,1662f9abf9e07cec748fe2026c8fe46c,OA,Senne,20090705,BACKUP_IOTA_20250207/DCF Senne (IRD)/OA-100/112_OA_20090705_20090821_DERRIDJ_CMB_MEN GOE/OA_20090705_20090821_Derridj_CMB_MEN GOE_Photos/PHOTO 12 BAT Aluterus monoceros.jpg
ALM_2390f4651f3c2d901a6b65c2d658445f_KOSSONOU_ORTHONGEL.JPG,2390f4651f3c2d901a6b65c2d658445f,ALM-Aluterus-monoceros,2390f4651f3c2d901a6b65c2d658445f,OI,Senne,20170412,BACKUP_IOTA_20250207/OCUP-OB/OI-700/799b_OI_20170412-20170509_KOSSONOU_CFTO_CAPSAINTVINCENT/OI_20170412-20170509_KOSSONOU_CFTO_CAPSAINTVINCENT_Photos/SAM_1041.JPG
ALM_26a80a962c160d2b6a7044fdeaeb9e44_KOFFI_IRD.JPG,26a80a962c160d2b6a7044fdeaeb9e44,ALM-Aluterus-monoceros,26a80a962c160d2b6a7044fdeaeb9e44,OA,Senne,20181211,BACKUP_IOTA_20250207/DCF Senne (IRD)/OA-100/198b_OA_20181211-20181230_KOFFI_CFTO_GEVRED/OA_20181211-20181230_KOFFI_CFTO_GEVRED_Photos/AUTRES PHOTOS/SAM_3556.JPG
ALM_2a936052f6d725401f941b0a73bd3c29_LEDANTEC_IRD.JPG,2a936052f6d725401f941b0a73bd3c29,ALM-Aluterus-monoceros,2a936052f6d725401f941b0a73bd3c29,OI,Senne,20141219,BACKUP_IOTA_20250207/DCF Senne (IRD)/OI-200/266b_OI_20141219-20150119_LE DANTEC_SAPMER_BELOUVE/OI_20141219-20150119_LE DANTEC_SAPMER_BELOUVE_Photos/Images_141117-141215_BELOUVE/Photos poissons rejet/DSCF0805.JPG
ALM_2bcdabe0d7eb798b44b25103627d2116_JEZEQUEL_ORTHONGEL.JPG,2bcdabe0d7eb798b44b25103627d2116,ALM-Aluterus-monoceros,2bcdabe0d7eb798b44b25103627d2116,OI,Senne,20150129,"BACKUP_IOTA_20250207/OCUP-OB/OI-700/724_OI_20150129-20150331_JEZEQUEL_SAPMER_BELLE RIVE/OI_20150129-20150331_JEZEQUEL_SAPMER_BELLE RIVE_Photos/Photos, films/Espèces communes/DSCF1471.JPG"
ALM_35853023e1b4884a10c7fac572af5ad8_ALLANGBA_ORTHONGEL.JPG,35853023e1b4884a10c7fac572af5ad8,ALM-Aluterus-monoceros,35853023e1b4884a10c7fac572af5ad8,OA,Senne,20160718,BACKUP_IOTA_20250207/OCUP-OB/OA-300/445_OA_20160718-20160905_ALLANGBA_CFTO_CAPBOJADOR/OA_20160718-20160905_ALLANGBA_CFTO_CAPBOJADOR_Photos/5-PHOTOS/SAM_0607.JPG
ALM_435ff7112ac17fecfe5a3c8024f663f5_COCONI_IRD.JPG,435ff7112ac17fecfe5a3c8024f663f5,ALM-Aluterus-monoceros,435ff7112ac17fecfe5a3c8024f663f5,OI,Senne,20180930,BACKUP_IOTA_20250207/DCF Senne (IRD)/OI-200/297b_OI_20180930-20181105_COCONI_SAP_DOLOMIEU/OI_20180930-20181105_COCONI_SAP_DOLOMIEU_Photos/pêche 2/PA023041.JPG
ALM_576e29dee84d1caa759d4aef1710c08f_COULIBALY_IRD.JPG,576e29dee84d1caa759d4aef1710c08f,ALM-Aluterus-monoceros,576e29dee84d1caa759d4aef1710c08f,OA,Senne,20150302,BACKUP_IOTA_20250207/DCF Senne (IRD)/OA-100/167b_OA_20150302_20150316_KOSSONOU_CFTO_AVELVOR/OA_20150302-20150316_KOSSONOU_CFTO_AVEL VOR_Photos/PHOTOS/SAM_1769.JPG
ALM_5fcca47acac254429f748b4e59811d95_WINKLER_IRD.JPG,5fcca47acac254429f748b4e59811d95,ALM-Aluterus-monoceros,5fcca47acac254429f748b4e59811d95,OA,Senne,20100206,BACKUP_IOTA_20250207/DCF Senne (IRD)/OA-100/117_OA_20100206_20100316_WINKLER_CMB_GUEOTEC/OA_20100206_20100316_WINKLER_CMB_GUEOTEC_Photos/Photos especes - OA- Winkler Joachim- Gueotec- 100206_100316/18.JPG
ALM_616f975611aedf3ca9907ee09db5bb2a_RICHARD_TAAF.JPG,616f975611aedf3ca9907ee09db5bb2a,ALM-Aluterus-monoceros,616f975611aedf3ca9907ee09db5bb2a,OI,Senne,20110428,BACKUP_IOTA_20250207/DCF Senne (TAAF)/2011/TAAF11-4_OI_20110428-20110529_SAP_FRANCHE TERRE_Richard/OI_20110428-20110529_SAP_TAAF11_FRANCHE TERRE_Richard_Photos/Poissons/260511FT6.jpg.JPG
ALM_63236eea493e80cbe5031ecb46fcc3eb_TOUSSAINT_TAAF.JPG,63236eea493e80cbe5031ecb46fcc3eb,ALM-Aluterus-monoceros,63236eea493e80cbe5031ecb46fcc3eb,OI,Senne,20170228,BACKUP_IOTA_20250207/DCF Senne (TAAF)/2017/17-4a_OI_20170228-20170330_TOUSSAINT_SAPMER_MANAPANY_IRD/OI_20170228-20170330_TOUSSAINT_SAPMER_MANAPANY_IRD_Photos/ALM.JPG
ALM_6906e8dee95402fc52d379480bd17a89_BAIDAI_ORTHONGEL.JPG,6906e8dee95402fc52d379480bd17a89,ALM-Aluterus-monoceros,6906e8dee95402fc52d379480bd17a89,OI,Senne,20141010,BACKUP_IOTA_20250207/OCUP-OB/OI-700/711_OI_20141010-20141108_BAIDAI_SAPMER_BELLE ISLE/OI_20141010-20141108_BAIDAI_SAPMER_BELLE ISLE_Photos/PHOTOS/Especes/IMG_2186.JPG
ALM_6a2feb3c4dc9ba0cb2e5b7b7033677bd_TIRANT_ORTHONGEL.JPG,6a2feb3c4dc9ba0cb2e5b7b7033677bd,ALM-Aluterus-monoceros,6a2feb3c4dc9ba0cb2e5b7b7033677bd,OI,Senne,20151110,BACKUP_IOTA_20250207/OCUP-OB/OI-700/745a_OI_20151110-20151210_TIRANT_SAP_BELLE RIVE/OI_20151110-20151210_TIRANT_SAP_BELLERIVE_Photos/OI_20151110-20151210_TIRANT_SAP_BELLE RIVE/DSCF0003.JPG
ALM_81911429e84e3af258842e6ccb5443f0_THELLIER_IRD.JPG,81911429e84e3af258842e6ccb5443f0,ALM-Aluterus-monoceros,81911429e84e3af258842e6ccb5443f0,OA,Senne,20101127,BACKUP_IOTA_20250207/DCF Senne (IRD)/OA-100/126_OA_20101127-20110106_THELLIER_SPQ_VIA EUROS/OA_20101127-20110106_Thellier_SPQ_VIA EUROS_Photos/DSCF0305.JPG
ALM_92705fe3810b1cf2a3d2a2370edaa884_ZOUZOUGBO_IRD.JPG,92705fe3810b1cf2a3d2a2370edaa884,ALM-Aluterus-monoceros,92705fe3810b1cf2a3d2a2370edaa884,OA,Senne,20141106,BACKUP_IOTA_20250207/DCF Senne (IRD)/OA-100/165_OA_20141106_20141228_ZOUZOUGBO_CFTO_CAPBOJADOR/OA_20141106_20141228_ZOUZOUGBO_CFTO_CAPBOJADOR_Photos/IMG_1051.JPG
ALM_9a1bbcbeca9bc09a8352964933537625_WILLAUME_IRD.JPG,9a1bbcbeca9bc09a8352964933537625,ALM-Aluterus-monoceros,9a1bbcbeca9bc09a8352964933537625,OI,Senne,20070723,BACKUP_IOTA_20250207/DCF Senne (IRD)/OI-200/217_OI_20070723-20070903_WILLAUME_CMB_STERENN/OI_20070723-20070903_WILLAUME_CMB_STERENN_Photos/Aluterusmonoceros.JPG
ALM_9bc08bc2f0f485f4a65a4accdd7692cf_TORRES_IRD.jpg,9bc08bc2f0f485f4a65a4accdd7692cf,ALM-Aluterus-monoceros,9bc08bc2f0f485f4a65a4accdd7692cf,OI,Senne,20090403,BACKUP_IOTA_20250207/DCF Senne (IRD)/OI-200/238_OI_20090403-20090508_TORRES_CMB_CAP ST VINCENT/OI_20090403_20090508_Torres_CMB_CAP ST VINCENT_Photos/28.04.09/photos/3/Photo 011.jpg
ALM_b38a02e2106454c893787fb009665a41_EKPO_ORHTONGEL.jpg,b38a02e2106454c893787fb009665a41,ALM-Aluterus-monoceros,b38a02e2106454c893787fb009665a41,OI,Senne,20200118,BACKUP_IOTA_20250207/OCUP-OB/OI-700/908b_OI_ 20200118-20200224_EKPO_SAPMER_BERNICA/OI_ 20200118-20200224_EKPO_SAPMER_BERNICA_Photos/Autres-Poissons/ALM.jpg
ALM_ba5de8079aacf62cb7cb8469bf574dfd_BAIDAI_ORTHONGEL.JPG,ba5de8079aacf62cb7cb8469bf574dfd,ALM-Aluterus-monoceros,ba5de8079aacf62cb7cb8469bf574dfd,OI,Senne,20141010,BACKUP_IOTA_20250207/OCUP-OB/OI-700/711_OI_20141010-20141108_BAIDAI_SAPMER_BELLE ISLE/OI_20141010-20141108_BAIDAI_SAPMER_BELLE ISLE_Photos/PHOTOS/Especes/IMG_2175.JPG
ALM_bbe218f7f4b5090862a792d38bc76461_LEMERDY_ORTHONGEL.JPG,bbe218f7f4b5090862a792d38bc76461,ALM-Aluterus-monoceros,bbe218f7f4b5090862a792d38bc76461,OI,Senne,20161130,BACKUP_IOTA_20250207/OCUP-OB/OI-700/780b_OI_20161130-20170103_LEMERDY_SAP_MORNSESELWA/OI_20161029-20170103_LEMERDY_SAP_MORNSESELWA_Photos/DSCF3090.JPG
ALM_cbb2220d894bc4a852cabde1f88f958a_KOSSONOU_ORTHONGEL.JPG,cbb2220d894bc4a852cabde1f88f958a,ALM-Aluterus-monoceros,cbb2220d894bc4a852cabde1f88f958a,OI,Senne,20170412,BACKUP_IOTA_20250207/OCUP-OB/OI-700/799b_OI_20170412-20170509_KOSSONOU_CFTO_CAPSAINTVINCENT/OI_20170412-20170509_KOSSONOU_CFTO_CAPSAINTVINCENT_Photos/SAM_1039.JPG
ALM_dd365d9e413180b7981df70ac5e70359_DERRIEN_IRD.jpg,dd365d9e413180b7981df70ac5e70359,ALM-Aluterus-monoceros,dd365d9e413180b7981df70ac5e70359,OI,Senne,20170120,BACKUP_IOTA_20250207/DCF Senne (IRD)/OI-200/285b_OI_20170120-20170219_DERRIEN_SAP_MANAPANY/OI_20170120-20170219_DERRIEN_SAP_MANAPANY_Photos/ALM/ALM1.jpg
ALM_e873c3b039c0577ef6dd97e3dbf25956_VEGA_IRD.JPG,e873c3b039c0577ef6dd97e3dbf25956,ALM-Aluterus-monoceros,e873c3b039c0577ef6dd97e3dbf25956,OI,Senne,20190103,BACKUP_IOTA_20250207/DCF Senne (IRD)/OI-200/1200a_OI_20190103-20190129_VEGA_SAP_BERNICA/OI_20190103-20190129_VEGA_SAP_BERNICA_Photos/DSCF4030.JPG
ALN_07f57a2adc81b14bce2fc702919e57dd_SINON_ORTHONGEL.JPG,07f57a2adc81b14bce2fc702919e57dd,ALN-Aluterus-scriptus,07f57a2adc81b14bce2fc702919e57dd,OI,Senne,20150926,BACKUP_IOTA_20250207/OCUP-OB/OI-700/740a_OI_20150926-20151028_SINON_SAP_BELLE ISLE/OI_20150926-20151028_SINON_SAP_BELLE ISLE_Photos-pb-dates/DSCF0147.JPG
ALN_14efdfd7e51a53506d774c223ad68385_ALLANGBA_ORTHONGEL.JPG,14efdfd7e51a53506d774c223ad68385,ALN-Aluterus-scriptus,14efdfd7e51a53506d774c223ad68385,OA,Senne,20170508,BACKUP_IOTA_20250207/OCUP-OB/OA-300/499_OA_20170508-20170626_ALLANGBA_GEVRED_CFTO/OA_20170508-20170626_ALLANGBA_CFTO_GEVRED_Photos/5-PHOTOS/AUTRES/SAM_5266.JPG
ALN_21a0ccc7edf49eb1be98fda905c72e98_COCONI_TAAF.JPG,21a0ccc7edf49eb1be98fda905c72e98,ALN-Aluterus-scriptus,21a0ccc7edf49eb1be98fda905c72e98,OI,Senne,20180303,BACKUP_IOTA_20250207/DCF Senne (TAAF)/2018/18-1a_OI_20180303_20180329_COCONI_CFTO_GLENAN/OI_20180303_20180329_COCONI_CFTO_GLENAN_Photos/P1060656.JPG
ALN_2552d4bcff691afdf139419b7f83af7f_ALLANGBA_ORTHONGEL.JPG,2552d4bcff691afdf139419b7f83af7f,ALN-Aluterus-scriptus,2552d4bcff691afdf139419b7f83af7f,OA,Senne,20161222,BACKUP_IOTA_20250207/OCUP-OB/OA-300/473_OA_20161222-20170212_ALLANGBA_CFTO_CAPBOJADOR/OA_20161222-20170212_ALLANGBA_CFTO_CAPBOJADOR_Photos/5-PHOTOS/AUTRES POISSONS/SAM_4873.JPG
ALN_33481675b40de611d6bbe892cfdb4fc5_KOSSONOU_ORTHONGEL.jpg,33481675b40de611d6bbe892cfdb4fc5,ALN-Aluterus-scriptus,33481675b40de611d6bbe892cfdb4fc5,OA,Senne,20160925,BACKUP_IOTA_20250207/OCUP-OB/OA-300/455_OA_20160925-20161101_KOSSONOU_CFTO_GEVRED/OA_20160925-20161101_KOSSONOU_CFTO_GEVRED_Photos/20161001_105552.jpg
ALN_3372e66b06c625d4722be7c7bd842ab9_HUVIER_TAAF.JPG,3372e66b06c625d4722be7c7bd842ab9,ALN-Aluterus-scriptus,3372e66b06c625d4722be7c7bd842ab9,OI,Senne,20140412,BACKUP_IOTA_20250207/DCF Senne (TAAF)/2014/TAAF_14-5_OI_20140412-20140617_HUVIER_MANAPANY/TAAF_OI_20140412-20140617_14-5 HUVIER_MANAPANY_OBSPEC_Photos/Faune ichtyologique/Autres/Bourse loulou (Aluterus scriptus; ALN).JPG
ALN_3cb8f7263edd45ba2342b11bd982b91e_TIRANT_ORTHONGEL.JPG,3cb8f7263edd45ba2342b11bd982b91e,ALN-Aluterus-scriptus,3cb8f7263edd45ba2342b11bd982b91e,OI,Senne,20160630,BACKUP_IOTA_20250207/OCUP-OB/OI-700/773a_OI_20160630-20160731_TIRANT_SAP_BELLE ISLE/OI_20160630-20160731_TIRANT_SAP_BELLE ISLE_Photos/DSCF0263.JPG
ALN_57a93a790d35850000a304b22a2c1f8d_DABAKUYO_ORTHONGEL.JPG,57a93a790d35850000a304b22a2c1f8d,ALN-Aluterus-scriptus,57a93a790d35850000a304b22a2c1f8d,OA,Senne,20190404,BACKUP_IOTA_20250207/OCUP-OB/OA-300/588b_OA_20190404-20190424_DABAKUYO_CFTO_STERENN/OA_20190404-20190424_DABAKUYO_CFTO_STERENN_Photos/SAM_1650.JPG
ALN_655ae9d334df0f2de2e4c2221d41ee33_THELLIER_IRD.jpg,655ae9d334df0f2de2e4c2221d41ee33,ALN-Aluterus-scriptus,655ae9d334df0f2de2e4c2221d41ee33,OA,Senne,20101127,BACKUP_IOTA_20250207/DCF Senne (IRD)/OA-100/126_OA_20101127-20110106_THELLIER_SPQ_VIA EUROS/OA_20101127-20110106_Thellier_SPQ_VIA EUROS_Photos/Aluterus scriptus.jpg
ALN_670b0ba84af41a8bc6c4f0e414ece076_KOSSONOU_ORTHONGEL.JPG,670b0ba84af41a8bc6c4f0e414ece076,ALN-Aluterus-scriptus,670b0ba84af41a8bc6c4f0e414ece076,OI,Senne,20170412,BACKUP_IOTA_20250207/OCUP-OB/OI-700/799b_OI_20170412-20170509_KOSSONOU_CFTO_CAPSAINTVINCENT/OI_20170412-20170509_KOSSONOU_CFTO_CAPSAINTVINCENT_Photos/SAM_1037.JPG
ALN_7cd760bfb39316a3238f0943dbb1dbaa_COCONI_TAAF.JPG,7cd760bfb39316a3238f0943dbb1dbaa,ALN-Aluterus-scriptus,7cd760bfb39316a3238f0943dbb1dbaa,OI,Senne,20180303,BACKUP_IOTA_20250207/DCF Senne (TAAF)/2018/18-1a_OI_20180303_20180329_COCONI_CFTO_GLENAN/OI_20180303_20180329_COCONI_CFTO_GLENAN_Photos/P3260996.JPG
ALN_911618f82b567eaaa6dda937be7ff126_COCONI_TAAF.JPG,911618f82b567eaaa6dda937be7ff126,ALN-Aluterus-scriptus,911618f82b567eaaa6dda937be7ff126,OI,Senne,20180303,BACKUP_IOTA_20250207/DCF Senne (TAAF)/2018/18-1a_OI_20180303_20180329_COCONI_CFTO_GLENAN/OI_20180303_20180329_COCONI_CFTO_GLENAN_Photos/P1060657.JPG
ALN_b188c79e82012d11d9e2f892167e9f6c_MOEC_IRD.JPG,b188c79e82012d11d9e2f892167e9f6c,ALN-Aluterus-scriptus,b188c79e82012d11d9e2f892167e9f6c,OA,Senne,20081201,BACKUP_IOTA_20250207/DCF Senne (IRD)/OA-100/111_OA_20081201_20090105_MOEC_CMB_AVEL VOR/OA_20081201_20090105_MOEC_CMB_AVEL VOR_Photos/photo 6.JPG
ALN_c1559af847840367fd4f75de8184bd59_GUILLON_TAAF.JPG,c1559af847840367fd4f75de8184bd59,ALN-Aluterus-scriptus,c1559af847840367fd4f75de8184bd59,OI,Senne,20160507,BACKUP_IOTA_20250207/DCF Senne (TAAF)/2016/16-4_OI_20160507-20160712_GUILLON_SAPMER_FRANCHETERRE/OI_20160507-20160712_GUILLON_SAPMER_FRANCHETERRE_Photos/Espèces accessoires/ALN.JPG
ALN_c5da349c1876882046ba6d52dc3c5389_BAIDAI_ORTHONGEL.JPG,c5da349c1876882046ba6d52dc3c5389,ALN-Aluterus-scriptus,c5da349c1876882046ba6d52dc3c5389,OI,Senne,20141010,BACKUP_IOTA_20250207/OCUP-OB/OI-700/711_OI_20141010-20141108_BAIDAI_SAPMER_BELLE ISLE/OI_20141010-20141108_BAIDAI_SAPMER_BELLE ISLE_Photos/PHOTOS/Especes/ALN (1).JPG
ALN_c99dbf3a588d9fc66fcd81599b87705e_EKPO_ORTHONGEL.jpg,c99dbf3a588d9fc66fcd81599b87705e,ALN-Aluterus-scriptus,c99dbf3a588d9fc66fcd81599b87705e,OI,Senne,20200118,BACKUP_IOTA_20250207/OCUP-OB/OI-700/908b_OI_ 20200118-20200224_EKPO_SAPMER_BERNICA/OI_ 20200118-20200224_EKPO_SAPMER_BERNICA_Photos/Autres-Poissons/ALN.jpg
ALN_dcd569a9799f754885d2dfbb1c4e8641_VEGA_IRD.JPG,dcd569a9799f754885d2dfbb1c4e8641,ALN-Aluterus-scriptus,dcd569a9799f754885d2dfbb1c4e8641,OI,Senne,20180922,BACKUP_IOTA_20250207/DCF Senne (IRD)/OI-200/296a_OI_20180922-20181023_VEGA_CFTO_TREVIGNON/OI_20180922-20181023_VEGA_CFTO_TREVIGNON_Photos/DSCF0600.JPG
ALN_dda1a58d12911f8c4e01e98cfbdf5891_BAIDAI_ORTHONGEL.JPG,dda1a58d12911f8c4e01e98cfbdf5891,ALN-Aluterus-scriptus,dda1a58d12911f8c4e01e98cfbdf5891,OI,Senne,20141010,BACKUP_IOTA_20250207/OCUP-OB/OI-700/711_OI_20141010-20141108_BAIDAI_SAPMER_BELLE ISLE/OI_20141010-20141108_BAIDAI_SAPMER_BELLE ISLE_Photos/PHOTOS/Especes/ALN (3).JPG
ALN_ea8b45679d45e610e47186c298577e4f_DAO_ORTHONGEL.JPG,ea8b45679d45e610e47186c298577e4f,ALN-Aluterus-scriptus,ea8b45679d45e610e47186c298577e4f,OA,Senne,20170204,BACKUP_IOTA_20250207/OCUP-OB/OA-300/482_OA_20170204-20170321_DAO_SQT_VIAMISTRAL/OA_20170204-20170321_DAO_SQT_VIAMISTRAL_Photos/5-PHOTOS/SAM_1715.JPG
ALS_2059a8117bfa8141ba672118c12beedc_KAUFFMANN_IRD.JPG,2059a8117bfa8141ba672118c12beedc,ALS-Carcharhinus-albimarginatus,,OI,Longline,,
ALS_4579a89ecf5eab622b7b0b68fdd2026e_KAUFFMANN_IRD.JPG,4579a89ecf5eab622b7b0b68fdd2026e,ALS-Carcharhinus-albimarginatus,,OI,Longline,,
ALX_ce5930f6e2d1417c35b65ecf911ecc84_KOUAME_ORTHONGEL.JPG,ce5930f6e2d1417c35b65ecf911ecc84,ALX-Alepisaurus-ferox,ce5930f6e2d1417c35b65ecf911ecc84,OA,Senne,20140722,BACKUP_IOTA_20250207/OCUP-OB/OA-300/339c_OA_20140722-20140903_KOUAME_SAUPIQUET_VIA EUROS/OA_20140722-20140903_KOUAME_SAUPIQUET_VIAEUROS_Photos/PHOTOS/GES.JPG
BAF_009c5f411ab5a560d525593fa192f386_WILLAUME_IRD.JPG,009c5f411ab5a560d525593fa192f386,BAF-Ablennes-hians,009c5f411ab5a560d525593fa192f386,OI,Senne,20070723,BACKUP_IOTA_20250207/DCF Senne (IRD)/OI-200/217_OI_20070723-20070903_WILLAUME_CMB_STERENN/OI_20070723-20070903_WILLAUME_CMB_STERENN_Photos/22Belonidae/DSC00003.JPG
BAF_07d356fbfcab24464d6d4df4f4ab964b_COCONI_IRD.JPG,07d356fbfcab24464d6d4df4f4ab964b,BAF-Ablennes-hians,07d356fbfcab24464d6d4df4f4ab964b,OI,Senne,20180930,BACKUP_IOTA_20250207/DCF Senne (IRD)/OI-200/297b_OI_20180930-20181105_COCONI_SAP_DOLOMIEU/OI_20180930-20181105_COCONI_SAP_DOLOMIEU_Photos/pêche 3 shiftage/PA063155.JPG
BAF_0b4b064f52bcb79251c7f52f96f9149d_BOURASSEAU_TAAF.JPG,0b4b064f52bcb79251c7f52f96f9149d,BAF-Ablennes-hians,0b4b064f52bcb79251c7f52f96f9149d,OI,Senne,20150310,BACKUP_IOTA_20250207/DCF Senne (TAAF)/2015/15-1_Bourasseau_BERNICA/OI_20150310-20150425_BOURASSEAU_BERNICA_Photos/Calée 51/P1030882.JPG
BAF_130dbd2bf861cc028fff0e4d97886a35_COCONI_IRD.JPG,130dbd2bf861cc028fff0e4d97886a35,BAF-Ablennes-hians,130dbd2bf861cc028fff0e4d97886a35,OI,Senne,20180930,BACKUP_IOTA_20250207/DCF Senne (IRD)/OI-200/297b_OI_20180930-20181105_COCONI_SAP_DOLOMIEU/OI_20180930-20181105_COCONI_SAP_DOLOMIEU_Photos/pêche 23 COUP NUL/PA253564.JPG
BAF_15155ebeb339af07f20498c024d593b3_BOUTIGNY_TAAF.JPG,15155ebeb339af07f20498c024d593b3,BAF-Ablennes-hians,15155ebeb339af07f20498c024d593b3,OI,Senne,20160430,BACKUP_IOTA_20250207/DCF Senne (TAAF)/2016/16-2_OI_20160430-20160703_BOUTIGNY_SAPMER_BERNICA/OI_20160430-20160703_BOUTIGNY_SAPMER_BERNICA_Photos/P6240001.JPG
BAF_16176381048e149077937f3f414135ac_BONNIEUX_ORTHONGEL.JPG,16176381048e149077937f3f414135ac,BAF-Ablennes-hians,16176381048e149077937f3f414135ac,OA,Senne,20130910,BACKUP_IOTA_20250207/OCUP-OB/OA-300/304b_20130910-20130924_BONNIEUX_SPQ_VIAEUROS/OA_130910-130924_Bonnieux_SPQ_VIAEUROS_Photos/DSCF1196.JPG
BAF_19b9c72fe376aae5229db7cafff7aca2_COCONI_IRD.JPG,19b9c72fe376aae5229db7cafff7aca2,BAF-Ablennes-hians,19b9c72fe376aae5229db7cafff7aca2,OI,Senne,20180930,BACKUP_IOTA_20250207/DCF Senne (IRD)/OI-200/297b_OI_20180930-20181105_COCONI_SAP_DOLOMIEU/OI_20180930-20181105_COCONI_SAP_DOLOMIEU_Photos/pêche 3 shiftage/PA063153.JPG
BAF_1b41d3561522d722cfdcfd38c73b3580_BOUTIGNY_TAAF.JPG,1b41d3561522d722cfdcfd38c73b3580,BAF-Ablennes-hians,1b41d3561522d722cfdcfd38c73b3580,OI,Senne,20160430,BACKUP_IOTA_20250207/DCF Senne (TAAF)/2016/16-2_OI_20160430-20160703_BOUTIGNY_SAPMER_BERNICA/OI_20160430-20160703_BOUTIGNY_SAPMER_BERNICA_Photos/P6240002.JPG
BAF_1d12d1864e653a096b8d99588b49c58b_COCONI_ORTHONGEL.JPG,1d12d1864e653a096b8d99588b49c58b,BAF-Ablennes-hians,,OI,Longline,,
BAF_1d79b2f3ccc671907d98a6e561be6b50_COCONI_IRD.JPG,1d79b2f3ccc671907d98a6e561be6b50,BAF-Ablennes-hians,1d79b2f3ccc671907d98a6e561be6b50,OI,Senne,20180901,BACKUP_IOTA_20250207/DCF Senne (IRD)/OI-200/297a_OI_20180901-20180927_COCONI_SAP_DOLOMIEU/OI_20180901-20180927_COCONI_SAP_DOLOMIEU_Photos/pêche 11/P9162880.JPG
BAF_22d011ff87f042b1990e645a4e0bd18e_LEDANTEC_IRD.JPG,22d011ff87f042b1990e645a4e0bd18e,BAF-Ablennes-hians,22d011ff87f042b1990e645a4e0bd18e,OI,Senne,20140716,BACKUP_IOTA_20250207/DCF Senne (IRD)/OI-200/262b_OI_20140716-20140818_LE DANTEC_SAP_DOLOMIEU/OI_20140716-20140818_LE DANTEC_SAPMER_DOLOMIEU_Photos/Photos poissons rejet/14_BAF.JPG
BAF_259d597b5e11e07ff65c8daae102fa13_COCONI_IRD.JPG,259d597b5e11e07ff65c8daae102fa13,BAF-Ablennes-hians,259d597b5e11e07ff65c8daae102fa13,OI,Senne,20180901,BACKUP_IOTA_20250207/DCF Senne (IRD)/OI-200/297a_OI_20180901-20180927_COCONI_SAP_DOLOMIEU/OI_20180901-20180927_COCONI_SAP_DOLOMIEU_Photos/pêche 15/P9182888.JPG
BAF_29c86582754df392583931b283f96ab8_WILLAUME_IRD.JPG,29c86582754df392583931b283f96ab8,BAF-Ablennes-hians,29c86582754df392583931b283f96ab8,OI,Senne,20070723,BACKUP_IOTA_20250207/DCF Senne (IRD)/OI-200/217_OI_20070723-20070903_WILLAUME_CMB_STERENN/OI_20070723-20070903_WILLAUME_CMB_STERENN_Photos/22Belonidae/DSC00001.JPG
BAF_3548043f8f826ea912c4a9ab5ac86d7a_VEGA_IRD.JPG,3548043f8f826ea912c4a9ab5ac86d7a,BAF-Ablennes-hians,3548043f8f826ea912c4a9ab5ac86d7a,OI,Senne,20180922,BACKUP_IOTA_20250207/DCF Senne (IRD)/OI-200/296a_OI_20180922-20181023_VEGA_CFTO_TREVIGNON/OI_20180922-20181023_VEGA_CFTO_TREVIGNON_Photos/DSCF0691.JPG
BAF_4187f4dc0ea2a089aaf8e4abb8455c07_COCONI_IRD.JPG,4187f4dc0ea2a089aaf8e4abb8455c07,BAF-Ablennes-hians,4187f4dc0ea2a089aaf8e4abb8455c07,OI,Senne,20180901,BACKUP_IOTA_20250207/DCF Senne (IRD)/OI-200/297a_OI_20180901-20180927_COCONI_SAP_DOLOMIEU/OI_20180901-20180927_COCONI_SAP_DOLOMIEU_Photos/pêche 11/P9162878.JPG
BAF_423dbfff1e9c3ea99bbc7089a049591c_CALLOUET_ORTHONGEL.JPG,423dbfff1e9c3ea99bbc7089a049591c,BAF-Ablennes-hians,423dbfff1e9c3ea99bbc7089a049591c,OI,Senne,20131123,BACKUP_IOTA_20250207/OCUP-OB/OI-700/702a_OI_20131123-20131216_CALLOUET_SAP_MANAPANY/OI_20131123-20131216_CALLOUET_MANAPANY_Photos/Poissons/Ablennes hians (BAF) Aiguillette.JPG
BAF_500f1173c32c08ca52f61144d0103005_CAUQUIL_IRD.JPG,500f1173c32c08ca52f61144d0103005,BAF-Ablennes-hians,500f1173c32c08ca52f61144d0103005,OI,Senne,20120705,BACKUP_IOTA_20250207/DCF Senne (IRD)/OI-200/251_OI_20120705_20120808_CAUQUIL_CFTO_TORRE GIULIA/OI_20120705_20120808_CAUQUIL_CFTO_TORRE GIULIA_Photos/IMG_4504.JPG
BAF_6374c9e1b091bb3b48f2281a0b78c728_KOUAKOU_ORTHONGEL.JPG,6374c9e1b091bb3b48f2281a0b78c728,BAF-Ablennes-hians,6374c9e1b091bb3b48f2281a0b78c728,OA,Senne,20150712,BACKUP_IOTA_20250207/OCUP-OB/OA-300/389a_OA_20150712-20150729_KOUAKOU_CFTO_AVEL VOR/OA_20150712-20150729_KOUAKOU_CFTO_AVELVOR_Photos/PHOTOS/ESPECES/46.JPG
BAF_656e8e813634a97eba43745e37aac58b_COCONI_IRD.JPG,656e8e813634a97eba43745e37aac58b,BAF-Ablennes-hians,656e8e813634a97eba43745e37aac58b,OI,Senne,20180901,BACKUP_IOTA_20250207/DCF Senne (IRD)/OI-200/297a_OI_20180901-20180927_COCONI_SAP_DOLOMIEU/OI_20180901-20180927_COCONI_SAP_DOLOMIEU_Photos/pêche 15/P9182889.JPG
BAF_7206d7ca00c6c306cd0ce8e3e2fc6e49_GUILLON_TAAF.JPG,7206d7ca00c6c306cd0ce8e3e2fc6e49,BAF-Ablennes-hians,7206d7ca00c6c306cd0ce8e3e2fc6e49,OI,Senne,20160507,BACKUP_IOTA_20250207/DCF Senne (TAAF)/2016/16-4_OI_20160507-20160712_GUILLON_SAPMER_FRANCHETERRE/OI_20160507-20160712_GUILLON_SAPMER_FRANCHETERRE_Photos/Espèces accessoires/BAF.JPG
BAF_7c6ac4be3536d06089f3523e16096390_KOUAKOU_ORTHONGEL.JPG,7c6ac4be3536d06089f3523e16096390,BAF-Ablennes-hians,7c6ac4be3536d06089f3523e16096390,OA,Senne,20150712,BACKUP_IOTA_20250207/OCUP-OB/OA-300/389a_OA_20150712-20150729_KOUAKOU_CFTO_AVEL VOR/OA_20150712-20150729_KOUAKOU_CFTO_AVELVOR_Photos/PHOTOS/ESPECES/47.JPG
BAF_806460e2f9bf7f8ec3c85425934bc481_ALLARD_ORTHONGEL.JPG,806460e2f9bf7f8ec3c85425934bc481,BAF-Ablennes-hians,806460e2f9bf7f8ec3c85425934bc481,OA,Senne,20140425,BACKUP_IOTA_20250207/OCUP-OB/OA-300/327_OA_20140425-20140603_ALLARD_SPQ_VIA HARMATTAN/OA_20140425-20140603_ALLARD_SPQ_VIA HARMATTAN_Photos/Photos/photo ocup allard/especes/DSCF0428.JPG
BAF_8b5adab94ba28e0e8711986bdf1744cd_LEBORGNE_IRD.JPG,8b5adab94ba28e0e8711986bdf1744cd,BAF-Ablennes-hians,8b5adab94ba28e0e8711986bdf1744cd,OI,Senne,20140126,BACKUP_IOTA_20250207/DCF Senne (IRD)/OI-200/261_OI_20140126-20140311_LE BORGNE_CFTO_TORREGIULIA/OI_20140126-20140311_LEBORGNE_CFTO_TorreGiulia_Photos/Espèces/11.JPG
BAF_91fe0bcbcd16ae01346cd508fdb40e79_COCONI_IRD.JPG,91fe0bcbcd16ae01346cd508fdb40e79,BAF-Ablennes-hians,91fe0bcbcd16ae01346cd508fdb40e79,OI,Senne,20180930,BACKUP_IOTA_20250207/DCF Senne (IRD)/OI-200/297b_OI_20180930-20181105_COCONI_SAP_DOLOMIEU/OI_20180930-20181105_COCONI_SAP_DOLOMIEU_Photos/pêche 23 COUP NUL/PA253563.JPG
BAF_996a733c1e15464c80cde40463abc57c_EKPO_ORTHONGEL.jpg,996a733c1e15464c80cde40463abc57c,BAF-Ablennes-hians,996a733c1e15464c80cde40463abc57c,OI,Senne,20200118,BACKUP_IOTA_20250207/OCUP-OB/OI-700/908b_OI_ 20200118-20200224_EKPO_SAPMER_BERNICA/OI_ 20200118-20200224_EKPO_SAPMER_BERNICA_Photos/Autres-Poissons/BAF.jpg
BAF_9f897df494f52103ca69b5fc4d20fee7_QUASHIE_ORTHONGEL.JPG,9f897df494f52103ca69b5fc4d20fee7,BAF-Ablennes-hians,9f897df494f52103ca69b5fc4d20fee7,OA,Senne,20140628,BACKUP_IOTA_20250207/OCUP-OB/OA-300/333_OA_20140628-20140722_QUASHIE_SAUPIQUET_VIA HARMATTAN/OA_20140628_20140722_QUASHIE_SAUPIQUET_VIAHARMATTAN_Photos/5-PHOTOS/ESPECE/DSC00885.JPG
BAF_a9c0d9c3ce6fb8346f96acd0fe860ae3_COCONI_IRD.JPG,a9c0d9c3ce6fb8346f96acd0fe860ae3,BAF-Ablennes-hians,a9c0d9c3ce6fb8346f96acd0fe860ae3,OI,Senne,20180901,BACKUP_IOTA_20250207/DCF Senne (IRD)/OI-200/297a_OI_20180901-20180927_COCONI_SAP_DOLOMIEU/OI_20180901-20180927_COCONI_SAP_DOLOMIEU_Photos/pêche 15/P9182887.JPG
BAF_b28bb1f00d39bb03ad6fedd61920be78_WILLAUME_IRD.JPG,b28bb1f00d39bb03ad6fedd61920be78,BAF-Ablennes-hians,b28bb1f00d39bb03ad6fedd61920be78,OI,Senne,20070723,BACKUP_IOTA_20250207/DCF Senne (IRD)/OI-200/217_OI_20070723-20070903_WILLAUME_CMB_STERENN/OI_20070723-20070903_WILLAUME_CMB_STERENN_Photos/22Belonidae/DSC00002.JPG
BAF_b6f1a51d82626a221fd602df411d7075_KOFFI_ORTHONGEL.JPG,b6f1a51d82626a221fd602df411d7075,BAF-Ablennes-hians,b6f1a51d82626a221fd602df411d7075,OA,Senne,20140913,BACKUP_IOTA_20250207/OCUP-OB/OA-300/346_OA_20140913-20141031_KOFFI_CFTO_GUEOTEC/OA_20140913-20141031_KOFFI_CFTO_GUEOTEC_Photos/PHOTOS/photo_marée_Guéotec/3.JPG
BAF_bcabfdec7ef028ed9cc379bd0eecaed5_COCONI_IRD.JPG,bcabfdec7ef028ed9cc379bd0eecaed5,BAF-Ablennes-hians,bcabfdec7ef028ed9cc379bd0eecaed5,OI,Senne,20180930,BACKUP_IOTA_20250207/DCF Senne (IRD)/OI-200/297b_OI_20180930-20181105_COCONI_SAP_DOLOMIEU/OI_20180930-20181105_COCONI_SAP_DOLOMIEU_Photos/pêche 1/PA013027.JPG
BAF_bd285a9dd2b40474aec7f85b33fc8a61_CAUQUIL_IRD.JPG,bd285a9dd2b40474aec7f85b33fc8a61,BAF-Ablennes-hians,bd285a9dd2b40474aec7f85b33fc8a61,OI,Senne,20120705,BACKUP_IOTA_20250207/DCF Senne (IRD)/OI-200/251_OI_20120705_20120808_CAUQUIL_CFTO_TORRE GIULIA/OI_20120705_20120808_CAUQUIL_CFTO_TORRE GIULIA_Photos/IMG_4505.JPG
BAF_bdae13daaa92087c45d318f85b5079b7_COCONI_IRD.JPG,bdae13daaa92087c45d318f85b5079b7,BAF-Ablennes-hians,bdae13daaa92087c45d318f85b5079b7,OI,Senne,20180930,BACKUP_IOTA_20250207/DCF Senne (IRD)/OI-200/297b_OI_20180930-20181105_COCONI_SAP_DOLOMIEU/OI_20180930-20181105_COCONI_SAP_DOLOMIEU_Photos/pêche 23 COUP NUL/PA253565.JPG
BAF_be6920e4a5c5cf65245b885d02cf7d91_COCONI_IRD.JPG,be6920e4a5c5cf65245b885d02cf7d91,BAF-Ablennes-hians,be6920e4a5c5cf65245b885d02cf7d91,OI,Senne,20180901,BACKUP_IOTA_20250207/DCF Senne (IRD)/OI-200/297a_OI_20180901-20180927_COCONI_SAP_DOLOMIEU/OI_20180901-20180927_COCONI_SAP_DOLOMIEU_Photos/pêche 11/P9162879.JPG
BAF_ccafa891ae6d5bfe6cdff33a7cacebec_COCONI_IRD.JPG,ccafa891ae6d5bfe6cdff33a7cacebec,BAF-Ablennes-hians,ccafa891ae6d5bfe6cdff33a7cacebec,OI,Senne,20180930,BACKUP_IOTA_20250207/DCF Senne (IRD)/OI-200/297b_OI_20180930-20181105_COCONI_SAP_DOLOMIEU/OI_20180930-20181105_COCONI_SAP_DOLOMIEU_Photos/pêche 3 shiftage/PA063157.JPG
BAF_d803ba6dc86ba790e12ad4d1f07b762a_BOURASSEAU_ORTHONGEL.JPG,d803ba6dc86ba790e12ad4d1f07b762a,BAF-Ablennes-hians,d803ba6dc86ba790e12ad4d1f07b762a,OI,Senne,20160906,BACKUP_IOTA_20250207/OCUP-OB/OI-700/766a_OI_20160906-20160922_BOURASSEAU_SAP_BELOUVE/OI_20160906-20161011_BOURASSEAU_SAP_BELOUVE_Photos/DSCF0463.JPG
BAF_ec179326f4ee5844d72c9c9d4acc0690_KOUAME_ORTHONGEL.JPG,ec179326f4ee5844d72c9c9d4acc0690,BAF-Ablennes-hians,ec179326f4ee5844d72c9c9d4acc0690,OA,Senne,20160919,BACKUP_IOTA_20250207/OCUP-OB/OA-300/454_OA_20160919-20161025_KOUAME_SQT_VIAMISTRAL/OA_20160919-20161025_KOUAME_SQT_VIAMISTRAL_Photos/5-PHOTOS/Espèce/BTS (1).JPG
BAO_057559e571b93e9f3ce8fc51cd1e0a5c_POIRIER_IRD.JPG,057559e571b93e9f3ce8fc51cd1e0a5c,BAO-Platax-teira,057559e571b93e9f3ce8fc51cd1e0a5c,OI,Senne,20200804,BACKUP_IOTA_20250207/DCF Senne (IRD)/OI-200/1215a_OI_20200804-20200913_POIRIER_SAPMER_DOLOMIEU/OI_20200804-20200913_POIRIER_SAPMER_DOLOMIEU_Photos/Calée 2/Calée2 (11_BAO.JPG
BAO_08ac6abb2c3b543bc675e80b81c3ca72_HUBERT_IRD.JPG,08ac6abb2c3b543bc675e80b81c3ca72,BAO-Platax-teira,08ac6abb2c3b543bc675e80b81c3ca72,OI,Senne,20061130,BACKUP_IOTA_20250207/DCF Senne (IRD)/OI-200/205a_OI_20061130-20061205_HUBERT_CMB_AVEL VAD/OI_20061130-20070116_HUBERT_CMB_AVEL VAD_Photos/CD2/POISSONS/PC270101.JPG
BAO_120142c213467bb8cce3d1b410e632fa_COCONI_TAAF.JPG,120142c213467bb8cce3d1b410e632fa,BAO-Platax-teira,120142c213467bb8cce3d1b410e632fa,OI,Senne,20180303,BACKUP_IOTA_20250207/DCF Senne (TAAF)/2018/18-1a_OI_20180303_20180329_COCONI_CFTO_GLENAN/OI_20180303_20180329_COCONI_CFTO_GLENAN_Photos/P3140367.JPG
BAO_19050b13941d24a45270c8a0ba4e5e41_WINKLER_IRD.jpg,19050b13941d24a45270c8a0ba4e5e41,BAO-Platax-teira,,OI,Longline,,
BAO_19425b64befb0f23a4ec02387bcb2feb_BAILLOUT_TAAF.JPG,19425b64befb0f23a4ec02387bcb2feb,BAO-Platax-teira,19425b64befb0f23a4ec02387bcb2feb,,Senne,20151505,BACKUP_IOTA_20250207/DCF Senne (TAAF)/2015/15-5a&b_Baillout_BELOUVE/Copie CD 1/photos marée/IMG_9187.JPG
BAO_1aa89acfce8d5794df5e184b5ca71d0a_RADEGONDE_ORTHONGEL.JPG,1aa89acfce8d5794df5e184b5ca71d0a,BAO-Platax-teira,1aa89acfce8d5794df5e184b5ca71d0a,OI,Senne,20191004,BACKUP_IOTA_20250207/OCUP-OB/OI-700/913a_OI_20191004-20191030_RADEGONDE_SAP_BELLEISLE/OI_20191004-20191030_RADEGONDE_SAP_BELLEISLE_Photos/DSCF1167.JPG
BAO_1b10fbd9326a1044bf4ec90eb1e74bc4_VEGA_IRD.JPG,1b10fbd9326a1044bf4ec90eb1e74bc4,BAO-Platax-teira,1b10fbd9326a1044bf4ec90eb1e74bc4,OI,Senne,20180922,BACKUP_IOTA_20250207/DCF Senne (IRD)/OI-200/296a_OI_20180922-20181023_VEGA_CFTO_TREVIGNON/OI_20180922-20181023_VEGA_CFTO_TREVIGNON_Photos/DSCN0572.JPG
BAO_1f2f897f0097d384e8f5ead836aeeef0_VEGA_IRD.JPG,1f2f897f0097d384e8f5ead836aeeef0,BAO-Platax-teira,1f2f897f0097d384e8f5ead836aeeef0,OI,Senne,20190103,BACKUP_IOTA_20250207/DCF Senne (IRD)/OI-200/1200a_OI_20190103-20190129_VEGA_SAP_BERNICA/OI_20190103-20190129_VEGA_SAP_BERNICA_Photos/DSCF4045.JPG
BAO_4c09f1f49241523ba120f408a4752f17_RADEGONDE_ORTHONGEL.JPG,4c09f1f49241523ba120f408a4752f17,BAO-Platax-teira,4c09f1f49241523ba120f408a4752f17,OI,Senne,20180914,BACKUP_IOTA_20250207/OCUP-OB/OI-700/874a_OI_20180914-20181008_RADEGONDE_SAP_BELOUVE/OI_20180914-20181008_RADEGONDE_SAP_BELOUVE_Photos/DSCF0717.JPG
BAO_5013fa81d828ab43c97a4cfbc4d49bfb_WINKLER_IRD (1).jpg,5013fa81d828ab43c97a4cfbc4d49bfb,BAO-Platax-teira,,OI,Longline,,
BAO_6efdb467990d31b15a274ab6935aa8bc_EKPO_ORTHONGEL.jpg,6efdb467990d31b15a274ab6935aa8bc,BAO-Platax-teira,6efdb467990d31b15a274ab6935aa8bc,OI,Senne,20200118,BACKUP_IOTA_20250207/OCUP-OB/OI-700/908b_OI_ 20200118-20200224_EKPO_SAPMER_BERNICA/OI_ 20200118-20200224_EKPO_SAPMER_BERNICA_Photos/Autres-Poissons/BAO.jpg
BAO_77030148372602f4ed67ae329f7ba90e_JAOUEN_IRD.JPG,77030148372602f4ed67ae329f7ba90e,BAO-Platax-teira,77030148372602f4ed67ae329f7ba90e,OI,Senne,20120929,BACKUP_IOTA_20250207/DCF Senne (IRD)/OI-200/254_OI_20120929-20121102_JAOUEN_CFTO_TORRE GIULIA/OI_120929-121102_Jaouen_CFTO_TORRE GIULIA_Photos/fish/4 BAO platax/DSCF1193.JPG
BAO_7de7c043f7e0e09f9e5536b1c6e276d2_COCONI_TAAF.JPG,7de7c043f7e0e09f9e5536b1c6e276d2,BAO-Platax-teira,7de7c043f7e0e09f9e5536b1c6e276d2,OI,Senne,20180303,BACKUP_IOTA_20250207/DCF Senne (TAAF)/2018/18-1a_OI_20180303_20180329_COCONI_CFTO_GLENAN/OI_20180303_20180329_COCONI_CFTO_GLENAN_Photos/P3250953.JPG
BAO_8091a1f8f5a8cbecab5726f199951757_RAKOTONIRINA_ORTHONGEL.JPG,8091a1f8f5a8cbecab5726f199951757,BAO-Platax-teira,8091a1f8f5a8cbecab5726f199951757,OI,Senne,20190725,BACKUP_IOTA_20250207/OCUP-OB/OI-700/891c_OI_20190725-20190818_RAKOTONIRINA_SAP_MANAPANY/OI_20190725-20190818_RAKOTONIRINA_SAP_MANAPANY_Photos/Calée 3/DSCF3944.JPG
BAO_a00bb22befdcbe53fbd6075a119e1056_WILLAUME_IRD.JPG,a00bb22befdcbe53fbd6075a119e1056,BAO-Platax-teira,a00bb22befdcbe53fbd6075a119e1056,OI,Senne,20070723,BACKUP_IOTA_20250207/DCF Senne (IRD)/OI-200/217_OI_20070723-20070903_WILLAUME_CMB_STERENN/OI_20070723-20070903_WILLAUME_CMB_STERENN_Photos/12Plataxteira.JPG
BAO_a37946bd4d6a7e6bc5303bff87dc19c3_PASSICOS_IRD.JPG,a37946bd4d6a7e6bc5303bff87dc19c3,BAO-Platax-teira,a37946bd4d6a7e6bc5303bff87dc19c3,OI,Senne,20201016,BACKUP_IOTA_20250207/DCF Senne (IRD)/OI-200/1217a_OI_20201016-20201116_PASSICOS_SAPMER_BERNICA/OI_20201016-20201116_PASSICOS_SAPMER_BERNICA_Photos/07-11-2020/Calée32/IMG_1592_BAO1.JPG
BAO_aa9e43461291653d1d37f79b9066e369_KOSSONOU_ORTHONGEL.JPG,aa9e43461291653d1d37f79b9066e369,BAO-Platax-teira,aa9e43461291653d1d37f79b9066e369,OI,Senne,20170412,BACKUP_IOTA_20250207/OCUP-OB/OI-700/799b_OI_20170412-20170509_KOSSONOU_CFTO_CAPSAINTVINCENT/OI_20170412-20170509_KOSSONOU_CFTO_CAPSAINTVINCENT_Photos/SAM_1053.JPG
BAO_aac8e825c89d411dcc074b10d741f925_RAKOTONIRINA_ORTHONGEL.JPG,aac8e825c89d411dcc074b10d741f925,BAO-Platax-teira,aac8e825c89d411dcc074b10d741f925,OI,Senne,20190725,BACKUP_IOTA_20250207/OCUP-OB/OI-700/891c_OI_20190725-20190818_RAKOTONIRINA_SAP_MANAPANY/OI_20190725-20190818_RAKOTONIRINA_SAP_MANAPANY_Photos/Calée 7/DSCF3972.JPG
BAO_ad088627f6544a09eb67a8869e85ae77_COCONI_TAAF.JPG,ad088627f6544a09eb67a8869e85ae77,BAO-Platax-teira,ad088627f6544a09eb67a8869e85ae77,OI,Senne,20180303,BACKUP_IOTA_20250207/DCF Senne (TAAF)/2018/18-1a_OI_20180303_20180329_COCONI_CFTO_GLENAN/OI_20180303_20180329_COCONI_CFTO_GLENAN_Photos/P3140375.JPG
BAO_af09dac3ec6f9fd729a953d981ae98f9_SIMON_IRD.JPG,af09dac3ec6f9fd729a953d981ae98f9,BAO-Platax-teira,af09dac3ec6f9fd729a953d981ae98f9,OI,Senne,20131020,BACKUP_IOTA_20250207/DCF Senne (IRD)/OI-200/259_OI_20131020-20131202_SIMON_CFTO_TORRE GIULIA/OI_20131020-20131202_Simon_CFTO_TORRE GIULIA_Photos/45.JPG
BAO_b67a326e7280174f0ce9f326eb141770_SIMON_IRD.JPG,b67a326e7280174f0ce9f326eb141770,BAO-Platax-teira,b67a326e7280174f0ce9f326eb141770,OI,Senne,20111204,BACKUP_IOTA_20250207/DCF Senne (IRD)/OI-200/246_OI_20111204-20111222_SIMON_SAP_BERNICA/OI_20111204-20111222_Simon_SAP_BERNICA_Photos/Photos poissons M1/15.JPG
BAO_bddbbfc924e30420a4ad6a4e520f21ba_WINKLER_IRD.jpg,bddbbfc924e30420a4ad6a4e520f21ba,BAO-Platax-teira,,OI,Longline,,
BAO_c8a47aef932380f4833d66bda34ad0fa_KOSSONOU_ORTHONGEL.JPG,c8a47aef932380f4833d66bda34ad0fa,BAO-Platax-teira,c8a47aef932380f4833d66bda34ad0fa,OI,Senne,20170412,BACKUP_IOTA_20250207/OCUP-OB/OI-700/799b_OI_20170412-20170509_KOSSONOU_CFTO_CAPSAINTVINCENT/OI_20170412-20170509_KOSSONOU_CFTO_CAPSAINTVINCENT_Photos/SAM_1031.JPG
BAO_d659f840248aaa5a8f9ee21582afb214_WINKLER_IRD.jpg,d659f840248aaa5a8f9ee21582afb214,BAO-Platax-teira,,OI,Longline,,
BAO_f745fa6b12891deb2bc8c1021fac22af_LEGUILLOU_IRD.JPG,f745fa6b12891deb2bc8c1021fac22af,BAO-Platax-teira,f745fa6b12891deb2bc8c1021fac22af,OI,Senne,20150219,BACKUP_IOTA_20250207/DCF Senne (IRD)/OI-200/270_OI_20150219-20150407_LE GUILLOU_CFTO_TORRE GIULIA/OI_20150219-20150407_LE GUILLOU_CFTO_TORRE GIULIA_Photos/PHOTOS/DSCF9794.JPG
BAO_fcbc8ad7f326726c6944566f082c7f54_MISTOIHI_ORTHONGEL.JPG,fcbc8ad7f326726c6944566f082c7f54,BAO-Platax-teira,fcbc8ad7f326726c6944566f082c7f54,OI,Senne,20150801,BACKUP_IOTA_20250207/OCUP-OB/OI-700/734a_OI_20150801-20150821_MISTOIHI_SAP_FRANCHE TERRE/OI_20150801-20150821_MISTOIHI_SAP_FRANCHE TERRE_Photos/DSCF0130.JPG
BET_00a96f23190b17a28ec4cda5bf8a5533_SPADONI_IRD.JPG,00a96f23190b17a28ec4cda5bf8a5533,BET-Thunnus-obesus,00a96f23190b17a28ec4cda5bf8a5533,OI,Senne,20190921,BACKUP_IOTA_20250207/DCF Senne (IRD)/OI-200/1209b_OI_20190921-20191027_SPADONI_SAP_MANAPANY/OI_20190921-20191027_SPADONI_SAP_MANAPANY_Photos/BET_juvenil_051019_03a.JPG
BET_072ecdf269ee981e6ee162d328a7bf96_CHAPUIS_IRD.JPG,072ecdf269ee981e6ee162d328a7bf96,BET-Thunnus-obesus,072ecdf269ee981e6ee162d328a7bf96,OI,Senne,20110720,BACKUP_IOTA_20250207/DCF Senne (IRD)/OI-200/244_OI_20110720-20110825_CHAPUIS_CFTO_TORRE GIULIA/OI_20110720-20110825_Chapuis_CFTO_TORRE GIULIA_Photos/Identif Especes/Thonides/BETjuv/SDC10264.JPG
BET_142c8c1094092c692a0d3a7967092425_CUILLANDRE_IRD.JPG,142c8c1094092c692a0d3a7967092425,BET-Thunnus-obesus,142c8c1094092c692a0d3a7967092425,OA,Senne,20121107,BACKUP_IOTA_20250207/DCF Senne (IRD)/OA-100/143_OA_20121107-20121126_CUILLANDRE_CFTO_GUERIDEN/OA_20121107-20121126_Cuillandre_CFTO_GUERIDEN_Photos/DSC_0321.JPG
BET_223b7513dfbf9d2e0a863d61df8cf4a9_CHAPUIS_IRD.JPG,223b7513dfbf9d2e0a863d61df8cf4a9,BET-Thunnus-obesus,223b7513dfbf9d2e0a863d61df8cf4a9,OI,Senne,20110720,BACKUP_IOTA_20250207/DCF Senne (IRD)/OI-200/244_OI_20110720-20110825_CHAPUIS_CFTO_TORRE GIULIA/OI_20110720-20110825_Chapuis_CFTO_TORRE GIULIA_Photos/Identif Especes/Thonides/BETjuv/BET.JPG
BET_2fafb1c7c79ee6a34bcbb1bad753f5bd_TREMBLAU_IRD.jpg,2fafb1c7c79ee6a34bcbb1bad753f5bd,BET-Thunnus-obesus,2fafb1c7c79ee6a34bcbb1bad753f5bd,OI,Senne,20070721,"BACKUP_IOTA_20250207/DCF Senne (IRD)/OI-200/215_OI_20070721-20070822_TREMBLAU_CMB_CAP STE MARIE/OI_20070721-20070822_TREMBLAU_CMB_CAP STE MARIE_Photos/2007-08-15, CSM/CSM calee3 (27-07-07) 024.jpg"
BET_4ac01c7e1355535af692529550fd33c3_PROTAT_IRD.JPG,4ac01c7e1355535af692529550fd33c3,BET-Thunnus-obesus,4ac01c7e1355535af692529550fd33c3,OA,Senne,20121209,BACKUP_IOTA_20250207/DCF Senne (IRD)/OA-100/145a_OA_20121209-20130118_PROTAT_SPQ_VIA EUROS/OA_20121209-20130118_Protat_SPQ_VIAEUROS_Photos/IMG_1038.JPG
BET_6f6b82032bae552d64bfaf0535b54bcf_LEFOL_IRD.JPG,6f6b82032bae552d64bfaf0535b54bcf,BET-Thunnus-obesus,6f6b82032bae552d64bfaf0535b54bcf,OA,Senne,20090913,BACKUP_IOTA_20250207/DCF Senne (IRD)/OA-100/113_OA_20090913-20091021_LEFOL_SPQ_VIA EUROS/OA_20090913-20091021_Le Fol_SPQ_VIA EUROS_Photos/photos especes/BET/BET1.JPG
BET_6fae0d066b9befb97315ffb2db4a8ee1_MISOIHI_ORTHONGEL.JPG,6fae0d066b9befb97315ffb2db4a8ee1,BET-Thunnus-obesus,6fae0d066b9befb97315ffb2db4a8ee1,OI,Senne,20150801,BACKUP_IOTA_20250207/OCUP-OB/OI-700/734a_OI_20150801-20150821_MISTOIHI_SAP_FRANCHE TERRE/OI_20150801-20150821_MISTOIHI_SAP_FRANCHE TERRE_Photos/DSCF0231.JPG
BET_92c2181ef5e2f73458adb16440567b4f_SINON_ORTHONGEL.JPG,92c2181ef5e2f73458adb16440567b4f,BET-Thunnus-obesus,92c2181ef5e2f73458adb16440567b4f,OI,Senne,20150926,BACKUP_IOTA_20250207/OCUP-OB/OI-700/740a_OI_20150926-20151028_SINON_SAP_BELLE ISLE/OI_20150926-20151028_SINON_SAP_BELLE ISLE_Photos-pb-dates/DSCF0158.JPG
BET_a8549f47f0d3f20e842b29096abaa6ce_DERRIDJ_IRD.jpg,a8549f47f0d3f20e842b29096abaa6ce,BET-Thunnus-obesus,a8549f47f0d3f20e842b29096abaa6ce,OA,Senne,20090705,BACKUP_IOTA_20250207/DCF Senne (IRD)/OA-100/112_OA_20090705_20090821_DERRIDJ_CMB_MEN GOE/OA_20090705_20090821_Derridj_CMB_MEN GOE_Photos/PHOTO 21 BET Thunnus obesus.jpg
BET_aa18ef9ba7e9e5fe12402e16022a8980_RAKOTONIRINA_ORTHONGEL.JPG,aa18ef9ba7e9e5fe12402e16022a8980,BET-Thunnus-obesus,aa18ef9ba7e9e5fe12402e16022a8980,OI,Senne,20190708,BACKUP_IOTA_20250207/OCUP-OB/OI-700/891b_OI_20190708-20190722_RAKOTONIRINA_SAP_MANAPANY/OI_20190708-20190722_RAKOTONIRINA_SAP_MANAPANY_Photos/DSCF3862.JPG
BET_ce3ee560eca91e1f3d14dc1851d6e775_HUBERT_IRD.JPG,ce3ee560eca91e1f3d14dc1851d6e775,BET-Thunnus-obesus,ce3ee560eca91e1f3d14dc1851d6e775,OI,Senne,20061130,BACKUP_IOTA_20250207/DCF Senne (IRD)/OI-200/205a_OI_20061130-20061205_HUBERT_CMB_AVEL VAD/OI_20061130-20070116_HUBERT_CMB_AVEL VAD_Photos/CD2/POISSONS/P1080144.JPG
BET_e249e8dd722fc3df7cebe6b33ee234cc_BLE_IRD.JPG,e249e8dd722fc3df7cebe6b33ee234cc,BET-Thunnus-obesus,e249e8dd722fc3df7cebe6b33ee234cc,OA,Senne,20171112,BACKUP_IOTA_20250207/DCF Senne (IRD)/OA-100/186_OA_20171112-20180102_BLE_CFTO_PENDRUC/OA_20171112-20180102_BLE_CFTO_PENDRUC_Photos/Photos poissons marques/ATP 0108982 (1).JPG
BET_e81845e786d984d9a8fc95104e8042d8_JOGUET_ORTHONGEL.JPG,e81845e786d984d9a8fc95104e8042d8,BET-Thunnus-obesus,e81845e786d984d9a8fc95104e8042d8,OI,Senne,20150116,BACKUP_IOTA_20250207/OCUP-OB/OI-700/722a_OI_20150116-20150212_JOGUET_SAPMER_MANAPANY/OI_20150116-20150212_JOGUET_SAPMER_MANAPANY_Photos/espèces/thons/IMG_0521.JPG
BET_eac2a925032bdf2e4d8c7da0e364967e_ABDOUREMANE_ORTHONGEL.JPG,eac2a925032bdf2e4d8c7da0e364967e,BET-Thunnus-obesus,eac2a925032bdf2e4d8c7da0e364967e,OI,Senne,20151022,BACKUP_IOTA_20250207/OCUP-OB/OI-700/741_OI_20151022-20151207_ABDOUREMANE_SAP_BERNICA/OI_20151022-20151207_ABDOUREMANE_SAP_BERNICA_Photos/DSCF4768.JPG
BET_f85d9c9a537f0277264a04ad538d20cc_KOSSONOU_ORTHONGEL.JPG,f85d9c9a537f0277264a04ad538d20cc,BET-Thunnus-obesus,f85d9c9a537f0277264a04ad538d20cc,OA,Senne,20140130,BACKUP_IOTA_20250207/OCUP-OB/OA-300/314b_OA_20140130-20140319_KOSSONOU_CFTO_CAPBOJADOR/OA_20140130_20140319_KOSSONOU_CFTO_CAPBOJADOR_Photos/AUTRE ESPECE/BET.JPG
BET_fc450b8b01bedb192fc73fee140505f3_SPADONI_IRD.JPG,fc450b8b01bedb192fc73fee140505f3,BET-Thunnus-obesus,fc450b8b01bedb192fc73fee140505f3,OI,Senne,20190921,BACKUP_IOTA_20250207/DCF Senne (IRD)/OI-200/1209b_OI_20190921-20191027_SPADONI_SAP_MANAPANY/OI_20190921-20191027_SPADONI_SAP_MANAPANY_Photos/BET_juvenil_051019_03.JPG
BLM_0303453d1ae00632605052c769f70de4_COCONI_IRD.JPG,0303453d1ae00632605052c769f70de4,BLM-Istiompax-indica,0303453d1ae00632605052c769f70de4,OI,Senne,20180930,BACKUP_IOTA_20250207/DCF Senne (IRD)/OI-200/297b_OI_20180930-20181105_COCONI_SAP_DOLOMIEU/OI_20180930-20181105_COCONI_SAP_DOLOMIEU_Photos/pêche 3/PA053141.JPG
BLM_04321faf81d10be3a604ebcf8da67832_MELAN_IRD.jpg,04321faf81d10be3a604ebcf8da67832,BLM-Istiompax-indica,04321faf81d10be3a604ebcf8da67832,OI,Senne,20191021,BACKUP_IOTA_20250207/DCF Senne (IRD)/OI-200/1211a_OI_20191021-20191109_MELAN_SAPMER_FRANCHE TERRE/OI_20191021-20191109_MELAN_SAPMER_FRANCHE TERRE_Photos/Calée08_BUM_01f.jpg
BLM_0b7203d212fc3763b9c21aa1adf800d4_QUEMIN_TAAF.JPG,0b7203d212fc3763b9c21aa1adf800d4,BLM-Istiompax-indica,0b7203d212fc3763b9c21aa1adf800d4,OI,Senne,20150311,BACKUP_IOTA_20250207/DCF Senne (TAAF)/2015/15-2a&b_Quemin_FRANCHETERRE/Copie CD/OI_20150311-20150329_QUEMIN_SAPMER_FRANCHETERRE_IRD-Armement_Photos/Marlins/P3141004.JPG
BLM_2042527fd8b2029ae3ba8a9b6f6cad69_RADEGONDE_ORTHONGEL.JPG,2042527fd8b2029ae3ba8a9b6f6cad69,BLM-Istiompax-indica,2042527fd8b2029ae3ba8a9b6f6cad69,OI,Senne,20191004,BACKUP_IOTA_20250207/OCUP-OB/OI-700/913a_OI_20191004-20191030_RADEGONDE_SAP_BELLEISLE/OI_20191004-20191030_RADEGONDE_SAP_BELLEISLE_Photos/DSCF1138.JPG
BLM_29444b880d803a632d9ce4915959f785_MOLLIER_ORTHONGEL .jpg,29444b880d803a632d9ce4915959f785,BLM-Istiompax-indica,29444b880d803a632d9ce4915959f785,OI,Senne,20220809,BACKUP_IOTA_20250207/OCUP-OB/OI-700/936_OI_20220809-20220905_MOLLIER_SAPMER_FRANCHE TERRE/OI_20220809-20220905_MOLLIER_SAPMER_FRANCHE TERRE_Photos/Calée 18_03 09/BLM_IMG_20220903_082525.jpg
BLM_35ff16939f1ed37331a07684d277fcd3_VEGA_IRD.JPG,35ff16939f1ed37331a07684d277fcd3,BLM-Istiompax-indica,35ff16939f1ed37331a07684d277fcd3,OI,Senne,20190203,BACKUP_IOTA_20250207/DCF Senne (IRD)/OI-200/1200b_OI_20190203-20190311_VEGA_SAP_BERNICA/OI_20190203-20190311_VEGA_SAP_BERNICA_Photos/DSCF4227.JPG
BLM_36ca96456dba3efcada90b0281707148_MELAN_IRD.jpg,36ca96456dba3efcada90b0281707148,BLM-Istiompax-indica,36ca96456dba3efcada90b0281707148,OI,Senne,20191114,BACKUP_IOTA_20250207/DCF Senne (IRD)/OI-200/1211b_OI_20191114-20191209_MELAN_SAPMER_FRANCHE TERRE/OI_20191114-20191209_MELAN_SAPMER_FRANCHE TERRE_Photos/Calée30_BUM_01e.jpg
BLM_3e5dfb5c15aa288350cb3af610bfa620_MELAN_IRD.jpg,3e5dfb5c15aa288350cb3af610bfa620,BLM-Istiompax-indica,3e5dfb5c15aa288350cb3af610bfa620,OI,Senne,20191021,BACKUP_IOTA_20250207/DCF Senne (IRD)/OI-200/1211a_OI_20191021-20191109_MELAN_SAPMER_FRANCHE TERRE/OI_20191021-20191109_MELAN_SAPMER_FRANCHE TERRE_Photos/Calée08_BUM_01d.jpg
BLM_46847edbb28aa9a858ec4d308038940e_MOUSSY_IRD.JPG,46847edbb28aa9a858ec4d308038940e,BLM-Istiompax-indica,46847edbb28aa9a858ec4d308038940e,OI,Senne,20190913,BACKUP_IOTA_20250207/DCF Senne (IRD)/OI-200/1207b_OI_20190913-20191016_MOUSSY_SAP_FRANCHE TERRE/OI_20190913-20191016_MOUSSY_SAP_FRANCHE TERRE_Photos/Marée 2/Formulaire B28/PA111621.JPG
BLM_57c61c6243bfff6bd01905690e800c19_VEGA_IRD.JPG,57c61c6243bfff6bd01905690e800c19,BLM-Istiompax-indica,57c61c6243bfff6bd01905690e800c19,OI,Senne,20180922,BACKUP_IOTA_20250207/DCF Senne (IRD)/OI-200/296a_OI_20180922-20181023_VEGA_CFTO_TREVIGNON/OI_20180922-20181023_VEGA_CFTO_TREVIGNON_Photos/DSCN0587.JPG
BLM_5c07020b47970101f6790b644e851ed0_QUEMIN_TAAF.JPG,5c07020b47970101f6790b644e851ed0,BLM-Istiompax-indica,5c07020b47970101f6790b644e851ed0,OI,Senne,20150311,BACKUP_IOTA_20250207/DCF Senne (TAAF)/2015/15-2a&b_Quemin_FRANCHETERRE/Copie CD/OI_20150311-20150329_QUEMIN_SAPMER_FRANCHETERRE_IRD-Armement_Photos/Marlins/P4131105.JPG
BLM_656a8f46f4068e68a60e20c8a22de8c7_HOUAREAU_ORTHONGEL.JPG,656a8f46f4068e68a60e20c8a22de8c7,BLM-Istiompax-indica,656a8f46f4068e68a60e20c8a22de8c7,OI,Senne,20170527,BACKUP_IOTA_20250207/OCUP-OB/OI-700/808_OI_20170527-20170704_HOUAREAU_SAP_DOLOMIEU/OI_20170527-20170704_HOUAREAU_SAP_DOLOMIEU_Photos/Especes Conserver/BLM.JPG
BLM_6c35e928a6ab4bf4a9d4172df535d40e_MARIA_ORTHONGEL.JPG,6c35e928a6ab4bf4a9d4172df535d40e,BLM-Istiompax-indica,6c35e928a6ab4bf4a9d4172df535d40e,OI,Senne,20170103,BACKUP_IOTA_20250207/OCUP-OB/OI-700/794a_OI_20170103-20170206_MARIA_SAPMER_BELLERIVE/OI_20170103-20170206_MARIA_SAPMER_BELLERIVE_Photos/Espadron retire pendant salabar rejete a l'eau/Espadron 1.JPG
BLM_8130ebc6908b337e5ecb2b7c763d6fba_MOUSSY_IRD.JPG,8130ebc6908b337e5ecb2b7c763d6fba,BLM-Istiompax-indica,8130ebc6908b337e5ecb2b7c763d6fba,OI,Senne,20190913,BACKUP_IOTA_20250207/DCF Senne (IRD)/OI-200/1207b_OI_20190913-20191016_MOUSSY_SAP_FRANCHE TERRE/OI_20190913-20191016_MOUSSY_SAP_FRANCHE TERRE_Photos/Marée 2/Formulaire B28/PA111622.JPG
BLM_85172fa7a901a48b37a8de2bd4507d16_MELAN_IRD.jpg,85172fa7a901a48b37a8de2bd4507d16,BLM-Istiompax-indica,85172fa7a901a48b37a8de2bd4507d16,OI,Senne,20191021,BACKUP_IOTA_20250207/DCF Senne (IRD)/OI-200/1211a_OI_20191021-20191109_MELAN_SAPMER_FRANCHE TERRE/OI_20191021-20191109_MELAN_SAPMER_FRANCHE TERRE_Photos/Calée08_BUM_01c.jpg
BLM_85f58f32372f7e254b4bd029baca0576_MELAN_IRD.jpg,85f58f32372f7e254b4bd029baca0576,BLM-Istiompax-indica,85f58f32372f7e254b4bd029baca0576,OI,Senne,20191114,BACKUP_IOTA_20250207/DCF Senne (IRD)/OI-200/1211b_OI_20191114-20191209_MELAN_SAPMER_FRANCHE TERRE/OI_20191114-20191209_MELAN_SAPMER_FRANCHE TERRE_Photos/Calée30_BUM_01a.jpg
BLM_8ede7b7975316e59667780e4baa822bd_VEGA_IRD.JPG,8ede7b7975316e59667780e4baa822bd,BLM-Istiompax-indica,8ede7b7975316e59667780e4baa822bd,OI,Senne,20180922,BACKUP_IOTA_20250207/DCF Senne (IRD)/OI-200/296a_OI_20180922-20181023_VEGA_CFTO_TREVIGNON/OI_20180922-20181023_VEGA_CFTO_TREVIGNON_Photos/DSCN0588.JPG
BLM_8fcbf73db0e4a3fff17bad7a9c6515b3_WILLAUME_IRD.JPG,8fcbf73db0e4a3fff17bad7a9c6515b3,BLM-Istiompax-indica,8fcbf73db0e4a3fff17bad7a9c6515b3,OI,Senne,20070723,BACKUP_IOTA_20250207/DCF Senne (IRD)/OI-200/217_OI_20070723-20070903_WILLAUME_CMB_STERENN/OI_20070723-20070903_WILLAUME_CMB_STERENN_Photos/15Makairenoir/DSC00011.JPG
BLM_9d75a84810835dec944df8cc18354f3f_RADEGONDE_ORTHONGEL.JPG,9d75a84810835dec944df8cc18354f3f,BLM-Istiompax-indica,9d75a84810835dec944df8cc18354f3f,OI,Senne,20191004,BACKUP_IOTA_20250207/OCUP-OB/OI-700/913a_OI_20191004-20191030_RADEGONDE_SAP_BELLEISLE/OI_20191004-20191030_RADEGONDE_SAP_BELLEISLE_Photos/DSCF1139.JPG
BLM_b1fdc05e84972c51a7e474663174f0f9_COCONI_IRD.JPG,b1fdc05e84972c51a7e474663174f0f9,BLM-Istiompax-indica,b1fdc05e84972c51a7e474663174f0f9,OI,Senne,20190303,BACKUP_IOTA_20250207/DCF Senne (IRD)/OI-200/1201b_OI_20190303-20190327_COCONI_SAP_MANAPANY/OI_20190303-20190327_COCONI_SAP_MANAPANY_Photos/24_03_19/pêche 2/P3240781.JPG
BLM_b6688eea1cabe0a3c0610447047955d8_COCONI_IRD.JPG,b6688eea1cabe0a3c0610447047955d8,BLM-Istiompax-indica,b6688eea1cabe0a3c0610447047955d8,OI,Senne,20190303,BACKUP_IOTA_20250207/DCF Senne (IRD)/OI-200/1201b_OI_20190303-20190327_COCONI_SAP_MANAPANY/OI_20190303-20190327_COCONI_SAP_MANAPANY_Photos/24_03_19/pêche 2/P3240783.JPG
BLM_b798359b85048668602481bebf8d3633_COCONI_IRD.JPG,b798359b85048668602481bebf8d3633,BLM-Istiompax-indica,b798359b85048668602481bebf8d3633,OI,Senne,20180930,BACKUP_IOTA_20250207/DCF Senne (IRD)/OI-200/297b_OI_20180930-20181105_COCONI_SAP_DOLOMIEU/OI_20180930-20181105_COCONI_SAP_DOLOMIEU_Photos/pêche 3/PA053145.JPG
BLM_b7dd4874db344ce3fa4d9884765c8449_COCONI_IRD.JPG,b7dd4874db344ce3fa4d9884765c8449,BLM-Istiompax-indica,b7dd4874db344ce3fa4d9884765c8449,OI,Senne,20180930,BACKUP_IOTA_20250207/DCF Senne (IRD)/OI-200/297b_OI_20180930-20181105_COCONI_SAP_DOLOMIEU/OI_20180930-20181105_COCONI_SAP_DOLOMIEU_Photos/pêche 3/PA053140.JPG
BLM_cd54e1ae8340ef650511b0c00bc17aeb_MARIA_ORTHONGEL.JPG,cd54e1ae8340ef650511b0c00bc17aeb,BLM-Istiompax-indica,cd54e1ae8340ef650511b0c00bc17aeb,OI,Senne,20170103,BACKUP_IOTA_20250207/OCUP-OB/OI-700/794a_OI_20170103-20170206_MARIA_SAPMER_BELLERIVE/OI_20170103-20170206_MARIA_SAPMER_BELLERIVE_Photos/Espadron retire pendant salabar rejete a l'eau/Espadron rejete a l`eau mort.JPG
BLM_e3dff8040a468daabd6b806002ac6f8d_VEGA_IRD.JPG,e3dff8040a468daabd6b806002ac6f8d,BLM-Istiompax-indica,e3dff8040a468daabd6b806002ac6f8d,OI,Senne,20180922,BACKUP_IOTA_20250207/DCF Senne (IRD)/OI-200/296a_OI_20180922-20181023_VEGA_CFTO_TREVIGNON/OI_20180922-20181023_VEGA_CFTO_TREVIGNON_Photos/DSCN0589.JPG
BLM_e4058367271d86af241ef1459a7f2405_HOUAREAU_ORTHONGEL.JPG,e4058367271d86af241ef1459a7f2405,BLM-Istiompax-indica,e4058367271d86af241ef1459a7f2405,OI,Senne,20170527,BACKUP_IOTA_20250207/OCUP-OB/OI-700/808_OI_20170527-20170704_HOUAREAU_SAP_DOLOMIEU/OI_20170527-20170704_HOUAREAU_SAP_DOLOMIEU_Photos/Especes Conserver/BLM2.JPG
BLM_e60276d7853ec9aa0a0118c26d34a2f5_MOLLIER_ORTHONGEL (1).jpg,e60276d7853ec9aa0a0118c26d34a2f5,BLM-Istiompax-indica,e60276d7853ec9aa0a0118c26d34a2f5,OI,Senne,20220809,BACKUP_IOTA_20250207/OCUP-OB/OI-700/936_OI_20220809-20220905_MOLLIER_SAPMER_FRANCHE TERRE/OI_20220809-20220905_MOLLIER_SAPMER_FRANCHE TERRE_Photos/Calée 18_03 09/BLM_IMG_20220903_082348.jpg
BLM_ec2f56904bf31f2b0fdb7d27b983fb0b_MELAN_IRD.jpg,ec2f56904bf31f2b0fdb7d27b983fb0b,BLM-Istiompax-indica,ec2f56904bf31f2b0fdb7d27b983fb0b,OI,Senne,20191114,BACKUP_IOTA_20250207/DCF Senne (IRD)/OI-200/1211b_OI_20191114-20191209_MELAN_SAPMER_FRANCHE TERRE/OI_20191114-20191209_MELAN_SAPMER_FRANCHE TERRE_Photos/Calée30_BUM_01c.jpg
BLM_f8663cd9a5e390feb566b41ef9985a59_WILLAUME_IRD.JPG,f8663cd9a5e390feb566b41ef9985a59,BLM-Istiompax-indica,f8663cd9a5e390feb566b41ef9985a59,OI,Senne,20070723,BACKUP_IOTA_20250207/DCF Senne (IRD)/OI-200/217_OI_20070723-20070903_WILLAUME_CMB_STERENN/OI_20070723-20070903_WILLAUME_CMB_STERENN_Photos/15Makairenoir/DSC00014.JPG
BLM_fee0fbb5e3457d8080f02fadf1648411_COCONI_IRD.JPG,fee0fbb5e3457d8080f02fadf1648411,BLM-Istiompax-indica,fee0fbb5e3457d8080f02fadf1648411,OI,Senne,20180930,BACKUP_IOTA_20250207/DCF Senne (IRD)/OI-200/297b_OI_20180930-20181105_COCONI_SAP_DOLOMIEU/OI_20180930-20181105_COCONI_SAP_DOLOMIEU_Photos/pêche 3/PA053139.JPG
BLT_128937ed43b86f9c8fd64176e45dacf6_EKPO_ORTHONGEL.jpg,128937ed43b86f9c8fd64176e45dacf6,BLT-Auxis-rochei,128937ed43b86f9c8fd64176e45dacf6,OA,Senne,20231014,BACKUP_IOTA_20250207/OCUP-OB/OA-300/1400_OA_20231014-20231203_EKPO_CFTO_GUEOTEC/OA_20231014-20231203_EKPO_CFTO_GUEOTEC_Photos/05_BLT_20231025.jpg
BLT_6f202e7aa5181ee8dc344d5ed947a185_KOSSONOU_ORTHONGEL.JPG,6f202e7aa5181ee8dc344d5ed947a185,BLT-Auxis-rochei,6f202e7aa5181ee8dc344d5ed947a185,OA,Senne,20140130,BACKUP_IOTA_20250207/OCUP-OB/OA-300/314b_OA_20140130-20140319_KOSSONOU_CFTO_CAPBOJADOR/OA_20140130_20140319_KOSSONOU_CFTO_CAPBOJADOR_Photos/AUTRE ESPECE/BLT.JPG
BLT_8e669101797a3fc11d77c2c3c1096afb_KOUAME_IRD.JPG,8e669101797a3fc11d77c2c3c1096afb,BLT-Auxis-rochei,8e669101797a3fc11d77c2c3c1096afb,OA,Senne,20190906,BACKUP_IOTA_20250207/DCF Senne (IRD)/OA-100/1108_OA_20190906-20191021_KOUAME_CFTO_AVELVOR/OA_20190906-20191021_KOUAME_CFTO_AVELVOR_Photos/DIVERS/thonidés/BLT.JPG
BLT_b8bc234c41fcfbfb02145c5fba17f725_LEFOL_IRD.JPG,b8bc234c41fcfbfb02145c5fba17f725,BLT-Auxis-rochei,b8bc234c41fcfbfb02145c5fba17f725,OA,Senne,20090913,BACKUP_IOTA_20250207/DCF Senne (IRD)/OA-100/113_OA_20090913-20091021_LEFOL_SPQ_VIA EUROS/OA_20090913-20091021_Le Fol_SPQ_VIA EUROS_Photos/photos especes/BLT/BLT1.JPG
BLT_ea7372fb835055fa0b3170ef73ee579a_HUILLIER_IRD.JPG,ea7372fb835055fa0b3170ef73ee579a,BLT-Auxis-rochei,ea7372fb835055fa0b3170ef73ee579a,OA,Senne,20110813,BACKUP_IOTA_20250207/DCF Senne (IRD)/OA-100/132_OA_20110813-20110927_HUILLIER_CFTO_AVEL VOR/OA_20110813-20110927_Huillier_CFTO_AVEL VOR_Photos/Espèces/104.JPG
BRZ_0776c0e87828ffa86c76cd5870411592_KOUAME_ORTHONGEL.JPG,0776c0e87828ffa86c76cd5870411592,BRZ-Bramidae,0776c0e87828ffa86c76cd5870411592,OA,Senne,20140722,BACKUP_IOTA_20250207/OCUP-OB/OA-300/339c_OA_20140722-20140903_KOUAME_SAUPIQUET_VIA EUROS/OA_20140722-20140903_KOUAME_SAUPIQUET_VIAEUROS_Photos/PHOTOS/BRZ.JPG
BRZ_8f9f3ff631dda0a2e722923068de654e_GUILLON_TAAF.JPG,8f9f3ff631dda0a2e722923068de654e,BRZ-Bramidae,8f9f3ff631dda0a2e722923068de654e,OI,Senne,20160507,BACKUP_IOTA_20250207/DCF Senne (TAAF)/2016/16-4_OI_20160507-20160712_GUILLON_SAPMER_FRANCHETERRE/OI_20160507-20160712_GUILLON_SAPMER_FRANCHETERRE_Photos/Espèces accessoires/Indéterminé.JPG
BSH_023da348315e5ab6ecc2f85a0d843646_PICORON_IRD.JPG,023da348315e5ab6ecc2f85a0d843646,BSH-Prionace-glauca,,OI,Longline,,
BSH_066debccf7619df4c45d1a21ead59a4b_KAUFFMANN_IRD.JPG,066debccf7619df4c45d1a21ead59a4b,BSH-Prionace-glauca,,OI,Longline,,
BSH_16a4a5e53a907bd3066138aff0d8fbba_BEATRIX_IRD.JPG,16a4a5e53a907bd3066138aff0d8fbba,BSH-Prionace-glauca,,OI,Longline,,
BSH_23cbfb7ad1144b0249ad8543b3a1a921_SHARP_IRD.jpeg,23cbfb7ad1144b0249ad8543b3a1a921,BSH-Prionace-glauca,,OI,Longline,,
BSH_2466dd8d3cce1084370740c241b7a36e_GROMBERG_IRD.JPG,2466dd8d3cce1084370740c241b7a36e,BSH-Prionace-glauca,2466dd8d3cce1084370740c241b7a36e,OI,Senne,20160606,BACKUP_IOTA_20250207/DCF Senne (IRD)/OI-200/279_OI_20160606-20160710_GROMBERG_CFTO_TORREGIULIA/OI_20160606-20160710_GROMBERG_CFTO_TORREGIULIA_Photos/calé 9/DSCF2384.JPG
BSH_27d46e3d437033da658fc90797ab834a_CISSE_ORTHONGEL.jpg,27d46e3d437033da658fc90797ab834a,BSH-Prionace-glauca,27d46e3d437033da658fc90797ab834a,OA,Senne,20180902,BACKUP_IOTA_20250207/OCUP-OB/OA-300/563a_OA_20180902-20181013_CISSE_CFTO_CAPBOJADOR/OA_20180902-20181013_CISSE_CFTO_CAPBOJADOR_Photos/IMG_20181003_103559.jpg
BSH_3065f260e14d5463df3a1064f212d768_DAO_ORTHONGEL.JPG,3065f260e14d5463df3a1064f212d768,BSH-Prionace-glauca,3065f260e14d5463df3a1064f212d768,OA,Senne,20170204,BACKUP_IOTA_20250207/OCUP-OB/OA-300/482_OA_20170204-20170321_DAO_SQT_VIAMISTRAL/OA_20170204-20170321_DAO_SQT_VIAMISTRAL_Photos/5-PHOTOS/SAM_1689.JPG
BSH_31406b8f96d85a926d77e20a7b4b855e_KOUAKOU_ORTHONGEL.JPG,31406b8f96d85a926d77e20a7b4b855e,BSH-Prionace-glauca,31406b8f96d85a926d77e20a7b4b855e,OA,Senne,20160520,BACKUP_IOTA_20250207/OCUP-OB/OA-300/432_OA_20160520-20160607_KOUAKOU_CFTO_AVELVOR/OA_20160520-20160607_KOUAKOU_CFTO_AVELVOR_Photos & vidéos/PHOTOS/Especes/Requins/SAM_3609.JPG
BSH_3995c0348b38241b5f0b8e036a2d0122_BLE_ORTHONGEL.JPG,3995c0348b38241b5f0b8e036a2d0122,BSH-Prionace-glauca,3995c0348b38241b5f0b8e036a2d0122,OA,Senne,20140522,BACKUP_IOTA_20250207/OCUP-OB/OA-300/330_OA_20140522-20140710_BLE_CFTO_CAP BOJADOR/OA_20140522-20140710_BLE_CFTO_CAPBOJADOR_Photos/5-PHOTOS/espèces/photo espèce numérotée/N°14_calée 29 (2).JPG
BSH_39bb1fe675e28547189bae35afae0a11_KAUFFMANN_IRD.JPG,39bb1fe675e28547189bae35afae0a11,BSH-Prionace-glauca,,OI,Longline,,
BSH_410661e9fa1abc934d12ab1f91dfb172_KAUFFMANN_IRD.JPG,410661e9fa1abc934d12ab1f91dfb172,BSH-Prionace-glauca,,OI,Longline,,
BSH_4e0fa6cce6de8bee779e6a15e76161c9_KONAN_ORTHONGEL.JPG,4e0fa6cce6de8bee779e6a15e76161c9,BSH-Prionace-glauca,4e0fa6cce6de8bee779e6a15e76161c9,OA,Senne,20140727,BACKUP_IOTA_20250207/OCUP-OB/OA-300/340_OA_20140727-20140909_KONAN_SAUPIQUET_VIA HARMATTAN/OA_20140727_20140909_KONAN_SAUPIQUET_VIAHARMATTAN_Photos/PHOTOS/DSC01005.JPG
BSH_5363edb6816c9da5c7d55f4ce750959f_AKAFFOU_ORTHONGEL.JPG,5363edb6816c9da5c7d55f4ce750959f,BSH-Prionace-glauca,5363edb6816c9da5c7d55f4ce750959f,OA,Senne,20160706,BACKUP_IOTA_20250207/OCUP-OB/OA-300/441a_OA_20160706-20160728_AKAFFOU_SAUPIQUET_VIAEUROS/OA_20160706-20160728_AKAFFOU_SAUPIQUET_VIAEUROS_Photos & vidéos/PHOTOS/SAM_3020.JPG
BSH_58c24ba9b9872fd5f8dbb6d4f0f19352_DELPONT_IRD.JPG,58c24ba9b9872fd5f8dbb6d4f0f19352,BSH-Prionace-glauca,,OI,Longline,,
BSH_67520125201c1a73e029de6e747975af_KAUFFMANN_IRD.JPG,67520125201c1a73e029de6e747975af,BSH-Prionace-glauca,,OI,Longline,,
BSH_7030abd98e408e78ce394bf6f81f2873_DELPONT_IRD.JPG,7030abd98e408e78ce394bf6f81f2873,BSH-Prionace-glauca,,OI,Longline,,
BSH_770150426ee2ee96bf6ccd607c5077f6_DELPONT_IRD.JPG,770150426ee2ee96bf6ccd607c5077f6,BSH-Prionace-glauca,,OI,Longline,,
BSH_7a37e81fea817786d7f03cfa3b971466_GOUE_ORTHONGEL.JPG,7a37e81fea817786d7f03cfa3b971466,BSH-Prionace-glauca,7a37e81fea817786d7f03cfa3b971466,OA,Senne,20140530,BACKUP_IOTA_20250207/OCUP-OB/OA-300/332_OA_20140530-20140715_GOUE_CFTO_STERENN/OA_20140530_20140715_GOUE_CFTO_STERENN_Photos/5-PHOTOS/SAM_0144.JPG
BSH_7c37bee69b29471e06e95eab322b8333_SHARP_IRD.jpeg,7c37bee69b29471e06e95eab322b8333,BSH-Prionace-glauca,,OI,Longline,,
BSH_7d042700f33900c234ca8ab6e679e738_BEATRIX_IRD.JPG,7d042700f33900c234ca8ab6e679e738,BSH-Prionace-glauca,,OI,Longline,,
BSH_8bdc289254aa4ca62adae7aef8e17130_GOUE_ORTHONGEL.JPG,8bdc289254aa4ca62adae7aef8e17130,BSH-Prionace-glauca,8bdc289254aa4ca62adae7aef8e17130,OA,Senne,20140530,BACKUP_IOTA_20250207/OCUP-OB/OA-300/332_OA_20140530-20140715_GOUE_CFTO_STERENN/OA_20140530_20140715_GOUE_CFTO_STERENN_Photos/5-PHOTOS/SAM_0134.JPG
BSH_912e22d3a8166d540e6d46f2e6c9cac0_BLE_ORTHONGEL.JPG,912e22d3a8166d540e6d46f2e6c9cac0,BSH-Prionace-glauca,912e22d3a8166d540e6d46f2e6c9cac0,OA,Senne,20140522,BACKUP_IOTA_20250207/OCUP-OB/OA-300/330_OA_20140522-20140710_BLE_CFTO_CAP BOJADOR/OA_20140522-20140710_BLE_CFTO_CAPBOJADOR_Photos/5-PHOTOS/espèces/photo espèce numérotée/N°19_calée 53.JPG
BSH_9880e61d69deefaa94369324ea38167d_EKPO_ORTHONGEL.jpg,9880e61d69deefaa94369324ea38167d,BSH-Prionace-glauca,9880e61d69deefaa94369324ea38167d,OA,Senne,20190813,BACKUP_IOTA_20250207/OCUP-OB/OA-300/611_OA_20190813-20190928_EKPO_CFTO_GUEOTEC/OA_ 20190813-20190928_EKPO_CFTO_GUEOTEC_Photos/BSH.jpg
BSH_a353b2eaf87ab04701dd42b153d51663_PANGUE_ORTHONGEL.JPG,a353b2eaf87ab04701dd42b153d51663,BSH-Prionace-glauca,a353b2eaf87ab04701dd42b153d51663,OA,Senne,20200124,BACKUP_IOTA_20250207/OCUP-OB/OA-300/630_OA_20200124-20200316_PANGNE_CFTO_GUEOTEC/OA_20200124-20200316_PANGNE_CFTO_GUEOTEC_Photos/SAM_0082.JPG
BSH_a406ca613342e377f663a00342c8392d_KOUAME_ORTHONGEL.JPG,a406ca613342e377f663a00342c8392d,BSH-Prionace-glauca,a406ca613342e377f663a00342c8392d,OA,Senne,20160820,BACKUP_IOTA_20250207/OCUP-OB/OA-300/456_OA_20160820-20161007_KOUAME_CFTO_PENDRUC/OA_20160820-20161007_KOUAME_CFTO_PENDRUC_Photos/4.JPG
BSH_a4d5bf828fc63b378a79cf001e125a1d_GROMBERG_IRD.JPG,a4d5bf828fc63b378a79cf001e125a1d,BSH-Prionace-glauca,a4d5bf828fc63b378a79cf001e125a1d,OI,Senne,20160606,BACKUP_IOTA_20250207/DCF Senne (IRD)/OI-200/279_OI_20160606-20160710_GROMBERG_CFTO_TORREGIULIA/OI_20160606-20160710_GROMBERG_CFTO_TORREGIULIA_Photos/calé 9/DSCF2387.JPG
BSH_a5d83689432723d74f8b2873294bbc98_DELPONT_IRD.JPG,a5d83689432723d74f8b2873294bbc98,BSH-Prionace-glauca,,OI,Longline,,
BSH_a814487c76298171bda614c084ef9bd4_BEATRIX_IRD.JPG,a814487c76298171bda614c084ef9bd4,BSH-Prionace-glauca,,OI,Longline,,
BSH_aa7e7f428d8591692f043253c36f05a8_GROMBERG_IRD.JPG,aa7e7f428d8591692f043253c36f05a8,BSH-Prionace-glauca,aa7e7f428d8591692f043253c36f05a8,OI,Senne,20160606,BACKUP_IOTA_20250207/DCF Senne (IRD)/OI-200/279_OI_20160606-20160710_GROMBERG_CFTO_TORREGIULIA/OI_20160606-20160710_GROMBERG_CFTO_TORREGIULIA_Photos/calé 9/DSCF2383.JPG
BSH_b4210c211a1d66781fdaa831fe8408cb_BEATRIX_IRD.JPG,b4210c211a1d66781fdaa831fe8408cb,BSH-Prionace-glauca,,OI,Longline,,
BSH_b537c488d6e27131b621821fc1b24347_ALLANGBA_ORTHONGEL.JPG,b537c488d6e27131b621821fc1b24347,BSH-Prionace-glauca,b537c488d6e27131b621821fc1b24347,OA,Senne,20160629,BACKUP_IOTA_20250207/OCUP-OB/OA-300/434b_OA_20160629-20160712_ALLANGBA_CFTO_CAPBOJADOR/OA_20160629-20160712_ALLANGBA_CFTO_CAPBOJADOR_Photos et vidéos/PHOTOS/Sélaciens/SAM_0281.JPG
BSH_c6c8df4d17700e9664f4a65b4e1ce2b2_DELPONT_IRD.JPG,c6c8df4d17700e9664f4a65b4e1ce2b2,BSH-Prionace-glauca,,OI,Longline,,
BSH_c721155e603668e5e9feadfc72908e19_SHARP_IRD.jpeg,c721155e603668e5e9feadfc72908e19,BSH-Prionace-glauca,,OI,Longline,,
BSH_c8219aa7b691b7abf5c868ee51e5648a_PUECH_IRD.JPG,c8219aa7b691b7abf5c868ee51e5648a,BSH-Prionace-glauca,,OI,Longline,,
BSH_d27cab6160555c754087af80423ab082_KONAN_ORTHONGEL.JPG,d27cab6160555c754087af80423ab082,BSH-Prionace-glauca,d27cab6160555c754087af80423ab082,OA,Senne,20140727,BACKUP_IOTA_20250207/OCUP-OB/OA-300/340_OA_20140727-20140909_KONAN_SAUPIQUET_VIA HARMATTAN/OA_20140727_20140909_KONAN_SAUPIQUET_VIAHARMATTAN_Photos/PHOTOS/DSC01006.JPG
BSH_d3f4234ad3471c53018d6c389a1e3a54_KAUFFMANN_IRD.JPG,d3f4234ad3471c53018d6c389a1e3a54,BSH-Prionace-glauca,,OI,Longline,,
BSH_d72b5c7ecbd87b88f527976c3239f9b8_EKPO_ORTHONGEL.jpg,d72b5c7ecbd87b88f527976c3239f9b8,BSH-Prionace-glauca,d72b5c7ecbd87b88f527976c3239f9b8,OA,Senne,20190813,BACKUP_IOTA_20250207/OCUP-OB/OA-300/611_OA_20190813-20190928_EKPO_CFTO_GUEOTEC/OA_ 20190813-20190928_EKPO_CFTO_GUEOTEC_Photos/BSH'.jpg
BSH_dcdad608d636960a83087b30bdcea3b2_BEATRIX_IRD.JPG,dcdad608d636960a83087b30bdcea3b2,BSH-Prionace-glauca,,OI,Longline,,
BSH_e8238c8e394a2994b6786ec405a07d5f_PICORON_IRD.JPG,e8238c8e394a2994b6786ec405a07d5f,BSH-Prionace-glauca,,OI,Longline,,
BSH_ed0c4e627991373dc56ad76da9081f8b_PANGUE_ORTHONGEL.JPG,ed0c4e627991373dc56ad76da9081f8b,BSH-Prionace-glauca,ed0c4e627991373dc56ad76da9081f8b,OA,Senne,20200124,BACKUP_IOTA_20250207/OCUP-OB/OA-300/630_OA_20200124-20200316_PANGNE_CFTO_GUEOTEC/OA_20200124-20200316_PANGNE_CFTO_GUEOTEC_Photos/SAM_0084.JPG
BSH_ed5c63035322301efc55a5f1c9a44633_AKAFFOU_ORTHONGEL.JPG,ed5c63035322301efc55a5f1c9a44633,BSH-Prionace-glauca,ed5c63035322301efc55a5f1c9a44633,OA,Senne,20160706,BACKUP_IOTA_20250207/OCUP-OB/OA-300/441a_OA_20160706-20160728_AKAFFOU_SAUPIQUET_VIAEUROS/OA_20160706-20160728_AKAFFOU_SAUPIQUET_VIAEUROS_Photos & vidéos/PHOTOS/SAM_3063.JPG
BSH_f0f5cc38031a0f06f12e518a618ab9ca_RODRIGUEZ_IRD.JPG,f0f5cc38031a0f06f12e518a618ab9ca,BSH-Prionace-glauca,,OI,Longline,,
BTH_09884f5e795052647db0bf9181458514_BAILLOUT_IRD.JPG,09884f5e795052647db0bf9181458514,BTH-Alopias-superciliosus,,OI,Longline,,
BTH_137967eaa7f3ae0df71d3cbbfc68539f_DELPONT_IRD.JPG,137967eaa7f3ae0df71d3cbbfc68539f,BTH-Alopias-superciliosus,,OI,Longline,,
BTH_17489c2205e6143e563c21d1da88ab3d_BAILLOUT_IRD.JPG,17489c2205e6143e563c21d1da88ab3d,BTH-Alopias-superciliosus,,OI,Longline,,
BTH_21647a0c73a39a64a6618e4c02392e0d_DELPONT_IRD.JPG,21647a0c73a39a64a6618e4c02392e0d,BTH-Alopias-superciliosus,,OI,Longline,,
BTH_324f2faa6814bcbbc2e835de394a28a5_SHARP_IRD.jpeg,324f2faa6814bcbbc2e835de394a28a5,BTH-Alopias-superciliosus,,OI,Longline,,
BTH_405f759015b94bc6fae7f5f825c4ee8f_BAILLOUT_IRD.JPG,405f759015b94bc6fae7f5f825c4ee8f,BTH-Alopias-superciliosus,,OI,Longline,,
BTH_422475f5324dded681764da38a2e1c4d_GROULT_IRD.JPG,422475f5324dded681764da38a2e1c4d,BTH-Alopias-superciliosus,,OI,Longline,,
BTH_533cba27a5a74540504e17425ab09a47_PUECH_IRD.JPG,533cba27a5a74540504e17425ab09a47,BTH-Alopias-superciliosus,,OI,Longline,,
BTH_5f14ff45e3b23836711e4ca09b8a6375_SHARP_IRD.jpeg,5f14ff45e3b23836711e4ca09b8a6375,BTH-Alopias-superciliosus,,OI,Longline,,
BTH_75d9ad4b852df80f51bcd77abfdceb2c_POIROUT_IRD.jpeg,75d9ad4b852df80f51bcd77abfdceb2c,BTH-Alopias-superciliosus,,OI,Longline,,
BTH_7ed8daa71783e19698c39f2a4e7f81d4_DELPONT_IRD.JPG,7ed8daa71783e19698c39f2a4e7f81d4,BTH-Alopias-superciliosus,,OI,Longline,,
BTH_88b9d88d9774dfee0524e8f5808b1ae2_SHARP_IRD.jpeg,88b9d88d9774dfee0524e8f5808b1ae2,BTH-Alopias-superciliosus,,OI,Longline,,
BTH_8d4a6e8e516478cb84cb103b5b1795ad_DELPONT_IRD.JPG,8d4a6e8e516478cb84cb103b5b1795ad,BTH-Alopias-superciliosus,,OI,Longline,,
BTH_9abdca6a72ef73f760dfa17ece2c0497_SHARP_IRD.jpeg,9abdca6a72ef73f760dfa17ece2c0497,BTH-Alopias-superciliosus,,OI,Longline,,
BTH_bab4564980f1cb38f6936a9e9e028e07_SHARP_IRD.jpeg,bab4564980f1cb38f6936a9e9e028e07,BTH-Alopias-superciliosus,,OI,Longline,,
BTH_c4b1c328965bb93a9d618580fb3ba92f_DELPONT_IRD.JPG,c4b1c328965bb93a9d618580fb3ba92f,BTH-Alopias-superciliosus,,OI,Longline,,
BTH_c581823adf1ea61e90ea6034d974b0da_ALLANGBA_IRD.JPG,c581823adf1ea61e90ea6034d974b0da,BTH-Alopias-superciliosus,c581823adf1ea61e90ea6034d974b0da,OA,Senne,20150815,BACKUP_IOTA_20250207/DCF Senne (IRD)/OA-100/171_OA_20150815_20150925_ALLANGBA_CFTO_CAPBOJADOR/OA_20150815-20150927_ALLANGBA_CFTO_CAP BOJADOR_Photos/5-PHOTOS/Especes/selaciens/IMG_3300.JPG
BTH_cbdd9daad6f2cfcccace96d6be1638dd_DELPONT_IRD.JPG,cbdd9daad6f2cfcccace96d6be1638dd,BTH-Alopias-superciliosus,,OI,Longline,,
BTH_cf780f03cac736507c1cef584c6715cc_GROULT_IRD.JPG,cf780f03cac736507c1cef584c6715cc,BTH-Alopias-superciliosus,,OI,Longline,,
BTH_cfa29ba29ef6fbc009562b1d976ea48b_ALLANGBA_IRD.JPG,cfa29ba29ef6fbc009562b1d976ea48b,BTH-Alopias-superciliosus,cfa29ba29ef6fbc009562b1d976ea48b,OA,Senne,20150815,BACKUP_IOTA_20250207/DCF Senne (IRD)/OA-100/171_OA_20150815_20150925_ALLANGBA_CFTO_CAPBOJADOR/OA_20150815-20150927_ALLANGBA_CFTO_CAP BOJADOR_Photos/5-PHOTOS/Especes/selaciens/IMG_3301.JPG
BTH_ed7fdf7167cb47556d654d2997c3b5b8_ALLANGBA_IRD.JPG,ed7fdf7167cb47556d654d2997c3b5b8,BTH-Alopias-superciliosus,ed7fdf7167cb47556d654d2997c3b5b8,OA,Senne,20150815,BACKUP_IOTA_20250207/DCF Senne (IRD)/OA-100/171_OA_20150815_20150925_ALLANGBA_CFTO_CAPBOJADOR/OA_20150815-20150927_ALLANGBA_CFTO_CAP BOJADOR_Photos/5-PHOTOS/Especes/selaciens/IMG_3302.JPG
BTH_f8531cc63ab919b38f77c6d060ca2d53_CARRO_IRD.jpeg,f8531cc63ab919b38f77c6d060ca2d53,BTH-Alopias-superciliosus,,OI,Longline,,
BTH_fa51ddbc8a45bc8e31e8bc748ac0a6ab_SHARP_IRD.jpeg,fa51ddbc8a45bc8e31e8bc748ac0a6ab,BTH-Alopias-superciliosus,,OI,Longline,,
BTH_fa972ca637eaa68e01edc7d125ea6612_SHARP_IRD.jpeg,fa972ca637eaa68e01edc7d125ea6612,BTH-Alopias-superciliosus,,OI,Longline,,
BTS_0ad11df631c64cea81df9a8019878ee8_COCONI_IRD.JPG,0ad11df631c64cea81df9a8019878ee8,BTS-Tylosurus-crocodilus,0ad11df631c64cea81df9a8019878ee8,OI,Senne,20180930,BACKUP_IOTA_20250207/DCF Senne (IRD)/OI-200/297b_OI_20180930-20181105_COCONI_SAP_DOLOMIEU/OI_20180930-20181105_COCONI_SAP_DOLOMIEU_Photos/pêche 11/PA173343.JPG
BTS_0e19015d24f6a09d979fdd99656457a1_COCONI_IRD.JPG,0e19015d24f6a09d979fdd99656457a1,BTS-Tylosurus-crocodilus,0e19015d24f6a09d979fdd99656457a1,OI,Senne,20180930,BACKUP_IOTA_20250207/DCF Senne (IRD)/OI-200/297b_OI_20180930-20181105_COCONI_SAP_DOLOMIEU/OI_20180930-20181105_COCONI_SAP_DOLOMIEU_Photos/pêche 10/PA163328.JPG
BTS_3530754326bd7408c73b6a687c19658b_HUVIER_TAAF.JPG,3530754326bd7408c73b6a687c19658b,BTS-Tylosurus-crocodilus,3530754326bd7408c73b6a687c19658b,OI,Senne,20140412,BACKUP_IOTA_20250207/DCF Senne (TAAF)/2014/TAAF_14-5_OI_20140412-20140617_HUVIER_MANAPANY/TAAF_OI_20140412-20140617_14-5 HUVIER_MANAPANY_OBSPEC_Photos/Faune ichtyologique/Autres/Orphie crcocodile (Tylosurus crocodilus; BTS).JPG
BTS_3db17d5a5ccdd686b8c61b57a45ece16_COCONI_TAAF.JPG,3db17d5a5ccdd686b8c61b57a45ece16,BTS-Tylosurus-crocodilus,3db17d5a5ccdd686b8c61b57a45ece16,OI,Senne,20180403,BACKUP_IOTA_20250207/DCF Senne (TAAF)/2018/18-1b_OI_20180403_20180423_COCONI_CFTO_GLENAN/OI_20180403_20180423_COCONI_CFTO_GLENAN_Photos/P4061258.JPG
BTS_57a83356299dce56e291ed7eb39fbe64_VEGA_IRD.JPG,57a83356299dce56e291ed7eb39fbe64,BTS-Tylosurus-crocodilus,57a83356299dce56e291ed7eb39fbe64,OI,Senne,20180922,BACKUP_IOTA_20250207/DCF Senne (IRD)/OI-200/296a_OI_20180922-20181023_VEGA_CFTO_TREVIGNON/OI_20180922-20181023_VEGA_CFTO_TREVIGNON_Photos/DSCF0707.JPG
BTS_62148dafa291d30286f9a13585eb7517_COCONI_IRD.JPG,62148dafa291d30286f9a13585eb7517,BTS-Tylosurus-crocodilus,62148dafa291d30286f9a13585eb7517,OI,Senne,20180930,BACKUP_IOTA_20250207/DCF Senne (IRD)/OI-200/297b_OI_20180930-20181105_COCONI_SAP_DOLOMIEU/OI_20180930-20181105_COCONI_SAP_DOLOMIEU_Photos/pêche 11/PA173342.JPG
BTS_660e4ac482b30ad396c0901355d0855f_EKPO_ORTHONGEL.jpg,660e4ac482b30ad396c0901355d0855f,BTS-Tylosurus-crocodilus,660e4ac482b30ad396c0901355d0855f,OI,Senne,20200118,BACKUP_IOTA_20250207/OCUP-OB/OI-700/908b_OI_ 20200118-20200224_EKPO_SAPMER_BERNICA/OI_ 20200118-20200224_EKPO_SAPMER_BERNICA_Photos/Autres-Poissons/BTS.jpg
BTS_91c573ff9332be3061513ba4733b4da8_COCONI_IRD.JPG,91c573ff9332be3061513ba4733b4da8,BTS-Tylosurus-crocodilus,91c573ff9332be3061513ba4733b4da8,OI,Senne,20180930,BACKUP_IOTA_20250207/DCF Senne (IRD)/OI-200/297b_OI_20180930-20181105_COCONI_SAP_DOLOMIEU/OI_20180930-20181105_COCONI_SAP_DOLOMIEU_Photos/pêche 10/PA163326.JPG
BTS_9c06167c2256304ce6852d820d39d910_COCONI_IRD.JPG,9c06167c2256304ce6852d820d39d910,BTS-Tylosurus-crocodilus,9c06167c2256304ce6852d820d39d910,OI,Senne,20180930,BACKUP_IOTA_20250207/DCF Senne (IRD)/OI-200/297b_OI_20180930-20181105_COCONI_SAP_DOLOMIEU/OI_20180930-20181105_COCONI_SAP_DOLOMIEU_Photos/pêche 11/PA173344.JPG
BTS_bd06129115efb1381a2095f2f9d047ff_COCONI_IRD.JPG,bd06129115efb1381a2095f2f9d047ff,BTS-Tylosurus-crocodilus,bd06129115efb1381a2095f2f9d047ff,OI,Senne,20180930,BACKUP_IOTA_20250207/DCF Senne (IRD)/OI-200/297b_OI_20180930-20181105_COCONI_SAP_DOLOMIEU/OI_20180930-20181105_COCONI_SAP_DOLOMIEU_Photos/pêche 10/PA163323.JPG
BTS_bd420ee7084597c724d3b1894f145329_COCONI_IRD.JPG,bd420ee7084597c724d3b1894f145329,BTS-Tylosurus-crocodilus,bd420ee7084597c724d3b1894f145329,OI,Senne,20180930,BACKUP_IOTA_20250207/DCF Senne (IRD)/OI-200/297b_OI_20180930-20181105_COCONI_SAP_DOLOMIEU/OI_20180930-20181105_COCONI_SAP_DOLOMIEU_Photos/pêche 10/PA163322.JPG
BTS_cf2867a144d80ef488b8c1c9d9a9a743_ABDOUREMANE_ORTHONGEL.JPG,cf2867a144d80ef488b8c1c9d9a9a743,BTS-Tylosurus-crocodilus,,OI,Longline,,
BTS_efa24b782a34ada3705aada1e250cf0a_COCONI_TAAF.JPG,efa24b782a34ada3705aada1e250cf0a,BTS-Tylosurus-crocodilus,efa24b782a34ada3705aada1e250cf0a,OI,Senne,20180403,BACKUP_IOTA_20250207/DCF Senne (TAAF)/2018/18-1b_OI_20180403_20180423_COCONI_CFTO_GLENAN/OI_20180403_20180423_COCONI_CFTO_GLENAN_Photos/P4061256.JPG
BTS_ffbb88dbb84f7ea24312ced66ce7d856_DERRIEN_IRD.jpg,ffbb88dbb84f7ea24312ced66ce7d856,BTS-Tylosurus-crocodilus,ffbb88dbb84f7ea24312ced66ce7d856,OI,Senne,20161217,BACKUP_IOTA_20250207/DCF Senne (IRD)/OI-200/285a_OI_20161217-20170116_DERRIEN_SAP_MANAPANY/OI_20161217-20170116_DERRIEN_SAP_MANAPANY_Photos/BTS/BTS1 (1).jpg
BUM_05195b3583e3415c260355131574a150_ANDREW_ORTHONGEL.JPG,05195b3583e3415c260355131574a150,BUM-Makaira-nigricans,05195b3583e3415c260355131574a150,OI,Senne,20190727,BACKUP_IOTA_20250207/OCUP-OB/OI-700/902a_OI_20190727-20190821_ANDREW_SAP_BELLEISLE/OI_20190727-20190821_ANDREW_SAP_BELLEISLE_Photos/DSCF0292.JPG
BUM_076829d0727863c482760d0c6ef3aa8d_COCONI_IRD.JPG,076829d0727863c482760d0c6ef3aa8d,BUM-Makaira-nigricans,076829d0727863c482760d0c6ef3aa8d,OI,Senne,20180930,BACKUP_IOTA_20250207/DCF Senne (IRD)/OI-200/297b_OI_20180930-20181105_COCONI_SAP_DOLOMIEU/OI_20180930-20181105_COCONI_SAP_DOLOMIEU_Photos/pêche 15/PA203400.JPG
BUM_0884c9f6c79fe17cbc6ac0a77c5e602a_MOUSSY_IRD.JPG,0884c9f6c79fe17cbc6ac0a77c5e602a,BUM-Makaira-nigricans,0884c9f6c79fe17cbc6ac0a77c5e602a,OI,Senne,20190913,BACKUP_IOTA_20250207/DCF Senne (IRD)/OI-200/1207b_OI_20190913-20191016_MOUSSY_SAP_FRANCHE TERRE/OI_20190913-20191016_MOUSSY_SAP_FRANCHE TERRE_Photos/Marée 2/Formulaire B2/P9151516.JPG
BUM_08a88e4f7f0f848ac078979b88e9af24_COCONI_IRD.JPG,08a88e4f7f0f848ac078979b88e9af24,BUM-Makaira-nigricans,08a88e4f7f0f848ac078979b88e9af24,OI,Senne,20190303,BACKUP_IOTA_20250207/DCF Senne (IRD)/OI-200/1201b_OI_20190303-20190327_COCONI_SAP_MANAPANY/OI_20190303-20190327_COCONI_SAP_MANAPANY_Photos/24_03_19/pêche 2/P3240769.JPG
BUM_0bb7d15bbeb818377f61c7eee14dd1c1_KERVAREC_IRD.JPG,0bb7d15bbeb818377f61c7eee14dd1c1,BUM-Makaira-nigricans,0bb7d15bbeb818377f61c7eee14dd1c1,OI,Senne,20160824,BACKUP_IOTA_20250207/DCF Senne (IRD)/OI-200/280b_OI_20160824-20160927_KERVAREC_SAPMER_DOLOMIEU/OI_20160824-20160927_KERVAREC_SAPMER_DOLOMIEU_Photos/Calée 4/MLS 193/DSCF1771.JPG
BUM_0cbcfa71fce0c0e77283711b221f4e33_PIERRE_ORTHONGEL.jpg,0cbcfa71fce0c0e77283711b221f4e33,BUM-Makaira-nigricans,0cbcfa71fce0c0e77283711b221f4e33,OI,Senne,20150717,BACKUP_IOTA_20250207/OCUP-OB/OI-700/735a_OI_20150717-20150820_PIERRE_SAP_BELLE ISLE/OI_20150717-20150820_PIERRE_SAP_BELLE ISLE_Photos/20150807_050542.jpg
BUM_0d17d579a5597189fa94f4d84592305f_KRAMO_ORTHONGEL.JPG,0d17d579a5597189fa94f4d84592305f,BUM-Makaira-nigricans,0d17d579a5597189fa94f4d84592305f,OA,Senne,20191017,BACKUP_IOTA_20250207/OCUP-OB/OA-300/618a_OA_20191017-20191107_KRAMO_CFTO_GEVRED/OA_20191017-20191107_KRAMO_CFTO_GEVRED_Photos/SAM_1902.JPG
BUM_0d77a13fcca2fbe4f20eab8893f5e9b6_COCONI_IRD.JPG,0d77a13fcca2fbe4f20eab8893f5e9b6,BUM-Makaira-nigricans,0d77a13fcca2fbe4f20eab8893f5e9b6,OI,Senne,20180901,BACKUP_IOTA_20250207/DCF Senne (IRD)/OI-200/297a_OI_20180901-20180927_COCONI_SAP_DOLOMIEU/OI_20180901-20180927_COCONI_SAP_DOLOMIEU_Photos/pêche 9/P9152815.JPG
BUM_0feec1cfc21f744086f102d2fb544043_MELAN_IRD.jpg,0feec1cfc21f744086f102d2fb544043,BUM-Makaira-nigricans,0feec1cfc21f744086f102d2fb544043,OI,Senne,20191212,BACKUP_IOTA_20250207/DCF Senne (IRD)/OI-200/1211c_OI_20191212-20191222_MELAN_SAPMER_FRANCHE TERRE/OI_20191212-20191222_MELAN_SAPMER_FRANCHE TERRE_Photos/Calée16_BUM_01f.jpg
BUM_1048b106136d5c4713fe58703a31d54b_KOUAME_ORTHONGEL.JPG,1048b106136d5c4713fe58703a31d54b,BUM-Makaira-nigricans,1048b106136d5c4713fe58703a31d54b,OA,Senne,20140531,BACKUP_IOTA_20250207/OCUP-OB/OA-300/339a_OA_20140531-20140626_KOUAME_SAUPIQUET_VIA EUROS/OA_20140531-20140626_KOUAME_SAUPIQUET_VIAEUROS_Photos/PHOTOS/BUM (2).JPG
BUM_14413d5f7319a1bc6457dd9feed056a6_COCONI_IRD.JPG,14413d5f7319a1bc6457dd9feed056a6,BUM-Makaira-nigricans,14413d5f7319a1bc6457dd9feed056a6,OI,Senne,20180930,BACKUP_IOTA_20250207/DCF Senne (IRD)/OI-200/297b_OI_20180930-20181105_COCONI_SAP_DOLOMIEU/OI_20180930-20181105_COCONI_SAP_DOLOMIEU_Photos/pêche 20/PA233513.JPG
BUM_167677adac9bc38e43a3e64b5d31e407_COCONI_IRD.JPG,167677adac9bc38e43a3e64b5d31e407,BUM-Makaira-nigricans,167677adac9bc38e43a3e64b5d31e407,OI,Senne,20190303,BACKUP_IOTA_20250207/DCF Senne (IRD)/OI-200/1201b_OI_20190303-20190327_COCONI_SAP_MANAPANY/OI_20190303-20190327_COCONI_SAP_MANAPANY_Photos/18_03_19/P3180618.JPG
BUM_1a60d55ed0f5bb4bca601c9c46532dfa_COCONI_IRD.JPG,1a60d55ed0f5bb4bca601c9c46532dfa,BUM-Makaira-nigricans,1a60d55ed0f5bb4bca601c9c46532dfa,OI,Senne,20190303,BACKUP_IOTA_20250207/DCF Senne (IRD)/OI-200/1201b_OI_20190303-20190327_COCONI_SAP_MANAPANY/OI_20190303-20190327_COCONI_SAP_MANAPANY_Photos/24_03_19/pêche 2/P3240750.JPG
BUM_1cf5264e4c51537e9bf2e89c27e66ec4_COCONI_IRD.JPG,1cf5264e4c51537e9bf2e89c27e66ec4,BUM-Makaira-nigricans,1cf5264e4c51537e9bf2e89c27e66ec4,OI,Senne,20180930,BACKUP_IOTA_20250207/DCF Senne (IRD)/OI-200/297b_OI_20180930-20181105_COCONI_SAP_DOLOMIEU/OI_20180930-20181105_COCONI_SAP_DOLOMIEU_Photos/pêche 20/PA233515.JPG
BUM_1e50c2873d25bf7e864fffb2829a8b5a_LOUISE_ORTHONGEL.jpg,1e50c2873d25bf7e864fffb2829a8b5a,BUM-Makaira-nigricans,1e50c2873d25bf7e864fffb2829a8b5a,OI,Senne,20190413,BACKUP_IOTA_20250207/OCUP-OB/OI-700/888a_OI_20190413-20190516_LOUISE_SAP_BELOUVE/OI_20190413-20190516_LOUISE_SAP_BELOUVE_Photos/IMG_20190417_102848.jpg
BUM_205554974198966cecf0943754a3662c_ABDOUREMANE_ORTHONGEL.JPG,205554974198966cecf0943754a3662c,BUM-Makaira-nigricans,205554974198966cecf0943754a3662c,OI,Senne,20180523,BACKUP_IOTA_20250207/OCUP-OB/OI-700/848_OI_20180523-20180709_ABDOUREMANE_CFTO_TORREGIULIA/OI_20180523-20180709_ABDOUREMANE_CFTO_TORRE GIULIA_Photos/DSCF0668.JPG
BUM_2a7f16f2139c20e1bd8367313ed06402_COCONI_IRD.JPG,2a7f16f2139c20e1bd8367313ed06402,BUM-Makaira-nigricans,2a7f16f2139c20e1bd8367313ed06402,OI,Senne,20180901,BACKUP_IOTA_20250207/DCF Senne (IRD)/OI-200/297a_OI_20180901-20180927_COCONI_SAP_DOLOMIEU/OI_20180901-20180927_COCONI_SAP_DOLOMIEU_Photos/pêche 16/P9182897.JPG
BUM_2cb32e9b3407e3141a75d2c106b0c390_COCONI_IRD.JPG,2cb32e9b3407e3141a75d2c106b0c390,BUM-Makaira-nigricans,2cb32e9b3407e3141a75d2c106b0c390,OI,Senne,20180930,BACKUP_IOTA_20250207/DCF Senne (IRD)/OI-200/297b_OI_20180930-20181105_COCONI_SAP_DOLOMIEU/OI_20180930-20181105_COCONI_SAP_DOLOMIEU_Photos/pêche 22/PA253554.JPG
BUM_2eee924d482ad4c28bcb031b4e7775f7_COCONI_IRD.JPG,2eee924d482ad4c28bcb031b4e7775f7,BUM-Makaira-nigricans,2eee924d482ad4c28bcb031b4e7775f7,OI,Senne,20190303,BACKUP_IOTA_20250207/DCF Senne (IRD)/OI-200/1201b_OI_20190303-20190327_COCONI_SAP_MANAPANY/OI_20190303-20190327_COCONI_SAP_MANAPANY_Photos/24_03_19/pêche 2/P3240730.JPG
BUM_2f73272872c05bff116a42c04cc2702b_VARENNE_IRD.JPG,2f73272872c05bff116a42c04cc2702b,BUM-Makaira-nigricans,2f73272872c05bff116a42c04cc2702b,OI,Senne,20130125,BACKUP_IOTA_20250207/DCF Senne (IRD)/OI-200/257a_OI_20130125-20130227_VARENNE_SAP_BERNICA/OI_20131025-20130227_Varenne_SAP_BERNICA_Photos/calée 25.02.2013/26.JPG
BUM_3606a25f208eeb21337aafbf6bade6bb_COULIBALY_ORTHONGEL.JPG,3606a25f208eeb21337aafbf6bade6bb,BUM-Makaira-nigricans,3606a25f208eeb21337aafbf6bade6bb,OA,Senne,20150105,BACKUP_IOTA_20250207/OCUP-OB/OA-300/362_OA_20150105-20150224_COULIBALY_CFTO_GUEOTEC/OA_20150105-20150224_COULIBALY_CFTO_GUEOTEC_Photos/PHOTOS/SAM_0007.JPG
BUM_3782c48b63850ae9f8cc5a6285b3749e_RAKOTOMIRAHO_ORTHONGEL.JPG,3782c48b63850ae9f8cc5a6285b3749e,BUM-Makaira-nigricans,3782c48b63850ae9f8cc5a6285b3749e,OI,Senne,20190618,BACKUP_IOTA_20250207/OCUP-OB/OI-700/893_OI_20190618-20190804_RAKOTOMIRAHO_CFTO_TORREGIULIA/OI_20190618-20190804_RAKOTOMIRAHO_CFTO_TORREGIULIA_Photos/DSCF1224.JPG
BUM_38ed8c166563aac992b8fefc02f79b65_KOSSONOU_ORTHONGEL.JPG,38ed8c166563aac992b8fefc02f79b65,BUM-Makaira-nigricans,38ed8c166563aac992b8fefc02f79b65,OI,Senne,20170318,BACKUP_IOTA_20250207/OCUP-OB/OI-700/799a_OI_20170318-20170408_KOSSONOU_CFTO_CAPSAINTVINCENT/OI_20170318-20170408_KOSSONOU_CFTO_CAPSAINTVINCENT_Photos/5-PHOTOS/SAM_1006.JPG
BUM_3bc938a74af05d342dd7fef46a147de5_COCONI_IRD.JPG,3bc938a74af05d342dd7fef46a147de5,BUM-Makaira-nigricans,3bc938a74af05d342dd7fef46a147de5,OI,Senne,20180930,BACKUP_IOTA_20250207/DCF Senne (IRD)/OI-200/297b_OI_20180930-20181105_COCONI_SAP_DOLOMIEU/OI_20180930-20181105_COCONI_SAP_DOLOMIEU_Photos/pêche 25/PA273590.JPG
BUM_3c290b837a7dae68c1c8227abc622f5c_ANDREW_ORTHONGEL.JPG,3c290b837a7dae68c1c8227abc622f5c,BUM-Makaira-nigricans,3c290b837a7dae68c1c8227abc622f5c,OI,Senne,20190727,BACKUP_IOTA_20250207/OCUP-OB/OI-700/902a_OI_20190727-20190821_ANDREW_SAP_BELLEISLE/OI_20190727-20190821_ANDREW_SAP_BELLEISLE_Photos/DSCF0291.JPG
BUM_3c72d6bd05206dcdcfdd3e64aab32666_COCONI_IRD.JPG,3c72d6bd05206dcdcfdd3e64aab32666,BUM-Makaira-nigricans,3c72d6bd05206dcdcfdd3e64aab32666,OI,Senne,20180901,BACKUP_IOTA_20250207/DCF Senne (IRD)/OI-200/297a_OI_20180901-20180927_COCONI_SAP_DOLOMIEU/OI_20180901-20180927_COCONI_SAP_DOLOMIEU_Photos/pêche 9/P9152816.JPG
BUM_4147c7ae345f7cb1b5c66fe42b117486_MELAN_IRD.jpg,4147c7ae345f7cb1b5c66fe42b117486,BUM-Makaira-nigricans,4147c7ae345f7cb1b5c66fe42b117486,OI,Senne,20191212,BACKUP_IOTA_20250207/DCF Senne (IRD)/OI-200/1211c_OI_20191212-20191222_MELAN_SAPMER_FRANCHE TERRE/OI_20191212-20191222_MELAN_SAPMER_FRANCHE TERRE_Photos/Calée11_BUM_01a.jpg
BUM_421f7ee3fe244b6ff5baae2fe6e9d620_MOUSSY_IRD.JPG,421f7ee3fe244b6ff5baae2fe6e9d620,BUM-Makaira-nigricans,421f7ee3fe244b6ff5baae2fe6e9d620,OI,Senne,20190913,BACKUP_IOTA_20250207/DCF Senne (IRD)/OI-200/1207b_OI_20190913-20191016_MOUSSY_SAP_FRANCHE TERRE/OI_20190913-20191016_MOUSSY_SAP_FRANCHE TERRE_Photos/Marée 2/Formulaire B2/P9151517.JPG
BUM_4635b45ff3af845b8a7c0377202f6e1a_SAGAN_IRD.JPG,4635b45ff3af845b8a7c0377202f6e1a,BUM-Makaira-nigricans,4635b45ff3af845b8a7c0377202f6e1a,OI,Senne,20150704,BACKUP_IOTA_20250207/DCF Senne (IRD)/OI-200/272b_OI_20150704-20150817_SAGAN_SAPMER_BELOUVE/OI_20150704-20150817_SAGAN_SAPMER_BELOUVE_Photos/DSCF1798.JPG
BUM_46a105652f70933e9cbda585cfa906c7_LEMOAL_IRD.JPG,46a105652f70933e9cbda585cfa906c7,BUM-Makaira-nigricans,46a105652f70933e9cbda585cfa906c7,OI,Senne,20200122,BACKUP_IOTA_20250207/DCF Senne (IRD)/OI-200/1212b_OI_20200122-20200226_LE MOAL_SAPMER_DOLOMIEU/OI_20200122-20200226_LE MOAL_SAPMER_DOLOMIEU_Photos/Calée 30/BLM 15.JPG
BUM_47a192186faea1674254379f63a39a04_VEGA_IRD.JPG,47a192186faea1674254379f63a39a04,BUM-Makaira-nigricans,47a192186faea1674254379f63a39a04,OI,Senne,20190203,BACKUP_IOTA_20250207/DCF Senne (IRD)/OI-200/1200b_OI_20190203-20190311_VEGA_SAP_BERNICA/OI_20190203-20190311_VEGA_SAP_BERNICA_Photos/DSCF4311.JPG
BUM_4825df080c6d2731173a6fc5ab28dd8a_COCONI_IRD.JPG,4825df080c6d2731173a6fc5ab28dd8a,BUM-Makaira-nigricans,4825df080c6d2731173a6fc5ab28dd8a,OI,Senne,20190127,BACKUP_IOTA_20250207/DCF Senne (IRD)/OI-200/1201a_OI_20190127-20190227_COCONI_SAP_MANAPANY/OI_20190127-20190227_COCONI_SAP_MANAPANY_Photos/24_02_19/pêche 2/P2240414.JPG
BUM_493d35546486328b80d87b23cac5b2e6_COCONI_IRD.JPG,493d35546486328b80d87b23cac5b2e6,BUM-Makaira-nigricans,493d35546486328b80d87b23cac5b2e6,OI,Senne,20180930,BACKUP_IOTA_20250207/DCF Senne (IRD)/OI-200/297b_OI_20180930-20181105_COCONI_SAP_DOLOMIEU/OI_20180930-20181105_COCONI_SAP_DOLOMIEU_Photos/pêche 22/PA253555.JPG
BUM_4c6998422e433980b483e384243d1815_MARIELEPOTTEVIN_TAAF.JPG,4c6998422e433980b483e384243d1815,BUM-Makaira-nigricans,4c6998422e433980b483e384243d1815,OI,Senne,20170302,BACKUP_IOTA_20250207/DCF Senne (TAAF)/2017/17-3a_OI_20170302-20170329_MARIELEPOITTEVIN_SAPMER_BELOUVE_TAAF_IRD/OI_20170302-20170329_MARIELEPOITTEVIN_SAPMER_BELOUVE_TAAF_IRD_Photos/Photos/P3130182.JPG
BUM_55eed928e2f000c7e6602a04e0faf145_LEGOULGOC_TAAF.JPG,55eed928e2f000c7e6602a04e0faf145,BUM-Makaira-nigricans,55eed928e2f000c7e6602a04e0faf145,OI,Senne,20110412,BACKUP_IOTA_20250207/DCF Senne (TAAF)/2011/TAAF11-3_OI_20110412-20110519_SAP_MANAPANY_LeFoulgoc/OI_20110412-20110519_SAP_TAAF11-3_MANAPANY_LeFoulgoc_Photos/P1010898.JPG
BUM_5acb07a81e9f8444dde8fdeba3af5cbf_CHEVALLEY_ORTHONGEL.JPG,5acb07a81e9f8444dde8fdeba3af5cbf,BUM-Makaira-nigricans,5acb07a81e9f8444dde8fdeba3af5cbf,OI,Senne,20150208,BACKUP_IOTA_20250207/OCUP-OB/OI-700/718c_OI_20150208-20150224_CHEVALLEY_SAPMER_BELLE ISLE/OI_20150208-20150224_CHEVALLEY_SAPMER_BELLE ISLE_Photos/PHOTOS/SAM_0048.JPG
BUM_5d1aea79cc7943863955b4bfad40358e_COCONI_IRD.JPG,5d1aea79cc7943863955b4bfad40358e,BUM-Makaira-nigricans,5d1aea79cc7943863955b4bfad40358e,OI,Senne,20180930,BACKUP_IOTA_20250207/DCF Senne (IRD)/OI-200/297b_OI_20180930-20181105_COCONI_SAP_DOLOMIEU/OI_20180930-20181105_COCONI_SAP_DOLOMIEU_Photos/pêche 27/PA283611.JPG
BUM_5dcff8ebaf9ba027b41dcd61518e394c_ABDOUREMANE_ORTHONGEL.JPG,5dcff8ebaf9ba027b41dcd61518e394c,BUM-Makaira-nigricans,5dcff8ebaf9ba027b41dcd61518e394c,OI,Senne,20180523,BACKUP_IOTA_20250207/OCUP-OB/OI-700/848_OI_20180523-20180709_ABDOUREMANE_CFTO_TORREGIULIA/OI_20180523-20180709_ABDOUREMANE_CFTO_TORRE GIULIA_Photos/DSCF0671.JPG
BUM_5dd27e23694bddb3044614bb0db57d05_GAUTIER_IRD.JPG,5dd27e23694bddb3044614bb0db57d05,BUM-Makaira-nigricans,5dd27e23694bddb3044614bb0db57d05,OI,Senne,20190918,BACKUP_IOTA_20250207/DCF Senne (IRD)/OI-200/1208b_OI_20190918-20191018_GAUTIER_SAP_DOLOMIEU/OI_20190918-20191018_GAUTIER_SAP_DOLOMIEU_Photos/10_Référence_BUM/DSCF4542.JPG
BUM_5e55954bba2a4a9ff00a4a751b7944d3_COCONI_IRD.JPG,5e55954bba2a4a9ff00a4a751b7944d3,BUM-Makaira-nigricans,5e55954bba2a4a9ff00a4a751b7944d3,OI,Senne,20180901,BACKUP_IOTA_20250207/DCF Senne (IRD)/OI-200/297a_OI_20180901-20180927_COCONI_SAP_DOLOMIEU/OI_20180901-20180927_COCONI_SAP_DOLOMIEU_Photos/pêche 9/P9152813.JPG
BUM_5f5c187cb5252701de18391bc230942c_RAKOTOMIRAHO_ORTHONGEL.JPG,5f5c187cb5252701de18391bc230942c,BUM-Makaira-nigricans,5f5c187cb5252701de18391bc230942c,OI,Senne,20190618,BACKUP_IOTA_20250207/OCUP-OB/OI-700/893_OI_20190618-20190804_RAKOTOMIRAHO_CFTO_TORREGIULIA/OI_20190618-20190804_RAKOTOMIRAHO_CFTO_TORREGIULIA_Photos/DSCF1225.JPG
BUM_6322ed3831cd55f01664ec4b298139ef_COCONI_IRD.JPG,6322ed3831cd55f01664ec4b298139ef,BUM-Makaira-nigricans,6322ed3831cd55f01664ec4b298139ef,OI,Senne,20180901,BACKUP_IOTA_20250207/DCF Senne (IRD)/OI-200/297a_OI_20180901-20180927_COCONI_SAP_DOLOMIEU/OI_20180901-20180927_COCONI_SAP_DOLOMIEU_Photos/pêche 9/P9152818.JPG
BUM_66fe7e91c88ed3dea58008d60f22a69b_COCONI_IRD.JPG,66fe7e91c88ed3dea58008d60f22a69b,BUM-Makaira-nigricans,66fe7e91c88ed3dea58008d60f22a69b,OI,Senne,20180930,BACKUP_IOTA_20250207/DCF Senne (IRD)/OI-200/297b_OI_20180930-20181105_COCONI_SAP_DOLOMIEU/OI_20180930-20181105_COCONI_SAP_DOLOMIEU_Photos/pêche 22/PA253561.JPG
BUM_6755b862749604d5fca86582f191d6c7_MELAN_IRD.JPG,6755b862749604d5fca86582f191d6c7,BUM-Makaira-nigricans,6755b862749604d5fca86582f191d6c7,OA,Senne,20190525,BACKUP_IOTA_20250207/DCF Senne (IRD)/OA-100/1105_OA_20190525-20190715_MELAN_CFTO_PENDRUC/OA_20190525-20190715_MELAN_CFTO_PENDRUC_Photos/N°42.JPG
BUM_6983cd7f7f176af2e724f4dceb91d4d4_KAUFFMAN_TAAF.JPG,6983cd7f7f176af2e724f4dceb91d4d4,BUM-Makaira-nigricans,6983cd7f7f176af2e724f4dceb91d4d4,OI,Senne,20130305,BACKUP_IOTA_20250207/DCF Senne (TAAF)/2013/TAAF2013-1 MANAPANY Kauffmann/OI_20130305-20130424_TAAF_KAUFFMAN_MANAPANY_Photos/MARS/20.03/calée 6/P3200003.JPG
BUM_69afd2a0147cd151e2f3becb7777a7c6_ZOUZOUGBO_IRD.JPG,69afd2a0147cd151e2f3becb7777a7c6,BUM-Makaira-nigricans,69afd2a0147cd151e2f3becb7777a7c6,OA,Senne,20141106,BACKUP_IOTA_20250207/DCF Senne (IRD)/OA-100/165_OA_20141106_20141228_ZOUZOUGBO_CFTO_CAPBOJADOR/OA_20141106_20141228_ZOUZOUGBO_CFTO_CAPBOJADOR_Photos/IMG_1062.JPG
BUM_6b20eb262ec9ed5947bbb90b197c87de_COCONI_IRD.JPG,6b20eb262ec9ed5947bbb90b197c87de,BUM-Makaira-nigricans,6b20eb262ec9ed5947bbb90b197c87de,OI,Senne,20190127,BACKUP_IOTA_20250207/DCF Senne (IRD)/OI-200/1201a_OI_20190127-20190227_COCONI_SAP_MANAPANY/OI_20190127-20190227_COCONI_SAP_MANAPANY_Photos/24_02_19/pêche 2/P2240412.JPG
BUM_6bc7ed920c98f6fb49a27a7d7b08c6f3_MELAN_IRD.jpg,6bc7ed920c98f6fb49a27a7d7b08c6f3,BUM-Makaira-nigricans,6bc7ed920c98f6fb49a27a7d7b08c6f3,OI,Senne,20191212,BACKUP_IOTA_20250207/DCF Senne (IRD)/OI-200/1211c_OI_20191212-20191222_MELAN_SAPMER_FRANCHE TERRE/OI_20191212-20191222_MELAN_SAPMER_FRANCHE TERRE_Photos/Calée17_BUM_01a.jpg
BUM_6c49eb91dad417ca68fe5764d44f24a4_GASPARD_TAAF.JPG,6c49eb91dad417ca68fe5764d44f24a4,BUM-Makaira-nigricans,6c49eb91dad417ca68fe5764d44f24a4,OI,Senne,20110510,BACKUP_IOTA_20250207/DCF Senne (TAAF)/2011/TAAF11-6_OI_20110510-20110609_SAP_BERNICA_Gaspard/OI_20110510-20110609_SAP_TAAF11-6_BERNICA_Gaspard_Photos/Raies Manta et marlins/Marlin 106.JPG
BUM_6c739b864553707050995005cd24af56_VEGA_IRD.JPG,6c739b864553707050995005cd24af56,BUM-Makaira-nigricans,6c739b864553707050995005cd24af56,OI,Senne,20190203,BACKUP_IOTA_20250207/DCF Senne (IRD)/OI-200/1200b_OI_20190203-20190311_VEGA_SAP_BERNICA/OI_20190203-20190311_VEGA_SAP_BERNICA_Photos/DSCF4256.JPG
BUM_6e2afb09e0477c6379577b326872a7d4_KOSSONOU_ORTHONGEL.JPG,6e2afb09e0477c6379577b326872a7d4,BUM-Makaira-nigricans,6e2afb09e0477c6379577b326872a7d4,OI,Senne,20170318,BACKUP_IOTA_20250207/OCUP-OB/OI-700/799a_OI_20170318-20170408_KOSSONOU_CFTO_CAPSAINTVINCENT/OI_20170318-20170408_KOSSONOU_CFTO_CAPSAINTVINCENT_Photos/5-PHOTOS/SAM_1009.JPG
BUM_7a4abe159a5d7ffd3b597252334cffa6_COCONI_IRD.JPG,7a4abe159a5d7ffd3b597252334cffa6,BUM-Makaira-nigricans,7a4abe159a5d7ffd3b597252334cffa6,OI,Senne,20190303,BACKUP_IOTA_20250207/DCF Senne (IRD)/OI-200/1201b_OI_20190303-20190327_COCONI_SAP_MANAPANY/OI_20190303-20190327_COCONI_SAP_MANAPANY_Photos/24_03_19/pêche 2/P3240734.JPG
BUM_7b2eae6561647ea8fa1dce05796de6f5_COCONI_IRD.JPG,7b2eae6561647ea8fa1dce05796de6f5,BUM-Makaira-nigricans,7b2eae6561647ea8fa1dce05796de6f5,OI,Senne,20180930,BACKUP_IOTA_20250207/DCF Senne (IRD)/OI-200/297b_OI_20180930-20181105_COCONI_SAP_DOLOMIEU/OI_20180930-20181105_COCONI_SAP_DOLOMIEU_Photos/pêche 27/PA283602.JPG
BUM_7bd0ba098a696d1060b820e27ed3d681_ABDOUREMANE_ORTHONGEL.JPG,7bd0ba098a696d1060b820e27ed3d681,BUM-Makaira-nigricans,7bd0ba098a696d1060b820e27ed3d681,OI,Senne,20180523,BACKUP_IOTA_20250207/OCUP-OB/OI-700/848_OI_20180523-20180709_ABDOUREMANE_CFTO_TORREGIULIA/OI_20180523-20180709_ABDOUREMANE_CFTO_TORRE GIULIA_Photos/DSCF0672.JPG
BUM_7c53548d268988dc0f3745d144bb7699_RAKOTOMIRAHO_ORTHONGEL.JPG,7c53548d268988dc0f3745d144bb7699,BUM-Makaira-nigricans,7c53548d268988dc0f3745d144bb7699,OI,Senne,20190618,BACKUP_IOTA_20250207/OCUP-OB/OI-700/893_OI_20190618-20190804_RAKOTOMIRAHO_CFTO_TORREGIULIA/OI_20190618-20190804_RAKOTOMIRAHO_CFTO_TORREGIULIA_Photos/DSCF1210.JPG
BUM_7f9c22106762a8d1990d182e2d10fc58_MARIELEPOTTEVIN_TAAF.JPG,7f9c22106762a8d1990d182e2d10fc58,BUM-Makaira-nigricans,7f9c22106762a8d1990d182e2d10fc58,OI,Senne,20170302,BACKUP_IOTA_20250207/DCF Senne (TAAF)/2017/17-3a_OI_20170302-20170329_MARIELEPOITTEVIN_SAPMER_BELOUVE_TAAF_IRD/OI_20170302-20170329_MARIELEPOITTEVIN_SAPMER_BELOUVE_TAAF_IRD_Photos/Photos/P3130186.JPG
BUM_8049d9de80bf5cb760950aa145f89fb3_COCONI_IRD.JPG,8049d9de80bf5cb760950aa145f89fb3,BUM-Makaira-nigricans,8049d9de80bf5cb760950aa145f89fb3,OI,Senne,20180930,BACKUP_IOTA_20250207/DCF Senne (IRD)/OI-200/297b_OI_20180930-20181105_COCONI_SAP_DOLOMIEU/OI_20180930-20181105_COCONI_SAP_DOLOMIEU_Photos/pêche 15/PA203405.JPG
BUM_82b80172c17d89d2a91a3e65d02ae237_MARIELEPOTTEVIN_TAAF.JPG,82b80172c17d89d2a91a3e65d02ae237,BUM-Makaira-nigricans,82b80172c17d89d2a91a3e65d02ae237,OI,Senne,20170302,BACKUP_IOTA_20250207/DCF Senne (TAAF)/2017/17-3a_OI_20170302-20170329_MARIELEPOITTEVIN_SAPMER_BELOUVE_TAAF_IRD/OI_20170302-20170329_MARIELEPOITTEVIN_SAPMER_BELOUVE_TAAF_IRD_Photos/Photos/P3130184.JPG
BUM_831d8a725e2defad2c13cbab455f231e_KAUFFMAN_TAAF.JPG,831d8a725e2defad2c13cbab455f231e,BUM-Makaira-nigricans,831d8a725e2defad2c13cbab455f231e,OI,Senne,20130305,BACKUP_IOTA_20250207/DCF Senne (TAAF)/2013/TAAF2013-1 MANAPANY Kauffmann/OI_20130305-20130424_TAAF_KAUFFMAN_MANAPANY_Photos/MARS/20.03/calée 6/P3200006.JPG
BUM_83954f3c344f2399e3871bc09fb42475_CHEVALLEY_ORTHONGEL.JPG,83954f3c344f2399e3871bc09fb42475,BUM-Makaira-nigricans,83954f3c344f2399e3871bc09fb42475,OI,Senne,20150208,BACKUP_IOTA_20250207/OCUP-OB/OI-700/718c_OI_20150208-20150224_CHEVALLEY_SAPMER_BELLE ISLE/OI_20150208-20150224_CHEVALLEY_SAPMER_BELLE ISLE_Photos/PHOTOS/SAM_0043.JPG
BUM_842fb227e9ab26cacd658af67d293333_RAKOTOMIRAHO_ORTHONGEL.JPG,842fb227e9ab26cacd658af67d293333,BUM-Makaira-nigricans,842fb227e9ab26cacd658af67d293333,OI,Senne,20190618,BACKUP_IOTA_20250207/OCUP-OB/OI-700/893_OI_20190618-20190804_RAKOTOMIRAHO_CFTO_TORREGIULIA/OI_20190618-20190804_RAKOTOMIRAHO_CFTO_TORREGIULIA_Photos/DSCF1226.JPG
BUM_8469eb9810f9730c8c8dfffa8c366bd8_SAGAN_IRD.JPG,8469eb9810f9730c8c8dfffa8c366bd8,BUM-Makaira-nigricans,8469eb9810f9730c8c8dfffa8c366bd8,OI,Senne,20150704,BACKUP_IOTA_20250207/DCF Senne (IRD)/OI-200/272b_OI_20150704-20150817_SAGAN_SAPMER_BELOUVE/OI_20150704-20150817_SAGAN_SAPMER_BELOUVE_Photos/DSCF1800.JPG
BUM_84e7a60d883cc55b370bf59efcea566d_CAMARA_ORTHONGEL.JPG,84e7a60d883cc55b370bf59efcea566d,BUM-Makaira-nigricans,84e7a60d883cc55b370bf59efcea566d,OA,Senne,20190616,BACKUP_IOTA_20250207/OCUP-OB/OA-300/601_OA_20190616-20190728_CAMARA_SPQT_VIAEUROS/OA_20190616-20190728_CAMARA_SPQT_VIAEUROS_Photos/DSCF8342.JPG
BUM_858d73f37bcbeb54136a60c0aa7bc7d5_COCONI_IRD.JPG,858d73f37bcbeb54136a60c0aa7bc7d5,BUM-Makaira-nigricans,858d73f37bcbeb54136a60c0aa7bc7d5,OI,Senne,20190303,BACKUP_IOTA_20250207/DCF Senne (IRD)/OI-200/1201b_OI_20190303-20190327_COCONI_SAP_MANAPANY/OI_20190303-20190327_COCONI_SAP_MANAPANY_Photos/24_03_19/pêche 2/P3240754.JPG
BUM_868c61b5cfa8e208af064fcd821cbd2e_COCONI_IRD.JPG,868c61b5cfa8e208af064fcd821cbd2e,BUM-Makaira-nigricans,868c61b5cfa8e208af064fcd821cbd2e,OI,Senne,20180901,BACKUP_IOTA_20250207/DCF Senne (IRD)/OI-200/297a_OI_20180901-20180927_COCONI_SAP_DOLOMIEU/OI_20180901-20180927_COCONI_SAP_DOLOMIEU_Photos/pêche 9/P9152814.JPG
BUM_86d11f2510ffdd01a3756d1f932e92c3_VEGA_IRD.JPG,86d11f2510ffdd01a3756d1f932e92c3,BUM-Makaira-nigricans,86d11f2510ffdd01a3756d1f932e92c3,OI,Senne,20180922,BACKUP_IOTA_20250207/DCF Senne (IRD)/OI-200/296a_OI_20180922-20181023_VEGA_CFTO_TREVIGNON/OI_20180922-20181023_VEGA_CFTO_TREVIGNON_Photos/DSCF0685.JPG
BUM_8ab7ac7d9b14cc8726206827309527df_COCONI_IRD.JPG,8ab7ac7d9b14cc8726206827309527df,BUM-Makaira-nigricans,8ab7ac7d9b14cc8726206827309527df,OI,Senne,20180930,BACKUP_IOTA_20250207/DCF Senne (IRD)/OI-200/297b_OI_20180930-20181105_COCONI_SAP_DOLOMIEU/OI_20180930-20181105_COCONI_SAP_DOLOMIEU_Photos/pêche 20/PA233520.JPG
BUM_91fb7218bcd974ec053948951a2e8706_MONIN_IRD.jpg,91fb7218bcd974ec053948951a2e8706,BUM-Makaira-nigricans,91fb7218bcd974ec053948951a2e8706,OA,Senne,20190502,BACKUP_IOTA_20250207/DCF Senne (IRD)/OA-100/1104_OA_20190502-20190622_MONIN_CFTO_GEVRED/OA_20190502-20190622_MONIN_CFTO_GEVRED_Photos/photo du 14062019/Calée 42 (2).jpg
BUM_9231657f8da00abf11c98b37eabb128e_KERVAREC_IRD.JPG,9231657f8da00abf11c98b37eabb128e,BUM-Makaira-nigricans,9231657f8da00abf11c98b37eabb128e,OI,Senne,20160824,BACKUP_IOTA_20250207/DCF Senne (IRD)/OI-200/280b_OI_20160824-20160927_KERVAREC_SAPMER_DOLOMIEU/OI_20160824-20160927_KERVAREC_SAPMER_DOLOMIEU_Photos/Calée 4/MLS 193/DSCF1772.JPG
BUM_95b0dbcc1a7f8685dfb1bcfe2e37eddf_MELAN_IRD.jpg,95b0dbcc1a7f8685dfb1bcfe2e37eddf,BUM-Makaira-nigricans,95b0dbcc1a7f8685dfb1bcfe2e37eddf,OI,Senne,20191212,BACKUP_IOTA_20250207/DCF Senne (IRD)/OI-200/1211c_OI_20191212-20191222_MELAN_SAPMER_FRANCHE TERRE/OI_20191212-20191222_MELAN_SAPMER_FRANCHE TERRE_Photos/Calée11_BUM_01f.jpg
BUM_9705cef284d95d6ad2895027e497bc9d_COCONI_IRD.JPG,9705cef284d95d6ad2895027e497bc9d,BUM-Makaira-nigricans,9705cef284d95d6ad2895027e497bc9d,OI,Senne,20190303,BACKUP_IOTA_20250207/DCF Senne (IRD)/OI-200/1201b_OI_20190303-20190327_COCONI_SAP_MANAPANY/OI_20190303-20190327_COCONI_SAP_MANAPANY_Photos/04_03_19/pêche 3/P3040454.JPG
BUM_9b52984afce651a72e470f2c705ef004_COCONI_IRD.JPG,9b52984afce651a72e470f2c705ef004,BUM-Makaira-nigricans,9b52984afce651a72e470f2c705ef004,OI,Senne,20190303,BACKUP_IOTA_20250207/DCF Senne (IRD)/OI-200/1201b_OI_20190303-20190327_COCONI_SAP_MANAPANY/OI_20190303-20190327_COCONI_SAP_MANAPANY_Photos/04_03_19/pêche 3/P3040452.JPG
BUM_9ece6eac1cbb47e9c04bbdf797472b3d_CHEVALLEY_ORTHONGEL.JPG,9ece6eac1cbb47e9c04bbdf797472b3d,BUM-Makaira-nigricans,9ece6eac1cbb47e9c04bbdf797472b3d,OI,Senne,20150208,BACKUP_IOTA_20250207/OCUP-OB/OI-700/718c_OI_20150208-20150224_CHEVALLEY_SAPMER_BELLE ISLE/OI_20150208-20150224_CHEVALLEY_SAPMER_BELLE ISLE_Photos/PHOTOS/SAM_0033.JPG
BUM_9ff981806bbba8c7480b8ac20ead0567_VEGA_IRD.JPG,9ff981806bbba8c7480b8ac20ead0567,BUM-Makaira-nigricans,9ff981806bbba8c7480b8ac20ead0567,OI,Senne,20190203,BACKUP_IOTA_20250207/DCF Senne (IRD)/OI-200/1200b_OI_20190203-20190311_VEGA_SAP_BERNICA/OI_20190203-20190311_VEGA_SAP_BERNICA_Photos/DSCF4219.JPG
BUM_a11cb5237627e46ec3c626bdc3e9971d_LABROSSE_IRD.JPG,a11cb5237627e46ec3c626bdc3e9971d,BUM-Makaira-nigricans,a11cb5237627e46ec3c626bdc3e9971d,OI,Senne,20190423,BACKUP_IOTA_20250207/OCUP-OB/OI-700/885c_OI_20190423-20190512_LABROSSE_SAP_BELLERIVE/OI_20190423-20190512_LABROSSE_SAP_BELLERIVE_Photos/Set01 BUM 23.04.19/DSCF0629.JPG
BUM_a1b3dfe87257af06e2da5f2802b67835_ASSAMI_ORTHONGEL.JPG,a1b3dfe87257af06e2da5f2802b67835,BUM-Makaira-nigricans,a1b3dfe87257af06e2da5f2802b67835,OA,Senne,20181010,BACKUP_IOTA_20250207/OCUP-OB/OA-300/568_OA_20181010-20181126_ASSAMI_CFTO_GUERIDEN/OA_20181010-20181126_ASSAMI_CFTO_GUERIDEN_Photos/DSCF1044.JPG
BUM_a44ca99b58a025be6c79a7604cecaec4_DOIN_TAAF.JPG,a44ca99b58a025be6c79a7604cecaec4,BUM-Makaira-nigricans,a44ca99b58a025be6c79a7604cecaec4,OI,Senne,20160413,BACKUP_IOTA_20250207/DCF Senne (TAAF)/2016/16-3b_OI_20160413-20160521_DOIN_SAPMER_BELOUVE/OI_20160413-20160521_DOIN_SAPMER_BELOUVE_Photos/P4190787_MLS_20160419.JPG
BUM_a63b0e6ea45136501ae04666ed0a14a3_LEMOAL_IRD.JPG,a63b0e6ea45136501ae04666ed0a14a3,BUM-Makaira-nigricans,a63b0e6ea45136501ae04666ed0a14a3,OI,Senne,20200122,BACKUP_IOTA_20250207/DCF Senne (IRD)/OI-200/1212b_OI_20200122-20200226_LE MOAL_SAPMER_DOLOMIEU/OI_20200122-20200226_LE MOAL_SAPMER_DOLOMIEU_Photos/Calée 30/BLM 14.JPG
BUM_a747ea9472d78fc71b82aa061a09ac13_VEGA_IRD.JPG,a747ea9472d78fc71b82aa061a09ac13,BUM-Makaira-nigricans,a747ea9472d78fc71b82aa061a09ac13,OI,Senne,20180922,BACKUP_IOTA_20250207/DCF Senne (IRD)/OI-200/296a_OI_20180922-20181023_VEGA_CFTO_TREVIGNON/OI_20180922-20181023_VEGA_CFTO_TREVIGNON_Photos/DSCF0684.JPG
BUM_a950b70ea0a8c7c6991b0c01df2e8217_VEGA_IRD.JPG,a950b70ea0a8c7c6991b0c01df2e8217,BUM-Makaira-nigricans,a950b70ea0a8c7c6991b0c01df2e8217,OI,Senne,20180922,BACKUP_IOTA_20250207/DCF Senne (IRD)/OI-200/296a_OI_20180922-20181023_VEGA_CFTO_TREVIGNON/OI_20180922-20181023_VEGA_CFTO_TREVIGNON_Photos/DSCF0686.JPG
BUM_ab7792ad824cfaad589b5d12a314917a_QUEMIN_TAAF.JPG,ab7792ad824cfaad589b5d12a314917a,BUM-Makaira-nigricans,ab7792ad824cfaad589b5d12a314917a,OI,Senne,20150311,BACKUP_IOTA_20250207/DCF Senne (TAAF)/2015/15-2a&b_Quemin_FRANCHETERRE/Copie CD/OI_20150311-20150329_QUEMIN_SAPMER_FRANCHETERRE_IRD-Armement_Photos/Marlins/P4131104.JPG
BUM_ada1a037c0ae5019e8b6f1a74b7e78aa_GAUTIER_IRD.JPG,ada1a037c0ae5019e8b6f1a74b7e78aa,BUM-Makaira-nigricans,ada1a037c0ae5019e8b6f1a74b7e78aa,OI,Senne,20190918,BACKUP_IOTA_20250207/DCF Senne (IRD)/OI-200/1208b_OI_20190918-20191018_GAUTIER_SAP_DOLOMIEU/OI_20190918-20191018_GAUTIER_SAP_DOLOMIEU_Photos/10_Référence_BUM/DSCF4540.JPG
BUM_adb09dc1655ac30f5cfa572fa8accfc4_COCONI_IRD.JPG,adb09dc1655ac30f5cfa572fa8accfc4,BUM-Makaira-nigricans,adb09dc1655ac30f5cfa572fa8accfc4,OI,Senne,20180901,BACKUP_IOTA_20250207/DCF Senne (IRD)/OI-200/297a_OI_20180901-20180927_COCONI_SAP_DOLOMIEU/OI_20180901-20180927_COCONI_SAP_DOLOMIEU_Photos/pêche 16/P9182899.JPG
BUM_b0171b79cffda6ab5090f396a571ecc8_CAMARA_ORTHONGEL.JPG,b0171b79cffda6ab5090f396a571ecc8,BUM-Makaira-nigricans,b0171b79cffda6ab5090f396a571ecc8,OA,Senne,20190616,BACKUP_IOTA_20250207/OCUP-OB/OA-300/601_OA_20190616-20190728_CAMARA_SPQT_VIAEUROS/OA_20190616-20190728_CAMARA_SPQT_VIAEUROS_Photos/DSCF8304.JPG
BUM_b0db267db122b63c31c9a27548a0b1db_ABDOUREMANE_ORTHONGEL.JPG,b0db267db122b63c31c9a27548a0b1db,BUM-Makaira-nigricans,b0db267db122b63c31c9a27548a0b1db,OI,Senne,20190309,BACKUP_IOTA_20250207/OCUP-OB/OI-700/878b_OI_20190309-20190409_ABDOUREMANE_SAP_BELOUVE/OI_20190309-20190409_ABDOUREMANE_SAP_BELOUVE_Photos/DSCF1171.JPG
BUM_b36f7c21b1c8dcf82b878c25ee19de99_COCONI_IRD.JPG,b36f7c21b1c8dcf82b878c25ee19de99,BUM-Makaira-nigricans,b36f7c21b1c8dcf82b878c25ee19de99,OI,Senne,20190303,BACKUP_IOTA_20250207/DCF Senne (IRD)/OI-200/1201b_OI_20190303-20190327_COCONI_SAP_MANAPANY/OI_20190303-20190327_COCONI_SAP_MANAPANY_Photos/18_03_19/P3180620.JPG
BUM_b4de5037cd0ace835c5fcb919275db44_GASPARD_TAAF.JPG,b4de5037cd0ace835c5fcb919275db44,BUM-Makaira-nigricans,b4de5037cd0ace835c5fcb919275db44,OI,Senne,20110510,BACKUP_IOTA_20250207/DCF Senne (TAAF)/2011/TAAF11-6_OI_20110510-20110609_SAP_BERNICA_Gaspard/OI_20110510-20110609_SAP_TAAF11-6_BERNICA_Gaspard_Photos/Raies Manta et marlins/Marlin 030.JPG
BUM_bace241ef83ef18a1dc5095dead0c2bc_DOIN_TAAF.JPG,bace241ef83ef18a1dc5095dead0c2bc,BUM-Makaira-nigricans,bace241ef83ef18a1dc5095dead0c2bc,OI,Senne,20160413,BACKUP_IOTA_20250207/DCF Senne (TAAF)/2016/16-3b_OI_20160413-20160521_DOIN_SAPMER_BELOUVE/OI_20160413-20160521_DOIN_SAPMER_BELOUVE_Photos/P4220852_BUM_20160422.JPG
BUM_bc1c0e97f2c255372161d5bec7d413ca_COCONI_IRD.JPG,bc1c0e97f2c255372161d5bec7d413ca,BUM-Makaira-nigricans,bc1c0e97f2c255372161d5bec7d413ca,OI,Senne,20190303,BACKUP_IOTA_20250207/DCF Senne (IRD)/OI-200/1201b_OI_20190303-20190327_COCONI_SAP_MANAPANY/OI_20190303-20190327_COCONI_SAP_MANAPANY_Photos/20_03_19/P3200642.JPG
BUM_bc4c28cf0547932d432c2d0076e8a186_COCONI_IRD.JPG,bc4c28cf0547932d432c2d0076e8a186,BUM-Makaira-nigricans,bc4c28cf0547932d432c2d0076e8a186,OI,Senne,20190303,BACKUP_IOTA_20250207/DCF Senne (IRD)/OI-200/1201b_OI_20190303-20190327_COCONI_SAP_MANAPANY/OI_20190303-20190327_COCONI_SAP_MANAPANY_Photos/20_03_19/P3200635.JPG
BUM_bd09042129b47d571f82716a5356c0c2_COCONI_IRD.JPG,bd09042129b47d571f82716a5356c0c2,BUM-Makaira-nigricans,bd09042129b47d571f82716a5356c0c2,OI,Senne,20180930,BACKUP_IOTA_20250207/DCF Senne (IRD)/OI-200/297b_OI_20180930-20181105_COCONI_SAP_DOLOMIEU/OI_20180930-20181105_COCONI_SAP_DOLOMIEU_Photos/pêche 27/PA283603.JPG
BUM_c38c23f73e24d1e056818f2d549d18ec_AIRAUD_ORTHONGEL.JPG,c38c23f73e24d1e056818f2d549d18ec,BUM-Makaira-nigricans,c38c23f73e24d1e056818f2d549d18ec,OI,Senne,20190119,BACKUP_IOTA_20250207/OCUP-OB/OI-700/877a_OI_20190119-20190218_AIRAUD_CFTO_CAPSTVINCENT/OI_20190119-20190218_AIRAUD_CFTO_CAPSTVINCENT_Photos/calÇe 3/1.JPG
BUM_c59c9db4075028b38a50be4172a83d79_KOUAME_IRD.JPG,c59c9db4075028b38a50be4172a83d79,BUM-Makaira-nigricans,c59c9db4075028b38a50be4172a83d79,OA,Senne,20190331,BACKUP_IOTA_20250207/DCF Senne (IRD)/OA-100/1102c_OA_20190331-20190429_KOUAME_CFTO_GEVRED/OA_20190331-20190429_KOUAME_CFTO_GEVRED_Photos/01.JPG
BUM_d0b29587af04413393f0914576f33cd2_SOW_ORTHONGEL.JPG,d0b29587af04413393f0914576f33cd2,BUM-Makaira-nigricans,d0b29587af04413393f0914576f33cd2,OA,Senne,20170511,BACKUP_IOTA_20250207/OCUP-OB/OA-300/500_OA_20170511-20170610_SOW_CFTO_AVELVOR/OA_20170511-20170610_SOW_CFTO_AVELVOR_Photos/5-PHOTOS/SAM_0019.JPG
BUM_d63942a42f583ab3777246b1c53fccc1_MOUSSY_IRD.JPG,d63942a42f583ab3777246b1c53fccc1,BUM-Makaira-nigricans,d63942a42f583ab3777246b1c53fccc1,OI,Senne,20190816,BACKUP_IOTA_20250207/DCF Senne (IRD)/OI-200/1207a_OI_20190816-20190908_MOUSSY_SAP_FRANCHE TERRE/OI_20190816-20190908_MOUSSY_SAP_FRANCHE TERRE_Photos/Marée 1/Formulaire B26/P9041525.JPG
BUM_d756f7a364158b90e1fc712706b1eb5f_COCONI_IRD.JPG,d756f7a364158b90e1fc712706b1eb5f,BUM-Makaira-nigricans,d756f7a364158b90e1fc712706b1eb5f,OI,Senne,20180930,BACKUP_IOTA_20250207/DCF Senne (IRD)/OI-200/297b_OI_20180930-20181105_COCONI_SAP_DOLOMIEU/OI_20180930-20181105_COCONI_SAP_DOLOMIEU_Photos/pêche 25/PA273591.JPG
BUM_d8eb4378f2647404a1b4d6a06f699d7d_COCONI_IRD.JPG,d8eb4378f2647404a1b4d6a06f699d7d,BUM-Makaira-nigricans,d8eb4378f2647404a1b4d6a06f699d7d,OI,Senne,20190127,BACKUP_IOTA_20250207/DCF Senne (IRD)/OI-200/1201a_OI_20190127-20190227_COCONI_SAP_MANAPANY/OI_20190127-20190227_COCONI_SAP_MANAPANY_Photos/24_02_19/pêche 2/P2240413.JPG
BUM_db2a9e95e8684af70c6f62a67905cfd0_BAIDAI_ORTHONGEL.JPG,db2a9e95e8684af70c6f62a67905cfd0,BUM-Makaira-nigricans,db2a9e95e8684af70c6f62a67905cfd0,OI,Senne,20141010,BACKUP_IOTA_20250207/OCUP-OB/OI-700/711_OI_20141010-20141108_BAIDAI_SAPMER_BELLE ISLE/OI_20141010-20141108_BAIDAI_SAPMER_BELLE ISLE_Photos/PHOTOS/Especes/IMG_2103.JPG
BUM_dc2a8e943ed8c31e1d3ea20c5bb728cb_COCONI_IRD.JPG,dc2a8e943ed8c31e1d3ea20c5bb728cb,BUM-Makaira-nigricans,dc2a8e943ed8c31e1d3ea20c5bb728cb,OI,Senne,20190127,BACKUP_IOTA_20250207/DCF Senne (IRD)/OI-200/1201a_OI_20190127-20190227_COCONI_SAP_MANAPANY/OI_20190127-20190227_COCONI_SAP_MANAPANY_Photos/24_02_19/pêche 2/P2240405.JPG
BUM_dc8d8a2348f2b92c730ad55fb0992337_KAUFFMAN_TAAF.JPG,dc8d8a2348f2b92c730ad55fb0992337,BUM-Makaira-nigricans,dc8d8a2348f2b92c730ad55fb0992337,OI,Senne,20130305,BACKUP_IOTA_20250207/DCF Senne (TAAF)/2013/TAAF2013-1 MANAPANY Kauffmann/OI_20130305-20130424_TAAF_KAUFFMAN_MANAPANY_Photos/11.04/Calée 23/P4110011.JPG
BUM_ddb7c833dc29aaf00d4bc839721ba85e_VEGA_IRD.JPG,ddb7c833dc29aaf00d4bc839721ba85e,BUM-Makaira-nigricans,ddb7c833dc29aaf00d4bc839721ba85e,OI,Senne,20190203,BACKUP_IOTA_20250207/DCF Senne (IRD)/OI-200/1200b_OI_20190203-20190311_VEGA_SAP_BERNICA/OI_20190203-20190311_VEGA_SAP_BERNICA_Photos/DSCF4253.JPG
BUM_de0c3dd860831598ebb3c25157a710ce_COCONI_IRD.JPG,de0c3dd860831598ebb3c25157a710ce,BUM-Makaira-nigricans,de0c3dd860831598ebb3c25157a710ce,OI,Senne,20180930,BACKUP_IOTA_20250207/DCF Senne (IRD)/OI-200/297b_OI_20180930-20181105_COCONI_SAP_DOLOMIEU/OI_20180930-20181105_COCONI_SAP_DOLOMIEU_Photos/pêche 15/PA203402.JPG
BUM_e0f2c13dea28a63e873b6a09ca1d12a0_SOW_ORTHONGEL.JPG,e0f2c13dea28a63e873b6a09ca1d12a0,BUM-Makaira-nigricans,e0f2c13dea28a63e873b6a09ca1d12a0,OA,Senne,20170511,BACKUP_IOTA_20250207/OCUP-OB/OA-300/500_OA_20170511-20170610_SOW_CFTO_AVELVOR/OA_20170511-20170610_SOW_CFTO_AVELVOR_Photos/5-PHOTOS/SAM_0021.JPG
BUM_e26862178b0385c91489c177852da39c_RADEGONDE_ORTHONGEL.JPG,e26862178b0385c91489c177852da39c,BUM-Makaira-nigricans,e26862178b0385c91489c177852da39c,OI,Senne,20191004,BACKUP_IOTA_20250207/OCUP-OB/OI-700/913a_OI_20191004-20191030_RADEGONDE_SAP_BELLEISLE/OI_20191004-20191030_RADEGONDE_SAP_BELLEISLE_Photos/DSCF1140.JPG
BUM_e2b71e90a3aa03fb9c931654e75c264a_KERVAREC_IRD.JPG,e2b71e90a3aa03fb9c931654e75c264a,BUM-Makaira-nigricans,e2b71e90a3aa03fb9c931654e75c264a,OI,Senne,20160824,BACKUP_IOTA_20250207/DCF Senne (IRD)/OI-200/280b_OI_20160824-20160927_KERVAREC_SAPMER_DOLOMIEU/OI_20160824-20160927_KERVAREC_SAPMER_DOLOMIEU_Photos/Calée 29/BUM/DSCF1825.JPG
BUM_e3925cc5ce756a2ea13406445936eaa5_COCONI_IRD.JPG,e3925cc5ce756a2ea13406445936eaa5,BUM-Makaira-nigricans,e3925cc5ce756a2ea13406445936eaa5,OI,Senne,20180930,BACKUP_IOTA_20250207/DCF Senne (IRD)/OI-200/297b_OI_20180930-20181105_COCONI_SAP_DOLOMIEU/OI_20180930-20181105_COCONI_SAP_DOLOMIEU_Photos/pêche 25/PA273592.JPG
BUM_e3c6d784cb4c7a61aeef05357c6accfb_KOUAME_IRD.JPG,e3c6d784cb4c7a61aeef05357c6accfb,BUM-Makaira-nigricans,e3c6d784cb4c7a61aeef05357c6accfb,OA,Senne,20181110,BACKUP_IOTA_20250207/DCF Senne (IRD)/OA-100/197a_OA_20181110-20181209_KOUAME_CFTO_STERENN/OA_20181110-20181209_KOUAME_CFTO_STERENN_Photos/02.JPG
BUM_e7aee64f4db8a2f095566d91d8381a36_SOW_ORTHONGEL.JPG,e7aee64f4db8a2f095566d91d8381a36,BUM-Makaira-nigricans,e7aee64f4db8a2f095566d91d8381a36,OA,Senne,20170511,BACKUP_IOTA_20250207/OCUP-OB/OA-300/500_OA_20170511-20170610_SOW_CFTO_AVELVOR/OA_20170511-20170610_SOW_CFTO_AVELVOR_Photos/5-PHOTOS/SAM_0025.JPG
BUM_e8d5abd0bfc83dbf0d0a1f969206e49e_COCONI_IRD.JPG,e8d5abd0bfc83dbf0d0a1f969206e49e,BUM-Makaira-nigricans,e8d5abd0bfc83dbf0d0a1f969206e49e,OI,Senne,20180901,BACKUP_IOTA_20250207/DCF Senne (IRD)/OI-200/297a_OI_20180901-20180927_COCONI_SAP_DOLOMIEU/OI_20180901-20180927_COCONI_SAP_DOLOMIEU_Photos/pêche 16/P9182898.JPG
BUM_ed2d0267f693f1851eec2e3581be4320_MELAN_IRD.JPG,ed2d0267f693f1851eec2e3581be4320,BUM-Makaira-nigricans,ed2d0267f693f1851eec2e3581be4320,OA,Senne,20190525,BACKUP_IOTA_20250207/DCF Senne (IRD)/OA-100/1105_OA_20190525-20190715_MELAN_CFTO_PENDRUC/OA_20190525-20190715_MELAN_CFTO_PENDRUC_Photos/N°51.JPG
BUM_f54c02bdd85ebf73a748bb61b7eee516_MELAN_IRD.JPG,f54c02bdd85ebf73a748bb61b7eee516,BUM-Makaira-nigricans,f54c02bdd85ebf73a748bb61b7eee516,OA,Senne,20190525,BACKUP_IOTA_20250207/DCF Senne (IRD)/OA-100/1105_OA_20190525-20190715_MELAN_CFTO_PENDRUC/OA_20190525-20190715_MELAN_CFTO_PENDRUC_Photos/N°57.JPG
BUM_f762ecbed633edfba2d2bb4f0d3c95f7_SAGAN_IRD.JPG,f762ecbed633edfba2d2bb4f0d3c95f7,BUM-Makaira-nigricans,f762ecbed633edfba2d2bb4f0d3c95f7,OI,Senne,20150704,BACKUP_IOTA_20250207/DCF Senne (IRD)/OI-200/272b_OI_20150704-20150817_SAGAN_SAPMER_BELOUVE/OI_20150704-20150817_SAGAN_SAPMER_BELOUVE_Photos/DSCF1799.JPG
BUM_f8042a7bf108dd49be4475ecfbcbcdae_LEMOAL_IRD.JPG,f8042a7bf108dd49be4475ecfbcbcdae,BUM-Makaira-nigricans,f8042a7bf108dd49be4475ecfbcbcdae,OI,Senne,20200122,BACKUP_IOTA_20250207/DCF Senne (IRD)/OI-200/1212b_OI_20200122-20200226_LE MOAL_SAPMER_DOLOMIEU/OI_20200122-20200226_LE MOAL_SAPMER_DOLOMIEU_Photos/Calée 30/BLM 17.JPG
BUM_fa46216205c20e7401a37cf019251514_KOSSONOU_ORTHONGEL.JPG,fa46216205c20e7401a37cf019251514,BUM-Makaira-nigricans,fa46216205c20e7401a37cf019251514,OI,Senne,20170318,BACKUP_IOTA_20250207/OCUP-OB/OI-700/799a_OI_20170318-20170408_KOSSONOU_CFTO_CAPSAINTVINCENT/OI_20170318-20170408_KOSSONOU_CFTO_CAPSAINTVINCENT_Photos/5-PHOTOS/SAM_1007.JPG
BUM_fdd9ccb040b5934627e71d4dc3d832c1_AIRAUD_ORTHONGEL.JPG,fdd9ccb040b5934627e71d4dc3d832c1,BUM-Makaira-nigricans,fdd9ccb040b5934627e71d4dc3d832c1,OI,Senne,20190119,BACKUP_IOTA_20250207/OCUP-OB/OI-700/877a_OI_20190119-20190218_AIRAUD_CFTO_CAPSTVINCENT/OI_20190119-20190218_AIRAUD_CFTO_CAPSTVINCENT_Photos/calÇe 3/1bis.JPG
BUM_ff4f07ba4f3855984e94b534fe4b27d5_KOUAME_IRD.JPG,ff4f07ba4f3855984e94b534fe4b27d5,BUM-Makaira-nigricans,ff4f07ba4f3855984e94b534fe4b27d5,OA,Senne,20181110,BACKUP_IOTA_20250207/DCF Senne (IRD)/OA-100/197a_OA_20181110-20181209_KOUAME_CFTO_STERENN/OA_20181110-20181209_KOUAME_CFTO_STERENN_Photos/05.JPG
CAX_2d05cb27d6925884a455a65c0ac05d51_EKPO_ORTHONGEL.jpg,2d05cb27d6925884a455a65c0ac05d51,CAX-Ariidae,2d05cb27d6925884a455a65c0ac05d51,OA,Senne,20190813,BACKUP_IOTA_20250207/OCUP-OB/OA-300/611_OA_20190813-20190928_EKPO_CFTO_GUEOTEC/OA_ 20190813-20190928_EKPO_CFTO_GUEOTEC_Photos/Mzz (2).jpg
CAX_32bae4f0d16f2f8e37e4da574e44decc_CISSE_ORTHONGEL.jpg,32bae4f0d16f2f8e37e4da574e44decc,CAX-Ariidae,32bae4f0d16f2f8e37e4da574e44decc,OA,Senne,20200714,BACKUP_IOTA_20250207/OCUP-OB/OA-300/651_OA_20200714-20200816_CISSE_CFTO_CAPBOJADOR/OA_20200714-20200816_CISSE_CFTO_CAPBOJADOR_Photos/Calée3_180720/XXX (2).jpg
CAX_4a00c31973bf8a70b460a254b127cad4_CISSE_ORTHONGEL.jpg,4a00c31973bf8a70b460a254b127cad4,CAX-Ariidae,4a00c31973bf8a70b460a254b127cad4,OA,Senne,20200714,BACKUP_IOTA_20250207/OCUP-OB/OA-300/651_OA_20200714-20200816_CISSE_CFTO_CAPBOJADOR/OA_20200714-20200816_CISSE_CFTO_CAPBOJADOR_Photos/Calée3_180720/XXX (1).jpg
CAX_5029b38e940485226a0d1bbb27f08575_EKPO_ORTHONGEL.jpg,5029b38e940485226a0d1bbb27f08575,CAX-Ariidae,5029b38e940485226a0d1bbb27f08575,OA,Senne,20190813,BACKUP_IOTA_20250207/OCUP-OB/OA-300/611_OA_20190813-20190928_EKPO_CFTO_GUEOTEC/OA_ 20190813-20190928_EKPO_CFTO_GUEOTEC_Photos/MZZ (3).jpg
CAX_a2e7f72f8d396a6672723d954072b80f_EKPO_ORTHONGEL.jpg,a2e7f72f8d396a6672723d954072b80f,CAX-Ariidae,a2e7f72f8d396a6672723d954072b80f,OA,Senne,20190813,BACKUP_IOTA_20250207/OCUP-OB/OA-300/611_OA_20190813-20190928_EKPO_CFTO_GUEOTEC/OA_ 20190813-20190928_EKPO_CFTO_GUEOTEC_Photos/MZZ.jpg
CBA_8726cdb7692cffb16b9c0e490e7dd2fa_GERVAIS_ORTHONGEL.jpg,8726cdb7692cffb16b9c0e490e7dd2fa,CBA-Rachycentron-canadum,,OI,Longline,,
CCE_01f2329cfc3bc48128bb0e450b936123_ ABDOUREMANE_ORTHONGEL.JPG,01f2329cfc3bc48128bb0e450b936123,CCE-Carcharhinus-leucas,01f2329cfc3bc48128bb0e450b936123,OI,Senne,20151213,BACKUP_IOTA_20250207/OCUP-OB/OI-700/745b_OI_20151213-20160111_ABDOUREMANE_IOSMS_BELLERIVE/OI_20151213-20160111_ABDOUREMANE_SAPMER_BELLERIVE_Photos/DSCF5017.JPG
CCE_0b95290c3f95cdd3176d6e4eaaa57f24_SIMON_IRD.JPG,0b95290c3f95cdd3176d6e4eaaa57f24,CCE-Carcharhinus-leucas,0b95290c3f95cdd3176d6e4eaaa57f24,OA,Senne,20130504,BACKUP_IOTA_20250207/DCF Senne (IRD)/OA-100/153a_OA_20130504-20130602_SIMON_SPQ_VIA EUROS/OA_20130504-20130602_Simon_SPQ_VIA EUROS_Photos/Photos/67.JPG
CCE_1de985640f2ca7737776953e2f0a9aa8_ ABDOUREMANE_ORTHONGEL.JPG,1de985640f2ca7737776953e2f0a9aa8,CCE-Carcharhinus-leucas,1de985640f2ca7737776953e2f0a9aa8,OI,Senne,20151213,BACKUP_IOTA_20250207/OCUP-OB/OI-700/745b_OI_20151213-20160111_ABDOUREMANE_IOSMS_BELLERIVE/OI_20151213-20160111_ABDOUREMANE_SAPMER_BELLERIVE_Photos/DSCF5018.JPG
CCE_22178896c2441d4a9fcf8dc17e448a0f_SIMON_IRD.JPG,22178896c2441d4a9fcf8dc17e448a0f,CCE-Carcharhinus-leucas,22178896c2441d4a9fcf8dc17e448a0f,OA,Senne,20130504,BACKUP_IOTA_20250207/DCF Senne (IRD)/OA-100/153a_OA_20130504-20130602_SIMON_SPQ_VIA EUROS/OA_20130504-20130602_Simon_SPQ_VIA EUROS_Photos/Photos/68.JPG
CCE_622cf9edee373e5519884b9a7a70d09a_KOUAKOU_ORTHONGEL.JPG,622cf9edee373e5519884b9a7a70d09a,CCE-Carcharhinus-leucas,622cf9edee373e5519884b9a7a70d09a,OA,Senne,20170816,BACKUP_IOTA_20250207/OCUP-OB/OA-300/519_OA_20170816-20171010_KOUAKOU_CFTO_STERENN/OA_20170816-20171010_KOUAKOU_CFTO_STERENN_Photos/ESPECES/SAM_3712.JPG
CCE_d0bbd1984c7269694aac3296b4407b72_ ABDOUREMANE_ORTHONGEL.JPG,d0bbd1984c7269694aac3296b4407b72,CCE-Carcharhinus-leucas,d0bbd1984c7269694aac3296b4407b72,OI,Senne,20151213,BACKUP_IOTA_20250207/OCUP-OB/OI-700/745b_OI_20151213-20160111_ABDOUREMANE_IOSMS_BELLERIVE/OI_20151213-20160111_ABDOUREMANE_SAPMER_BELLERIVE_Photos/DSCF5019.JPG
CCF_308965d12c43419ac7a9e357757afd97_DUBAR_IRD.JPG,308965d12c43419ac7a9e357757afd97,CCF-Carcharhinus-amboinensis,308965d12c43419ac7a9e357757afd97,OA,Senne,20110316,BACKUP_IOTA_20250207/DCF Senne (IRD)/OA-100/129_OA_20110316-20110426_DUBAR_CMB_AVEL VOR/OA_20110316-20110426_Dubar_CMB_AVEL VOR_Photos/P1020248.JPG
CCF_52c0085ee67028d61fb0c1f57405b3e1_DUBAR_IRD.JPG,52c0085ee67028d61fb0c1f57405b3e1,CCF-Carcharhinus-amboinensis,52c0085ee67028d61fb0c1f57405b3e1,OA,Senne,20110316,BACKUP_IOTA_20250207/DCF Senne (IRD)/OA-100/129_OA_20110316-20110426_DUBAR_CMB_AVEL VOR/OA_20110316-20110426_Dubar_CMB_AVEL VOR_Photos/P1020257.JPG
CCF_7544f317fa173811b8ce6f53f9d2bbad_DUBAR_IRD.JPG,7544f317fa173811b8ce6f53f9d2bbad,CCF-Carcharhinus-amboinensis,7544f317fa173811b8ce6f53f9d2bbad,OA,Senne,20110316,BACKUP_IOTA_20250207/DCF Senne (IRD)/OA-100/129_OA_20110316-20110426_DUBAR_CMB_AVEL VOR/OA_20110316-20110426_Dubar_CMB_AVEL VOR_Photos/P1020250.JPG
CCF_9212f78fd99982b2cec3d2dfe1d3afde_DUBAR_IRD.JPG,9212f78fd99982b2cec3d2dfe1d3afde,CCF-Carcharhinus-amboinensis,9212f78fd99982b2cec3d2dfe1d3afde,OA,Senne,20110316,BACKUP_IOTA_20250207/DCF Senne (IRD)/OA-100/129_OA_20110316-20110426_DUBAR_CMB_AVEL VOR/OA_20110316-20110426_Dubar_CMB_AVEL VOR_Photos/P1020246.JPG
CCL_1e9fb4abb5ac846dc890829f04d84964_BLE_ORTHONGEL.JPG,1e9fb4abb5ac846dc890829f04d84964,CCL-Carcharhinus-limbatus,1e9fb4abb5ac846dc890829f04d84964,OA,Senne,20140717,BACKUP_IOTA_20250207/OCUP-OB/OA-300/336a_OA_20140717-20140803_BLE_CFTO_CAP BOJADOR/OA_20140717-20140803_BLE_CFTO_CAP BOJADOR_Photos/PHOTOS/espèces/photo espèce numérotée/N°1_calée 3.JPG
CCL_3b684e00d11757aca037e5b54f269973_KOUAKOU_ORTHONGEL.JPG,3b684e00d11757aca037e5b54f269973,CCL-Carcharhinus-limbatus,3b684e00d11757aca037e5b54f269973,OA,Senne,20150803,BACKUP_IOTA_20250207/OCUP-OB/OA-300/389b_OA_20150803-20150818_KOUAKOU_CFTO_AVEL VOR/OA_20150803-20150818_KOUAKOU_CFTO_AVELVOR_Photos/PHOTOS/ESPECES/47.JPG
CCL_4ba31dc51ca8380860d0875c23471cc2_BLE_ORTHONGEL.JPG,4ba31dc51ca8380860d0875c23471cc2,CCL-Carcharhinus-limbatus,4ba31dc51ca8380860d0875c23471cc2,OA,Senne,20160524,BACKUP_IOTA_20250207/OCUP-OB/OA-300/436a_OA_20160524-20160618_BLE_CFTO_GUEOTEC/OA_20160524-20160618_BLE_CFTO_GUEOTEC_Photos/PHOTOS/photos_espèces/N°1_RSK.JPG
CCL_5bdc8f7172817c2bcbad5828612289b7_BONNIEUX_ORTHONGEL.JPG,5bdc8f7172817c2bcbad5828612289b7,CCL-Carcharhinus-limbatus,5bdc8f7172817c2bcbad5828612289b7,OA,Senne,20130910,BACKUP_IOTA_20250207/OCUP-OB/OA-300/304b_20130910-20130924_BONNIEUX_SPQ_VIAEUROS/OA_130910-130924_Bonnieux_SPQ_VIAEUROS_Photos/DSCF1184.JPG
CCL_674329f313dea20fe0a38a07aa6545df_HUILLIER_IRD.JPG,674329f313dea20fe0a38a07aa6545df,CCL-Carcharhinus-limbatus,674329f313dea20fe0a38a07aa6545df,OA,Senne,20110813,BACKUP_IOTA_20250207/DCF Senne (IRD)/OA-100/132_OA_20110813-20110927_HUILLIER_CFTO_AVEL VOR/OA_20110813-20110927_Huillier_CFTO_AVEL VOR_Photos/Espèces/40.JPG
CCL_7dd3c0153e6feed6056562387e68e4d1_GOUE_ORTHONGEL.JPG,7dd3c0153e6feed6056562387e68e4d1,CCL-Carcharhinus-limbatus,7dd3c0153e6feed6056562387e68e4d1,OA,Senne,20140530,BACKUP_IOTA_20250207/OCUP-OB/OA-300/332_OA_20140530-20140715_GOUE_CFTO_STERENN/OA_20140530_20140715_GOUE_CFTO_STERENN_Photos/5-PHOTOS/SAM_0029.JPG
CCL_80268073df8c813d93fd091da7d579d0_FORESTIER_IRD.jpg,80268073df8c813d93fd091da7d579d0,CCL-Carcharhinus-limbatus,80268073df8c813d93fd091da7d579d0,OA,Senne,20110507,BACKUP_IOTA_20250207/DCF Senne (IRD)/OA-100/130_OA_20110507-20110620_FORESTIER_CFTO_AVEL VOR/OA_20110507-20110620_Forestier_CFTO_AVEL VOR_Photos/Photo 228_1.jpg
CCL_8372313ce969796d73379c838bca4219_HUILLIER_IRD.JPG,8372313ce969796d73379c838bca4219,CCL-Carcharhinus-limbatus,8372313ce969796d73379c838bca4219,OA,Senne,20110813,BACKUP_IOTA_20250207/DCF Senne (IRD)/OA-100/132_OA_20110813-20110927_HUILLIER_CFTO_AVEL VOR/OA_20110813-20110927_Huillier_CFTO_AVEL VOR_Photos/Espèces/39.JPG
CCL_8f599bd402523562d80fae49c883dc4a_BLE_ORTHONGEL.JPG,8f599bd402523562d80fae49c883dc4a,CCL-Carcharhinus-limbatus,8f599bd402523562d80fae49c883dc4a,OA,Senne,20150823,BACKUP_IOTA_20250207/OCUP-OB/OA-300/396_OA_20150823-20151002_BLE_SPQ_VIAHARMATTAN/OA_20150823-20151002_BLE_SPQ_VIAHARMATTAN_Photos/photos espèces/N°5 (1)-CCL.JPG
CCL_938f69b416a0f049011bdc0272cc6caf_KOUAKOU_ORTHONGEL.JPG,938f69b416a0f049011bdc0272cc6caf,CCL-Carcharhinus-limbatus,938f69b416a0f049011bdc0272cc6caf,OA,Senne,20170816,BACKUP_IOTA_20250207/OCUP-OB/OA-300/519_OA_20170816-20171010_KOUAKOU_CFTO_STERENN/OA_20170816-20171010_KOUAKOU_CFTO_STERENN_Photos/ESPECES/SAM_3711.JPG
CCL_98bc2810c5b00e1b00fbeedf1a199629_HUILLIER_IRD.JPG,98bc2810c5b00e1b00fbeedf1a199629,CCL-Carcharhinus-limbatus,98bc2810c5b00e1b00fbeedf1a199629,OA,Senne,20110813,BACKUP_IOTA_20250207/DCF Senne (IRD)/OA-100/132_OA_20110813-20110927_HUILLIER_CFTO_AVEL VOR/OA_20110813-20110927_Huillier_CFTO_AVEL VOR_Photos/Espèces/38.JPG
CCL_9b78bf773c856c7009717f61022f2809_BLE_ORTHONGEL.JPG,9b78bf773c856c7009717f61022f2809,CCL-Carcharhinus-limbatus,9b78bf773c856c7009717f61022f2809,OA,Senne,20140717,BACKUP_IOTA_20250207/OCUP-OB/OA-300/336a_OA_20140717-20140803_BLE_CFTO_CAP BOJADOR/OA_20140717-20140803_BLE_CFTO_CAP BOJADOR_Photos/PHOTOS/espèces/photo espèce numérotée/N°1_calée 3 (3).JPG
CCL_9d87a531a907dd17c9fdaae898e23d72_BLE_ORTHONGEL.JPG,9d87a531a907dd17c9fdaae898e23d72,CCL-Carcharhinus-limbatus,9d87a531a907dd17c9fdaae898e23d72,OA,Senne,20150823,BACKUP_IOTA_20250207/OCUP-OB/OA-300/396_OA_20150823-20151002_BLE_SPQ_VIAHARMATTAN/OA_20150823-20151002_BLE_SPQ_VIAHARMATTAN_Photos/photos espèces/N°5 (2)-CCL.JPG
CCL_a23513e2cbadcc6e9e47c36c2cceaff2_GOUE_ORTHONGEL.JPG,a23513e2cbadcc6e9e47c36c2cceaff2,CCL-Carcharhinus-limbatus,a23513e2cbadcc6e9e47c36c2cceaff2,OA,Senne,20140530,BACKUP_IOTA_20250207/OCUP-OB/OA-300/332_OA_20140530-20140715_GOUE_CFTO_STERENN/OA_20140530_20140715_GOUE_CFTO_STERENN_Photos/5-PHOTOS/SAM_0123.JPG
CCL_b393ac3a9d268ac767585016af40c94d_BODIN_ORTHONGEL.JPG,b393ac3a9d268ac767585016af40c94d,CCL-Carcharhinus-limbatus,b393ac3a9d268ac767585016af40c94d,OA,Senne,20140418,BACKUP_IOTA_20250207/OCUP-OB/OA-300/326_OA_20140418-20140609_BODIN_CFTO_AVEL VOR/OA_20140418-20140609_BODIN_CFTO_AVEL VOR_Photos/photo/2_Faune/23_Gros individus/requins/R25.JPG
CCL_b7b286ceaec9ae64de371ae5f190ab9a_FORESTIER_IRD.jpg,b7b286ceaec9ae64de371ae5f190ab9a,CCL-Carcharhinus-limbatus,b7b286ceaec9ae64de371ae5f190ab9a,OA,Senne,20110507,BACKUP_IOTA_20250207/DCF Senne (IRD)/OA-100/130_OA_20110507-20110620_FORESTIER_CFTO_AVEL VOR/OA_20110507-20110620_Forestier_CFTO_AVEL VOR_Photos/Photo 227_2.jpg
CCL_bbaf084bb73f333831511abdd7cc10af_FORESTIER_IRD.jpg,bbaf084bb73f333831511abdd7cc10af,CCL-Carcharhinus-limbatus,bbaf084bb73f333831511abdd7cc10af,OA,Senne,20110507,BACKUP_IOTA_20250207/DCF Senne (IRD)/OA-100/130_OA_20110507-20110620_FORESTIER_CFTO_AVEL VOR/OA_20110507-20110620_Forestier_CFTO_AVEL VOR_Photos/Photo 227_1.jpg
CCL_c3b307d3820b35e4caed38c029f908bb_KOUAKOU_ORTHONGEL.JPG,c3b307d3820b35e4caed38c029f908bb,CCL-Carcharhinus-limbatus,c3b307d3820b35e4caed38c029f908bb,OA,Senne,20160520,BACKUP_IOTA_20250207/OCUP-OB/OA-300/432_OA_20160520-20160607_KOUAKOU_CFTO_AVELVOR/OA_20160520-20160607_KOUAKOU_CFTO_AVELVOR_Photos & vidéos/PHOTOS/Especes/Requins/SAM_3475.JPG
CCL_c57eaeb2941865a32358c7f50a800560_FORESTIER_IRD.jpg,c57eaeb2941865a32358c7f50a800560,CCL-Carcharhinus-limbatus,c57eaeb2941865a32358c7f50a800560,OA,Senne,20110507,BACKUP_IOTA_20250207/DCF Senne (IRD)/OA-100/130_OA_20110507-20110620_FORESTIER_CFTO_AVEL VOR/OA_20110507-20110620_Forestier_CFTO_AVEL VOR_Photos/Photo 228_2.jpg
CCL_ccaee307d2f02758b214c8633d2ccc76_FORESTIER_IRD.jpg,ccaee307d2f02758b214c8633d2ccc76,CCL-Carcharhinus-limbatus,ccaee307d2f02758b214c8633d2ccc76,OA,Senne,20110507,BACKUP_IOTA_20250207/DCF Senne (IRD)/OA-100/130_OA_20110507-20110620_FORESTIER_CFTO_AVEL VOR/OA_20110507-20110620_Forestier_CFTO_AVEL VOR_Photos/Photo 228_3.jpg
CCL_d2079e3fc8bc3b9667f78f7081a1f31c_HUILLIER_IRD.JPG,d2079e3fc8bc3b9667f78f7081a1f31c,CCL-Carcharhinus-limbatus,d2079e3fc8bc3b9667f78f7081a1f31c,OA,Senne,20110813,BACKUP_IOTA_20250207/DCF Senne (IRD)/OA-100/132_OA_20110813-20110927_HUILLIER_CFTO_AVEL VOR/OA_20110813-20110927_Huillier_CFTO_AVEL VOR_Photos/Espèces/41.JPG
CCL_d216420f52ea823149e9e3c6c483a612_BONNIEUX_ORTHONGEL.JPG,d216420f52ea823149e9e3c6c483a612,CCL-Carcharhinus-limbatus,d216420f52ea823149e9e3c6c483a612,OA,Senne,20130910,BACKUP_IOTA_20250207/OCUP-OB/OA-300/304b_20130910-20130924_BONNIEUX_SPQ_VIAEUROS/OA_130910-130924_Bonnieux_SPQ_VIAEUROS_Photos/DSCF1185.JPG
CCL_d2a4e801238e5bc5aeea36656cc0442b_BLE_ORTHONGEL.JPG,d2a4e801238e5bc5aeea36656cc0442b,CCL-Carcharhinus-limbatus,d2a4e801238e5bc5aeea36656cc0442b,OA,Senne,20160524,BACKUP_IOTA_20250207/OCUP-OB/OA-300/436a_OA_20160524-20160618_BLE_CFTO_GUEOTEC/OA_20160524-20160618_BLE_CFTO_GUEOTEC_Photos/PHOTOS/photos_espèces/N°1_RSK (3).JPG
CCL_e17ec8f5972a32cdbe4572ebd7bfa98f_KOUAKOU_ORTHONGEL.JPG,e17ec8f5972a32cdbe4572ebd7bfa98f,CCL-Carcharhinus-limbatus,e17ec8f5972a32cdbe4572ebd7bfa98f,OA,Senne,20160520,BACKUP_IOTA_20250207/OCUP-OB/OA-300/432_OA_20160520-20160607_KOUAKOU_CFTO_AVELVOR/OA_20160520-20160607_KOUAKOU_CFTO_AVELVOR_Photos & vidéos/PHOTOS/Especes/Requins/SAM_3474.JPG
CCL_e535252f3c42f548e24937a77e4f661a_BONNIEUX_ORTHONGEL.JPG,e535252f3c42f548e24937a77e4f661a,CCL-Carcharhinus-limbatus,,OI,Longline,,
CCL_e958661a169fab1abd7f7b302dc53fc4_BODIN_ORTHONGEL.JPG,e958661a169fab1abd7f7b302dc53fc4,CCL-Carcharhinus-limbatus,e958661a169fab1abd7f7b302dc53fc4,OA,Senne,20140418,BACKUP_IOTA_20250207/OCUP-OB/OA-300/326_OA_20140418-20140609_BODIN_CFTO_AVEL VOR/OA_20140418-20140609_BODIN_CFTO_AVEL VOR_Photos/photo/2_Faune/23_Gros individus/requins/R24.JPG
CCP_b65766e7cdd80b1a7dcfcd70058dccf3_KOUAKOU_ORTHONGEL.JPG,b65766e7cdd80b1a7dcfcd70058dccf3,CCP-Carcharhinus-plumbeus,b65766e7cdd80b1a7dcfcd70058dccf3,OA,Senne,20150803,BACKUP_IOTA_20250207/OCUP-OB/OA-300/389b_OA_20150803-20150818_KOUAKOU_CFTO_AVEL VOR/OA_20150803-20150818_KOUAKOU_CFTO_AVELVOR_Photos/PHOTOS/ESPECES/48.JPG
CFW_2f20f18be1a7c6f8526dc280a0280b6f_EKPO_ORTHONGEL.jpg,2f20f18be1a7c6f8526dc280a0280b6f,CFW-Coryphaena-equiselis,2f20f18be1a7c6f8526dc280a0280b6f,OI,Senne,20200118,BACKUP_IOTA_20250207/OCUP-OB/OI-700/908b_OI_ 20200118-20200224_EKPO_SAPMER_BERNICA/OI_ 20200118-20200224_EKPO_SAPMER_BERNICA_Photos/Autres-Poissons/CWF.jpg
CFW_3956f1e948c2421187fcbb5fc7163639_VARENNE_IRD.JPG,3956f1e948c2421187fcbb5fc7163639,CFW-Coryphaena-equiselis,3956f1e948c2421187fcbb5fc7163639,OI,Senne,20130125,BACKUP_IOTA_20250207/DCF Senne (IRD)/OI-200/257a_OI_20130125-20130227_VARENNE_SAP_BERNICA/OI_20131025-20130227_Varenne_SAP_BERNICA_Photos/calée 08.02.2013/2.JPG
CFW_41f76c2f69183a248fbe8fe1d1c0117a_SIMON_IRD.JPG,41f76c2f69183a248fbe8fe1d1c0117a,CFW-Coryphaena-equiselis,41f76c2f69183a248fbe8fe1d1c0117a,OI,Senne,20131020,BACKUP_IOTA_20250207/DCF Senne (IRD)/OI-200/259_OI_20131020-20131202_SIMON_CFTO_TORRE GIULIA/OI_20131020-20131202_Simon_CFTO_TORRE GIULIA_Photos/82.JPG
CFW_4e457f39e9a86bb20d275b28801371ea_CISSE_ORTHONGEL.jpg,4e457f39e9a86bb20d275b28801371ea,CFW-Coryphaena-equiselis,4e457f39e9a86bb20d275b28801371ea,OA,Senne,20190721,BACKUP_IOTA_20250207/OCUP-OB/OA-300/606a_OA_20190721-20190806_CISSE_CFTO_PENDRUC/OA_20190721-20190806_CISSE_CFTO_PENDRUC_Photos/IMG_20190726_195530.jpg
CFW_4ebf4b42b443cde556383a380d65c5f1_BOURASSEAU_IRD.JPG,4ebf4b42b443cde556383a380d65c5f1,CFW-Coryphaena-equiselis,4ebf4b42b443cde556383a380d65c5f1,OI,Senne,20161204,BACKUP_IOTA_20250207/DCF Senne (IRD)/OI-200/283a_OI_20161204-20161221_BOURASSEAU_SAP_FRANCHETERRE/OI_20161204-20161221_BOURASSEAU_SAP_FRANCHETERRE_Photos/Poissons Franche Terre/SAM_2523.JPG
CFW_5f45929a8612da592f108e35d9819718_TREMBLAU_IRD.jpg,5f45929a8612da592f108e35d9819718,CFW-Coryphaena-equiselis,5f45929a8612da592f108e35d9819718,OI,Senne,20070721,"BACKUP_IOTA_20250207/DCF Senne (IRD)/OI-200/215_OI_20070721-20070822_TREMBLAU_CMB_CAP STE MARIE/OI_20070721-20070822_TREMBLAU_CMB_CAP STE MARIE_Photos/2007-08-15, CSM/CSM calee3 (27-07-07) 051.jpg"
CFW_6cf378cfa860f4e6d971de6796fdc540_RADEGONDE_ORTHONGEL.JPG,6cf378cfa860f4e6d971de6796fdc540,CFW-Coryphaena-equiselis,6cf378cfa860f4e6d971de6796fdc540,OI,Senne,20191004,BACKUP_IOTA_20250207/OCUP-OB/OI-700/913a_OI_20191004-20191030_RADEGONDE_SAP_BELLEISLE/OI_20191004-20191030_RADEGONDE_SAP_BELLEISLE_Photos/DSCF1128.JPG
CFW_8139a308866437aed8f5f5c3fd6e1cd6_CISSE_ORTHONGEL.jpg,8139a308866437aed8f5f5c3fd6e1cd6,CFW-Coryphaena-equiselis,8139a308866437aed8f5f5c3fd6e1cd6,OA,Senne,20190809,BACKUP_IOTA_20250207/OCUP-OB/OA-300/606b_OA_20190809-20190828_CISSE_CFTO_PENDRUC/OA_20190809-20190828_CISSE_CFTO_PENDRUC_Photos/IMG_20190825_102758.jpg
CFW_899b28bf6afcae60b458dc45032c8c41_LEBORGNE_IRD.JPG,899b28bf6afcae60b458dc45032c8c41,CFW-Coryphaena-equiselis,899b28bf6afcae60b458dc45032c8c41,OI,Senne,20140126,BACKUP_IOTA_20250207/DCF Senne (IRD)/OI-200/261_OI_20140126-20140311_LE BORGNE_CFTO_TORREGIULIA/OI_20140126-20140311_LEBORGNE_CFTO_TorreGiulia_Photos/Espèces/25.JPG
CFW_90ebb0be0cbae7491f4646f1d2277121_BOURASSEAU_ORTHONGEL.JPG,90ebb0be0cbae7491f4646f1d2277121,CFW-Coryphaena-equiselis,90ebb0be0cbae7491f4646f1d2277121,OI,Senne,20160906,BACKUP_IOTA_20250207/OCUP-OB/OI-700/766a_OI_20160906-20160922_BOURASSEAU_SAP_BELOUVE/OI_20160906-20161011_BOURASSEAU_SAP_BELOUVE_Photos/DSCF0491.JPG
CFW_a6fb483a19c5841b9404f34dfb809e8f8MONSET_IRD.jpg,a6fb483a19c5841b9404f34dfb809e8f,CFW-Coryphaena-equiselis,a6fb483a19c5841b9404f34dfb809e8f,OA,Senne,20100511,BACKUP_IOTA_20250207/DCF Senne (IRD)/OA-100/120_OA_20100511-20100619_MONSET_CMB_GUEOTEC/OA_20100511-20100619_MONSET_CMB_GUEOTEC_Photos/16.jpg
CFW_b02d0f82dc3ffb85e351e01d7ac1a448_CISSE_ORTHONGEL.jpg,b02d0f82dc3ffb85e351e01d7ac1a448,CFW-Coryphaena-equiselis,b02d0f82dc3ffb85e351e01d7ac1a448,OA,Senne,20190809,BACKUP_IOTA_20250207/OCUP-OB/OA-300/606b_OA_20190809-20190828_CISSE_CFTO_PENDRUC/OA_20190809-20190828_CISSE_CFTO_PENDRUC_Photos/IMG_20190825_102742.jpg
CFW_b135d13a9074a6cfd0ce3e95b627f636_SIMON_IRD.JPG,b135d13a9074a6cfd0ce3e95b627f636,CFW-Coryphaena-equiselis,b135d13a9074a6cfd0ce3e95b627f636,OI,Senne,20131020,BACKUP_IOTA_20250207/DCF Senne (IRD)/OI-200/259_OI_20131020-20131202_SIMON_CFTO_TORRE GIULIA/OI_20131020-20131202_Simon_CFTO_TORRE GIULIA_Photos/30.JPG
CFW_c6224dc7ce3feb3f5c40fa3fe506d8f4_SIMON_IRD.JPG,c6224dc7ce3feb3f5c40fa3fe506d8f4,CFW-Coryphaena-equiselis,c6224dc7ce3feb3f5c40fa3fe506d8f4,OI,Senne,20131020,BACKUP_IOTA_20250207/DCF Senne (IRD)/OI-200/259_OI_20131020-20131202_SIMON_CFTO_TORRE GIULIA/OI_20131020-20131202_Simon_CFTO_TORRE GIULIA_Photos/29.JPG
CFW_e655e8bb8a92783f66aeec3e5da79e8b_VARENNE_IRD.JPG,e655e8bb8a92783f66aeec3e5da79e8b,CFW-Coryphaena-equiselis,e655e8bb8a92783f66aeec3e5da79e8b,OI,Senne,20130125,BACKUP_IOTA_20250207/DCF Senne (IRD)/OI-200/257a_OI_20130125-20130227_VARENNE_SAP_BERNICA/OI_20131025-20130227_Varenne_SAP_BERNICA_Photos/calée 08.02.2013/3.JPG
CFW_f2533b88252b6b342c911a968165d7d5_WINKLER_IRD.JPG,f2533b88252b6b342c911a968165d7d5,CFW-Coryphaena-equiselis,f2533b88252b6b342c911a968165d7d5,OA,Senne,20100206,BACKUP_IOTA_20250207/DCF Senne (IRD)/OA-100/117_OA_20100206_20100316_WINKLER_CMB_GUEOTEC/OA_20100206_20100316_WINKLER_CMB_GUEOTEC_Photos/Photos especes - OA- Winkler Joachim- Gueotec- 100206_100316/14.JPG
CFW_f4d4cee884318abf9511806ac5d1f0b2_CHAPUIS_IRD.JPG,f4d4cee884318abf9511806ac5d1f0b2,CFW-Coryphaena-equiselis,f4d4cee884318abf9511806ac5d1f0b2,OA,Senne,20120108,BACKUP_IOTA_20250207/DCF Senne (IRD)/OA-100/135_OA_20120108-20120220_CHAPUIS_CFTO_GUERIDEN/OA_20120108-20120220_Chapuis_CFTO_GUERIDEN_Photos/RéférentielEspèces/AutresPoissons/COE/DSCF6015.JPG
CFW_f7c88390dcb378800c9dc99e5258a543_TREMBLAU_IRD.jpg,f7c88390dcb378800c9dc99e5258a543,CFW-Coryphaena-equiselis,f7c88390dcb378800c9dc99e5258a543,OI,Senne,20070721,"BACKUP_IOTA_20250207/DCF Senne (IRD)/OI-200/215_OI_20070721-20070822_TREMBLAU_CMB_CAP STE MARIE/OI_20070721-20070822_TREMBLAU_CMB_CAP STE MARIE_Photos/2007-08-15, CSM/CSM calee3 (27-07-07) 86.jpg"
CNT_15c809837a170e1db6fdf50b6db3a59b_KOUAME_ORTHONGEL.JPG,15c809837a170e1db6fdf50b6db3a59b,CNT-Canthidermis-maculata,15c809837a170e1db6fdf50b6db3a59b,OA,Senne,20150301,BACKUP_IOTA_20250207/OCUP-OB/OA-300/368_OA_20150301-20150325_KOUAME_SAUPIQUET_VIAHARMATTAN/OA_20150301-20150325_KOUAME_SAUPIQUET_VIAHARMATTAN_Photos/PHOTOS/Opération_Pêche/CNT (4).JPG
CNT_193764d08a7376e215f2a14e9c1a04d7_KOSSONOU_ORTHONGEL.JPG,193764d08a7376e215f2a14e9c1a04d7,CNT-Canthidermis-maculata,193764d08a7376e215f2a14e9c1a04d7,OA,Senne,20150319,BACKUP_IOTA_20250207/OCUP-OB/OA-300/374_OA_20150319-20150508_KOSSONOU_CFTO_AVELVOR/OA_20150319-20150508_KOSSONOU_CFTO_AVELVOR_Photos/PHOTOS/SAM_1781.JPG
CNT_1a404fd4a0d7cc0c8f477d26db0ffee9_WINKLER_IRD.JPG,1a404fd4a0d7cc0c8f477d26db0ffee9,CNT-Canthidermis-maculata,1a404fd4a0d7cc0c8f477d26db0ffee9,OA,Senne,20100206,BACKUP_IOTA_20250207/DCF Senne (IRD)/OA-100/117_OA_20100206_20100316_WINKLER_CMB_GUEOTEC/OA_20100206_20100316_WINKLER_CMB_GUEOTEC_Photos/Photos especes - OA- Winkler Joachim- Gueotec- 100206_100316/6.JPG
CNT_209f27b9daf3f694bbe69e042e9bc6af_BUR_IRD.JPG,209f27b9daf3f694bbe69e042e9bc6af,CNT-Canthidermis-maculata,209f27b9daf3f694bbe69e042e9bc6af,OI,Senne,20140621,"BACKUP_IOTA_20250207/DCF Senne (IRD)/OI-200/263a_OI_20140621-20140716_BUR_SAP_MANAPANY/OI_20140621-20140716_BUR_SAPMER_MANAPANY_Photos/Photos classées par thème (especes, manoeuvres...)/Espèces rencontrées/08 CNT baliste ou caoutchouc/SDC13172.JPG"
CNT_23f04435b2ae4114497438d13de0fa60_MOEC_IRD.JPG,23f04435b2ae4114497438d13de0fa60,CNT-Canthidermis-maculata,23f04435b2ae4114497438d13de0fa60,OA,Senne,20081201,BACKUP_IOTA_20250207/DCF Senne (IRD)/OA-100/111_OA_20081201_20090105_MOEC_CMB_AVEL VOR/OA_20081201_20090105_MOEC_CMB_AVEL VOR_Photos/photo 2.JPG
CNT_3b2ac3f337bce282a9c493382cfb4166_PERNAK_IRD.JPG,3b2ac3f337bce282a9c493382cfb4166,CNT-Canthidermis-maculata,3b2ac3f337bce282a9c493382cfb4166,OI,Senne,20141025,BACKUP_IOTA_20250207/DCF Senne (IRD)/OI-200/265a_OI_20141025-20141124_PERNAK_SAPMER_FRANCHE TERRE/OI_20141025-20141124_PERNAK_SAPMER_FRANCHE TERRE_ Photos/PHOTOS/espèces pêchées/CNT.JPG
CNT_3e7f6065b7a3c8ccd84ed862f0766548_HOUAREAU_ORTHONGEL.JPG,3e7f6065b7a3c8ccd84ed862f0766548,CNT-Canthidermis-maculata,3e7f6065b7a3c8ccd84ed862f0766548,OI,Senne,20150202,BACKUP_IOTA_20250207/OCUP-OB/OI-700/721b_OI_20150202-20150316_HOAREAU_SAPMER_DOLOMIEU/OI_20150202-20150316_HOAREAU_SAPMER_DOLOMIEU_Photos/PHOTOS/C3.JPG
CNT_466beb9e9780e09ebed1ee59de6fc828_BOURASSEAU_TAAF.JPG,466beb9e9780e09ebed1ee59de6fc828,CNT-Canthidermis-maculata,466beb9e9780e09ebed1ee59de6fc828,OI,Senne,20150310,BACKUP_IOTA_20250207/DCF Senne (TAAF)/2015/15-1_Bourasseau_BERNICA/OI_20150310-20150425_BOURASSEAU_BERNICA_Photos/Shiftage calée 14/P1030670.JPG
CNT_46f89d6fcfc274b0dbb84920f498ff10_HUILLIER_IRD.JPG,46f89d6fcfc274b0dbb84920f498ff10,CNT-Canthidermis-maculata,46f89d6fcfc274b0dbb84920f498ff10,OA,Senne,20110813,BACKUP_IOTA_20250207/DCF Senne (IRD)/OA-100/132_OA_20110813-20110927_HUILLIER_CFTO_AVEL VOR/OA_20110813-20110927_Huillier_CFTO_AVEL VOR_Photos/Espèces/29.JPG
CNT_4a100c72a2488ac4325aeb8693bf6100_WILLAUME_IRD.JPG,4a100c72a2488ac4325aeb8693bf6100,CNT-Canthidermis-maculata,4a100c72a2488ac4325aeb8693bf6100,OI,Senne,20070723,BACKUP_IOTA_20250207/DCF Senne (IRD)/OI-200/217_OI_20070723-20070903_WILLAUME_CMB_STERENN/OI_20070723-20070903_WILLAUME_CMB_STERENN_Photos/6canthidermismaculatus.JPG
CNT_4d2b90bfcf9f83a25b673511e31cc4aa_LEBORGNE_IRD.JPG,4d2b90bfcf9f83a25b673511e31cc4aa,CNT-Canthidermis-maculata,4d2b90bfcf9f83a25b673511e31cc4aa,OI,Senne,20140126,BACKUP_IOTA_20250207/DCF Senne (IRD)/OI-200/261_OI_20140126-20140311_LE BORGNE_CFTO_TORREGIULIA/OI_20140126-20140311_LEBORGNE_CFTO_TorreGiulia_Photos/Espèces/3.JPG
CNT_66c42655c590afbb4c1e5cd3241c6ad2_DUBAR_IRD.JPG,66c42655c590afbb4c1e5cd3241c6ad2,CNT-Canthidermis-maculata,66c42655c590afbb4c1e5cd3241c6ad2,OA,Senne,20110130,BACKUP_IOTA_20250207/DCF Senne (IRD)/OA-100/128_OA_20110130-20110312_DUBAR_CMB_GUERIDEN/OA_20110130-20110312_Dubar_CMB_GUERIDEN_Photos/Pour le rapport/Photo 6.JPG
CNT_6b129bd4620b39021d1e47f5905d9d51_SPADONI_IRD.JPG,6b129bd4620b39021d1e47f5905d9d51,CNT-Canthidermis-maculata,6b129bd4620b39021d1e47f5905d9d51,OI,Senne,20190921,BACKUP_IOTA_20250207/DCF Senne (IRD)/OI-200/1209b_OI_20190921-20191027_SPADONI_SAP_MANAPANY/OI_20190921-20191027_SPADONI_SAP_MANAPANY_Photos/CNT_061019_07.JPG
CNT_6d356971568326f38b1d8de8ae6cedb0_KOUAME_ORTHONGEL.JPG,6d356971568326f38b1d8de8ae6cedb0,CNT-Canthidermis-maculata,6d356971568326f38b1d8de8ae6cedb0,OA,Senne,20150301,BACKUP_IOTA_20250207/OCUP-OB/OA-300/368_OA_20150301-20150325_KOUAME_SAUPIQUET_VIAHARMATTAN/OA_20150301-20150325_KOUAME_SAUPIQUET_VIAHARMATTAN_Photos/PHOTOS/Opération_Pêche/CNT (3).JPG
CNT_6d62f116f6dd92f8761ed0126e657160_DERRIDJ_IRD.jpg,6d62f116f6dd92f8761ed0126e657160,CNT-Canthidermis-maculata,6d62f116f6dd92f8761ed0126e657160,OA,Senne,20090705,BACKUP_IOTA_20250207/DCF Senne (IRD)/OA-100/112_OA_20090705_20090821_DERRIDJ_CMB_MEN GOE/OA_20090705_20090821_Derridj_CMB_MEN GOE_Photos/PHOTO 4 BCM canthidermis maculatus.jpg
CNT_6f920a7518961fa8581b6a8fdcaa0e0b_BERTHELEME_IRD.jpg,6f920a7518961fa8581b6a8fdcaa0e0b,CNT-Canthidermis-maculata,6f920a7518961fa8581b6a8fdcaa0e0b,OA,Senne,20100928,BACKUP_IOTA_20250207/DCF Senne (IRD)/OA-100/125_OA_20100928-20101109_BERTHELEME_CMB_CAP BOJADOR/OA_20100928-20101109_BERTHELEME_CMB_CAP BOJADOR_Photos/Photo Bojador total/transfert 291.jpg
CNT_779960c469febf9f12f01cd4ce647ac9_BAILLOUT_TAAF.JPG,779960c469febf9f12f01cd4ce647ac9,CNT-Canthidermis-maculata,779960c469febf9f12f01cd4ce647ac9,,Senne,20151505,BACKUP_IOTA_20250207/DCF Senne (TAAF)/2015/15-5a&b_Baillout_BELOUVE/Copie CD 1/photos marée/IMG_9399.JPG
CNT_7a8e23514703289d34f262bb1986264c_KOUAME_ORTHONGEL.JPG,7a8e23514703289d34f262bb1986264c,CNT-Canthidermis-maculata,7a8e23514703289d34f262bb1986264c,OA,Senne,20140531,BACKUP_IOTA_20250207/OCUP-OB/OA-300/339a_OA_20140531-20140626_KOUAME_SAUPIQUET_VIA EUROS/OA_20140531-20140626_KOUAME_SAUPIQUET_VIAEUROS_Photos/PHOTOS/CNT..JPG
CNT_7b914d65754c4d0c70be613e7e8d18b2_CUILLANDRE_IRD.jpg,7b914d65754c4d0c70be613e7e8d18b2,CNT-Canthidermis-maculata,7b914d65754c4d0c70be613e7e8d18b2,OA,Senne,20080926,BACKUP_IOTA_20250207/DCF Senne (IRD)/OA-100/110_OA_20080926_20081105_CUILLANDRE_CMB_SANTA MARIA/OA_20080926_20081105_CUILLANDRE_CMB_SANTA MARIA_Photos/photo 111.jpg
CNT_85340919a4715e8e0c9ac15aee27d70f_KOUAME_ORTHONGEL.JPG,85340919a4715e8e0c9ac15aee27d70f,CNT-Canthidermis-maculata,85340919a4715e8e0c9ac15aee27d70f,OA,Senne,20150408,BACKUP_IOTA_20250207/OCUP-OB/OA-300/377_OA_20150408-20150517_KOUAME_SAUPIQUET_VIAHARMATTAN/OA_20150408-20150517_KOUAME_SAUPIQUET_VIAHARMATTAN_Photos/PHOTOS/Opération de pêche/CNT (3).JPG
CNT_981ef3f478fce9f95c819734c66d6ddd_JOGUET_ORTHONGEL.JPG,981ef3f478fce9f95c819734c66d6ddd,CNT-Canthidermis-maculata,981ef3f478fce9f95c819734c66d6ddd,OI,Senne,20150116,BACKUP_IOTA_20250207/OCUP-OB/OI-700/722a_OI_20150116-20150212_JOGUET_SAPMER_MANAPANY/OI_20150116-20150212_JOGUET_SAPMER_MANAPANY_Photos/espèces/ESP ACCESS/IMG_0581.JPG
CNT_9e4f07907c7ec97187543997cb9c33ce_HOUAREAU_ORTHONGEL.JPG,9e4f07907c7ec97187543997cb9c33ce,CNT-Canthidermis-maculata,9e4f07907c7ec97187543997cb9c33ce,OI,Senne,20150202,BACKUP_IOTA_20250207/OCUP-OB/OI-700/721b_OI_20150202-20150316_HOAREAU_SAPMER_DOLOMIEU/OI_20150202-20150316_HOAREAU_SAPMER_DOLOMIEU_Photos/PHOTOS/C2.JPG
CNT_a1a03de910c8f4b0e84822c17100f38d_LAJOURNADE_IRD.JPG,a1a03de910c8f4b0e84822c17100f38d,CNT-Canthidermis-maculata,a1a03de910c8f4b0e84822c17100f38d,OI,Senne,20081018,BACKUP_IOTA_20250207/DCF Senne (IRD)/OI-200/233_OI_20081018-20081201_LAJOURNARDE_CMB_ AVEL VAD/OI_20081018_20081201_LAJOURNADE_CMB_ AVEL VAD_Photos/Photos calee 2/2-04.JPG
CNT_aba579a120e02b933e73afa3e6fc7225_JOGUET_ORTHONGEL.JPG,aba579a120e02b933e73afa3e6fc7225,CNT-Canthidermis-maculata,aba579a120e02b933e73afa3e6fc7225,OI,Senne,20150116,BACKUP_IOTA_20250207/OCUP-OB/OI-700/722a_OI_20150116-20150212_JOGUET_SAPMER_MANAPANY/OI_20150116-20150212_JOGUET_SAPMER_MANAPANY_Photos/espèces/ESP ACCESS/IMG_0577.JPG
CNT_af03966d20665815d6661955ed400ee4_CUILLANDRE_IRD.jpg,af03966d20665815d6661955ed400ee4,CNT-Canthidermis-maculata,af03966d20665815d6661955ed400ee4,OA,Senne,20080926,BACKUP_IOTA_20250207/DCF Senne (IRD)/OA-100/110_OA_20080926_20081105_CUILLANDRE_CMB_SANTA MARIA/OA_20080926_20081105_CUILLANDRE_CMB_SANTA MARIA_Photos/photo 112.jpg
CNT_b2b9a8fcc6ea37a0eb9fb1ccb026e004_BERTHELEME_IRD.jpg,b2b9a8fcc6ea37a0eb9fb1ccb026e004,CNT-Canthidermis-maculata,b2b9a8fcc6ea37a0eb9fb1ccb026e004,OA,Senne,20100928,BACKUP_IOTA_20250207/DCF Senne (IRD)/OA-100/125_OA_20100928-20101109_BERTHELEME_CMB_CAP BOJADOR/OA_20100928-20101109_BERTHELEME_CMB_CAP BOJADOR_Photos/Sélection de photos/transfert 294.jpg
CNT_ba12705d0e4406757753dbb6aefb71ad_BONNIEUX_ORTHONGEL.JPG,ba12705d0e4406757753dbb6aefb71ad,CNT-Canthidermis-maculata,ba12705d0e4406757753dbb6aefb71ad,OA,Senne,20130910,BACKUP_IOTA_20250207/OCUP-OB/OA-300/304b_20130910-20130924_BONNIEUX_SPQ_VIAEUROS/OA_130910-130924_Bonnieux_SPQ_VIAEUROS_Photos/DSCF1124.JPG
CNT_be0d994cbfad02a06c5f3bf0d65143e6_HOUAREAU_ORTHONGEL.JPG,be0d994cbfad02a06c5f3bf0d65143e6,CNT-Canthidermis-maculata,be0d994cbfad02a06c5f3bf0d65143e6,OI,Senne,20150202,BACKUP_IOTA_20250207/OCUP-OB/OI-700/721b_OI_20150202-20150316_HOAREAU_SAPMER_DOLOMIEU/OI_20150202-20150316_HOAREAU_SAPMER_DOLOMIEU_Photos/PHOTOS/C5.JPG
CNT_c12be5f7d0111efc7eed005b8c78c44c_KOUAME_ORTHONGEL.JPG,c12be5f7d0111efc7eed005b8c78c44c,CNT-Canthidermis-maculata,c12be5f7d0111efc7eed005b8c78c44c,OA,Senne,20150301,BACKUP_IOTA_20250207/OCUP-OB/OA-300/368_OA_20150301-20150325_KOUAME_SAUPIQUET_VIAHARMATTAN/OA_20150301-20150325_KOUAME_SAUPIQUET_VIAHARMATTAN_Photos/PHOTOS/Opération_Pêche/CNT (2).JPG
CNT_c418ad5399c968f14f915c5691508e0c_CAUQUIL_IRD.JPG,c418ad5399c968f14f915c5691508e0c,CNT-Canthidermis-maculata,c418ad5399c968f14f915c5691508e0c,OI,Senne,20120705,BACKUP_IOTA_20250207/DCF Senne (IRD)/OI-200/251_OI_20120705_20120808_CAUQUIL_CFTO_TORRE GIULIA/OI_20120705_20120808_CAUQUIL_CFTO_TORRE GIULIA_Photos/IMG_4367.JPG
CNT_c7397a72a9f05e2d16dec7ce87e95f9d_TORRES_IRD.jpg,c7397a72a9f05e2d16dec7ce87e95f9d,CNT-Canthidermis-maculata,c7397a72a9f05e2d16dec7ce87e95f9d,OI,Senne,20090403,BACKUP_IOTA_20250207/DCF Senne (IRD)/OI-200/238_OI_20090403-20090508_TORRES_CMB_CAP ST VINCENT/OI_20090403_20090508_Torres_CMB_CAP ST VINCENT_Photos/11.04.09/photos/calée 12/3/Photo 012.jpg
CNT_ce5a7edb212434becefa495ecf96332f_KOSSONOU_ORTHONGEL.JPG,ce5a7edb212434becefa495ecf96332f,CNT-Canthidermis-maculata,ce5a7edb212434becefa495ecf96332f,OA,Senne,20150319,BACKUP_IOTA_20250207/OCUP-OB/OA-300/374_OA_20150319-20150508_KOSSONOU_CFTO_AVELVOR/OA_20150319-20150508_KOSSONOU_CFTO_AVELVOR_Photos/PHOTOS/SAM_1796.JPG
CNT_d0647775dd2e8bfd012382ac90083c0c_CAUQUIL_IRD.JPG,d0647775dd2e8bfd012382ac90083c0c,CNT-Canthidermis-maculata,d0647775dd2e8bfd012382ac90083c0c,OI,Senne,20120705,BACKUP_IOTA_20250207/DCF Senne (IRD)/OI-200/251_OI_20120705_20120808_CAUQUIL_CFTO_TORRE GIULIA/OI_20120705_20120808_CAUQUIL_CFTO_TORRE GIULIA_Photos/IMG_4362.JPG
CXS_06ba7181cac99b56e7130db1a335344a_REBOUX_IRD.JPG,06ba7181cac99b56e7130db1a335344a,CXS-Caranx-sexfasciatus,06ba7181cac99b56e7130db1a335344a,OI,Senne,20150820,BACKUP_IOTA_20250207/DCF Senne (IRD)/OI-200/273a_OI_20150820-20150921_REBOUX_SAP_BELOUVE/OI_20150820-20150921_REBOUX_SAP_BELOUVE_Photos marée 1 & 2/OI_150923-151025_Reboux_SAPMER_BELOUVE_Photos/Poissons/SAM_2393.JPG
CXS_146dd8944649348168ee3dce5b017451_COCONI_IRD.JPG,146dd8944649348168ee3dce5b017451,CXS-Caranx-sexfasciatus,146dd8944649348168ee3dce5b017451,OI,Senne,20180930,BACKUP_IOTA_20250207/DCF Senne (IRD)/OI-200/297b_OI_20180930-20181105_COCONI_SAP_DOLOMIEU/OI_20180930-20181105_COCONI_SAP_DOLOMIEU_Photos/pêche 4/PA073173.JPG
CXS_26d15dd1b49e66196c7a050c483376e5_RADEGONDE_ORTHONGEL.JPG,26d15dd1b49e66196c7a050c483376e5,CXS-Caranx-sexfasciatus,26d15dd1b49e66196c7a050c483376e5,OI,Senne,20181013,BACKUP_IOTA_20250207/OCUP-OB/OI-700/874b_OI_20181013-20181116_RADEGONDE_SAP_BELOUVE/OI_20181013-20181116_RADEGONDE_SAP_BELOUVE_Photos/DSCF0919.JPG
CXS_3630ddc8e938a49f88f61e5e182c3412_REVILLA_IRD.JPG,3630ddc8e938a49f88f61e5e182c3412,CXS-Caranx-sexfasciatus,3630ddc8e938a49f88f61e5e182c3412,OI,Senne,20151024,BACKUP_IOTA_20250207/DCF Senne (IRD)/OI-200/275a_OI_20151024-20151130_REVILLA_CFTO_TORRE GIULIA/OI_20151024-20151214_REVILLA_CFTO_TORRE GIULIA_Photos/PHOTOS/DSCF1652.JPG
CXS_41ea4fe3aac5fa9343bc214d558d4f32_PERNAK_IRD.JPG,41ea4fe3aac5fa9343bc214d558d4f32,CXS-Caranx-sexfasciatus,41ea4fe3aac5fa9343bc214d558d4f32,OI,Senne,20141025,BACKUP_IOTA_20250207/DCF Senne (IRD)/OI-200/265a_OI_20141025-20141124_PERNAK_SAPMER_FRANCHE TERRE/OI_20141025-20141124_PERNAK_SAPMER_FRANCHE TERRE_ Photos/PHOTOS/espèces pêchées/CXS.JPG
CXS_7537177b923c64b45a287105496cd777_LEDANTEC_IRD.JPG,7537177b923c64b45a287105496cd777,CXS-Caranx-sexfasciatus,7537177b923c64b45a287105496cd777,OI,Senne,20140716,BACKUP_IOTA_20250207/DCF Senne (IRD)/OI-200/262b_OI_20140716-20140818_LE DANTEC_SAP_DOLOMIEU/OI_20140716-20140818_LE DANTEC_SAPMER_DOLOMIEU_Photos/Photos poissons rejet/23_CXS.JPG
CXS_763a6d17cafb4102c0ac953c5d269473_PIERRE_ORTHONGEL.jpg,763a6d17cafb4102c0ac953c5d269473,CXS-Caranx-sexfasciatus,763a6d17cafb4102c0ac953c5d269473,OI,Senne,20150822,BACKUP_IOTA_20250207/OCUP-OB/OI-700/735b_OI_20150822-20150921_PIERRE_SAP_BELLE ISLE/OI_20150822-20150921_PIERRE_SAP_BELLE ISLE_Photos/20150917_050541.jpg
CXS_7931864ecba2258736d5352a090716ac_REVILLA_IRD.JPG,7931864ecba2258736d5352a090716ac,CXS-Caranx-sexfasciatus,7931864ecba2258736d5352a090716ac,OI,Senne,20151024,BACKUP_IOTA_20250207/DCF Senne (IRD)/OI-200/275a_OI_20151024-20151130_REVILLA_CFTO_TORRE GIULIA/OI_20151024-20151214_REVILLA_CFTO_TORRE GIULIA_Photos/PHOTOS/DSCF1653.JPG
CXS_7db3aaa1187d37d4a8af0fc61074a03c_RADEGONDE_ORTHONGEL.JPG,7db3aaa1187d37d4a8af0fc61074a03c,CXS-Caranx-sexfasciatus,7db3aaa1187d37d4a8af0fc61074a03c,OI,Senne,20191105,BACKUP_IOTA_20250207/OCUP-OB/OI-700/913b_OI_20191105-20191130_RADEGONDE_SAP_BELLEISLE/OI_20191105-20191130_RADEGONDE_SAP_BELLEISLE_Photos/DSCF1197.JPG
CXS_81d330af872c253011b7df4acdf4be41_REBOUX_IRD.JPG,81d330af872c253011b7df4acdf4be41,CXS-Caranx-sexfasciatus,81d330af872c253011b7df4acdf4be41,OI,Senne,20150820,BACKUP_IOTA_20250207/DCF Senne (IRD)/OI-200/273a_OI_20150820-20150921_REBOUX_SAP_BELOUVE/OI_20150820-20150921_REBOUX_SAP_BELOUVE_Photos marée 1 & 2/OI_150923-151025_Reboux_SAPMER_BELOUVE_Photos/Poissons/SAM_2392.JPG
CXS_9e9c174228feaf9ed28bafaa10b207f9_BOURRASSEAU_IRD.JPG,9e9c174228feaf9ed28bafaa10b207f9,CXS-Caranx-sexfasciatus,9e9c174228feaf9ed28bafaa10b207f9,OI,Senne,20161204,BACKUP_IOTA_20250207/DCF Senne (IRD)/OI-200/283a_OI_20161204-20161221_BOURASSEAU_SAP_FRANCHETERRE/OI_20161204-20161221_BOURASSEAU_SAP_FRANCHETERRE_Photos/Poissons Franche Terre/SAM_2604.JPG
CXS_a18aafaf2b75f4c31d4f8cbd4710846f_RADEGONDE_ORTHONGEL.JPG,a18aafaf2b75f4c31d4f8cbd4710846f,CXS-Caranx-sexfasciatus,a18aafaf2b75f4c31d4f8cbd4710846f,OI,Senne,20191004,BACKUP_IOTA_20250207/OCUP-OB/OI-700/913a_OI_20191004-20191030_RADEGONDE_SAP_BELLEISLE/OI_20191004-20191030_RADEGONDE_SAP_BELLEISLE_Photos/DSCF1163.JPG
CXS_a98dc5579ab572f57aeffbf167ad01eb_DHAINAUT_ORTHONGEL.JPG,a98dc5579ab572f57aeffbf167ad01eb,CXS-Caranx-sexfasciatus,a98dc5579ab572f57aeffbf167ad01eb,OI,Senne,20190803,BACKUP_IOTA_20250207/DCF Senne (IRD)/OI-200/1206a_OI_20190803-20190822_DHAINAUT_CFTO_TALENDUIC/OI_20190803-20190822_DHAINAUT_CFTO_TALENDUIC_Photos/05-ESPECES ACCESSOIRES/CXS/DSCF1216.JPG
CXS_bbec2cfa6f4b3e2f75f38180225f9845_EKPO_ORHTONGEL.jpg,bbec2cfa6f4b3e2f75f38180225f9845,CXS-Caranx-sexfasciatus,bbec2cfa6f4b3e2f75f38180225f9845,OI,Senne,20200118,BACKUP_IOTA_20250207/OCUP-OB/OI-700/908b_OI_ 20200118-20200224_EKPO_SAPMER_BERNICA/OI_ 20200118-20200224_EKPO_SAPMER_BERNICA_Photos/Autres-Poissons/CXS.jpg
CXS_cb2e0362d9479b8aa8fd6777d8405fed_RADEGONDE_ORTHONGEL.JPG,cb2e0362d9479b8aa8fd6777d8405fed,CXS-Caranx-sexfasciatus,cb2e0362d9479b8aa8fd6777d8405fed,OI,Senne,20191004,BACKUP_IOTA_20250207/OCUP-OB/OI-700/913a_OI_20191004-20191030_RADEGONDE_SAP_BELLEISLE/OI_20191004-20191030_RADEGONDE_SAP_BELLEISLE_Photos/DSCF1162.JPG
CXS_e150c53661aff779ebec3944508ca24d_BOURASSEAU_IRD.JPG,e150c53661aff779ebec3944508ca24d,CXS-Caranx-sexfasciatus,e150c53661aff779ebec3944508ca24d,OI,Senne,20170624,BACKUP_IOTA_20250207/DCF Senne (IRD)/OI-200/286a_OI_20170624-20170723_BOURASSEAU_SAP_BERNICA/OI_20170624-20170826_BOURASSEAU_SAP_BERNICA_Photos/Poissons/IMG_2022.JPG
CXS_e360d7e8c207d60de09dfa439664f4c1_COCONI_IRD.JPG,e360d7e8c207d60de09dfa439664f4c1,CXS-Caranx-sexfasciatus,e360d7e8c207d60de09dfa439664f4c1,OI,Senne,20180930,BACKUP_IOTA_20250207/DCF Senne (IRD)/OI-200/297b_OI_20180930-20181105_COCONI_SAP_DOLOMIEU/OI_20180930-20181105_COCONI_SAP_DOLOMIEU_Photos/pêche 4/PA073175.JPG
CXS_e8584c9de0cd6bb1102ab9ebf1951a13_COCONI_IRD.JPG,e8584c9de0cd6bb1102ab9ebf1951a13,CXS-Caranx-sexfasciatus,e8584c9de0cd6bb1102ab9ebf1951a13,OI,Senne,20180930,BACKUP_IOTA_20250207/DCF Senne (IRD)/OI-200/297b_OI_20180930-20181105_COCONI_SAP_DOLOMIEU/OI_20180930-20181105_COCONI_SAP_DOLOMIEU_Photos/pêche 4/PA073169.JPG
CXS_fb9a36dee059d56c86a191b4d8700fc1_RADEGONDE_ORTHONGEL.JPG,fb9a36dee059d56c86a191b4d8700fc1,CXS-Caranx-sexfasciatus,fb9a36dee059d56c86a191b4d8700fc1,OI,Senne,20181013,BACKUP_IOTA_20250207/OCUP-OB/OI-700/874b_OI_20181013-20181116_RADEGONDE_SAP_BELOUVE/OI_20181013-20181116_RADEGONDE_SAP_BELOUVE_Photos/DSCF0916.JPG
DDD_42b7e91b753844adc8e39fbfb1bdc7c8_KONAN_ORTHONGEL.JPG,42b7e91b753844adc8e39fbfb1bdc7c8,DDD-Abudefduf-vaigiensis,42b7e91b753844adc8e39fbfb1bdc7c8,OA,Senne,20140919,BACKUP_IOTA_20250207/OCUP-OB/OA-300/347_OA_20140919-20141027_KONAN_SAUPIQUET_VIAHARMATTAN/OA_20140919-20141027_KONAN_SAUPIQUET_VIAHARMATTAN_Photos/5-PHOTOS/DSC01374.JPG
DDD_6861a0df43ccbd29d6f55a1f77ccc8e4_VARENNE_IRD.JPG,6861a0df43ccbd29d6f55a1f77ccc8e4,DDD-Abudefduf-vaigiensis,6861a0df43ccbd29d6f55a1f77ccc8e4,OI,Senne,20130306,BACKUP_IOTA_20250207/DCF Senne (IRD)/OI-200/257b_OI_20130306-20130331_VARENNE_SAP_BERNICA/OI_20130306-20130331_Varenne_SAP_BERNICA_Photos/calée du 21.03.2013/inconnu 1 (2).JPG
DDD_8658a44765255c82f094c7ae82768c42_COCONI_IRD.JPG,8658a44765255c82f094c7ae82768c42,DDD-Abudefduf-vaigiensis,8658a44765255c82f094c7ae82768c42,OI,Senne,20180930,BACKUP_IOTA_20250207/DCF Senne (IRD)/OI-200/297b_OI_20180930-20181105_COCONI_SAP_DOLOMIEU/OI_20180930-20181105_COCONI_SAP_DOLOMIEU_Photos/pêche 2/PA023038.JPG
DDD_cf67fd6d3f1b7c28b99623dda1a72177_COCONI_IRD.JPG,cf67fd6d3f1b7c28b99623dda1a72177,DDD-Abudefduf-vaigiensis,cf67fd6d3f1b7c28b99623dda1a72177,OI,Senne,20180930,BACKUP_IOTA_20250207/DCF Senne (IRD)/OI-200/297b_OI_20180930-20181105_COCONI_SAP_DOLOMIEU/OI_20180930-20181105_COCONI_SAP_DOLOMIEU_Photos/pêche 2/PA023033.JPG
DDD_d110b94523f9a0c0201a7d5a0a8a5bb4_ZAWADKI_TAAF.JPG,d110b94523f9a0c0201a7d5a0a8a5bb4,DDD-Abudefduf-vaigiensis,d110b94523f9a0c0201a7d5a0a8a5bb4,OI,Senne,20160312,BACKUP_IOTA_20250207/DCF Senne (TAAF)/2016/16-5a_OI_20160312-20160415_ZAWADZKI_SAPMER_MANAPANY--BLM/OI_20160312-20160415_ZAWADZKI_SAPMER_MANAPANY_Photos/P1010154.JPG
DDD_d70233ff5c3a9e3dd21baabbc0e399eb_COCONI_IRD.JPG,d70233ff5c3a9e3dd21baabbc0e399eb,DDD-Abudefduf-vaigiensis,d70233ff5c3a9e3dd21baabbc0e399eb,OI,Senne,20180930,BACKUP_IOTA_20250207/DCF Senne (IRD)/OI-200/297b_OI_20180930-20181105_COCONI_SAP_DOLOMIEU/OI_20180930-20181105_COCONI_SAP_DOLOMIEU_Photos/pêche 2/PA023031.JPG
DDD_ec11851878d907a254b859ea936c109f_VARENNE_IRD.JPG,ec11851878d907a254b859ea936c109f,DDD-Abudefduf-vaigiensis,ec11851878d907a254b859ea936c109f,OI,Senne,20130306,BACKUP_IOTA_20250207/DCF Senne (IRD)/OI-200/257b_OI_20130306-20130331_VARENNE_SAP_BERNICA/OI_20130306-20130331_Varenne_SAP_BERNICA_Photos/calée du 21.03.2013/inconnu 2 (1).JPG
DDD_ff462e0a396798a8ad619476ff286938_ZWADSKI_TAAF.JPG,ff462e0a396798a8ad619476ff286938,DDD-Abudefduf-vaigiensis,ff462e0a396798a8ad619476ff286938,OI,Senne,20160312,BACKUP_IOTA_20250207/DCF Senne (TAAF)/2016/16-5a_OI_20160312-20160415_ZAWADZKI_SAPMER_MANAPANY--BLM/OI_20160312-20160415_ZAWADZKI_SAPMER_MANAPANY_Photos/P1010398.JPG
DHO_0235937985b751a889dbf26c694dab4b_EKPO_ORTHONGEL.jpg,0235937985b751a889dbf26c694dab4b,DHO-Diodon-holocanthus,0235937985b751a889dbf26c694dab4b,OI,Senne,20200118,BACKUP_IOTA_20250207/OCUP-OB/OI-700/908b_OI_ 20200118-20200224_EKPO_SAPMER_BERNICA/OI_ 20200118-20200224_EKPO_SAPMER_BERNICA_Photos/Autres-Poissons/DIY.jpg
DHO_281243aa4007c9a92d39ae0f447e8f64_BOURASSEAU_IRD.JPG,281243aa4007c9a92d39ae0f447e8f64,DHO-Diodon-holocanthus,281243aa4007c9a92d39ae0f447e8f64,OI,Senne,20190107,BACKUP_IOTA_20250207/DCF Senne (IRD)/OI-200/299c_OI_20190107-20190115_BOURASSEAU_SAP_BELOUVE/OI_20190107-20190115_BOURASSEAU_SAP_BELOUVE_Photos/Diodon.JPG
DHO_37b53659cc8bee0031422acf53d83623_VEGA_IRD.JPG,37b53659cc8bee0031422acf53d83623,DHO-Diodon-holocanthus,37b53659cc8bee0031422acf53d83623,OI,Senne,20191011,BACKUP_IOTA_20250207/DCF Senne (IRD)/OI-200/1210a_OI_20191011-20191106_VEGA_SAP_BERNICA/OI_20191011-20191106_VEGA_SAP_BERNICA_Photos/DSCF1557.JPG
DHO_4f228a563beffb4beafc031bff7eec53_FILY_IRD.JPG,4f228a563beffb4beafc031bff7eec53,DHO-Diodon-holocanthus,4f228a563beffb4beafc031bff7eec53,OI,Senne,20221018,BACKUP_IOTA_20250207/DCF Senne (IRD)/OI-200/1234a_OI_20221018-20221107_FILY_SAPMER_FRANCHETERRE/OI_20221018-20221107_FILY_SAPMER_FRANCHETERRE_Photos/20221027_Calée 11/DSCF9385_20221027_DIO.JPG
DHO_7e8dc7aab6916dca29e472c1a568b1f3_MOLLIER_ORTHONGEL.jpg,7e8dc7aab6916dca29e472c1a568b1f3,DHO-Diodon-holocanthus,7e8dc7aab6916dca29e472c1a568b1f3,OI,Senne,20220809,BACKUP_IOTA_20250207/OCUP-OB/OI-700/936_OI_20220809-20220905_MOLLIER_SAPMER_FRANCHE TERRE/OI_20220809-20220905_MOLLIER_SAPMER_FRANCHE TERRE_Photos/Calée 3_14 08/DHO_DSCF3228.jpg
DHO_97ad63a7e2a9007884dc26dc98efc4c6_CISSE_ORTHONGEL.jpg,97ad63a7e2a9007884dc26dc98efc4c6,DHO-Diodon-holocanthus,97ad63a7e2a9007884dc26dc98efc4c6,OI,Senne,20191212,BACKUP_IOTA_20250207/OCUP-OB/OI-700/911_OI_20191212-20200121_CISSE_CFTO_TORRE ITALIA/OI_20191212-20200121_CISSE_CFTO_TORRE ITALIA_Photos/IMG_20191221_050742.jpg
DHO_9bfe342acb46dcfefe4be32169fc28e2_FILY_IRD.JPG,9bfe342acb46dcfefe4be32169fc28e2,DHO-Diodon-holocanthus,9bfe342acb46dcfefe4be32169fc28e2,OI,Senne,20221018,BACKUP_IOTA_20250207/DCF Senne (IRD)/OI-200/1234a_OI_20221018-20221107_FILY_SAPMER_FRANCHETERRE/OI_20221018-20221107_FILY_SAPMER_FRANCHETERRE_Photos/20221027_Calée 11/DSCF9383_20221027_DIO.JPG
DIY_0c5a8d27db724ec6aad0f661b979ec52_ADINGRA_ORTHONGEL.JPG,0c5a8d27db724ec6aad0f661b979ec52,DIY-Diodon-hystrix,0c5a8d27db724ec6aad0f661b979ec52,OA,Senne,20170515,BACKUP_IOTA_20250207/OCUP-OB/OA-300/502_OA_20170515-20170627_ADINGRA_SQT_VIAMISTRAL/OA_20170515-20170627_ADINGRA_SQT_VIAMISTRAL_Photos/5-PHOTOS/N°11.JPG
DIY_36561299c885de8a23bd6d2af6aea098_ADINGRA_ORTHONGEL.JPG,36561299c885de8a23bd6d2af6aea098,DIY-Diodon-hystrix,36561299c885de8a23bd6d2af6aea098,OA,Senne,20170515,BACKUP_IOTA_20250207/OCUP-OB/OA-300/502_OA_20170515-20170627_ADINGRA_SQT_VIAMISTRAL/OA_20170515-20170627_ADINGRA_SQT_VIAMISTRAL_Photos/5-PHOTOS/N°4.JPG
DIY_3912d9e74a1edf9b8e9c8f4165b3ae52_KOUAKOU_ORTHONGEL.JPG,3912d9e74a1edf9b8e9c8f4165b3ae52,DIY-Diodon-hystrix,3912d9e74a1edf9b8e9c8f4165b3ae52,OA,Senne,20131214,BACKUP_IOTA_20250207/OCUP-OB/OA-300/311a_OA_20131214-20140122_KOUAKOU_CFTO_STERENN/OA_20131214-20140122_KOUAKOU_CFTO_STERENN_Photos/N° 16 Diodon du 09 .JPG
DIY_3d8a34064a180ce46afb1b81b3533bc6_SPADONI_IRD.JPG,3d8a34064a180ce46afb1b81b3533bc6,DIY-Diodon-hystrix,3d8a34064a180ce46afb1b81b3533bc6,OI,Senne,20190921,BACKUP_IOTA_20250207/DCF Senne (IRD)/OI-200/1209b_OI_20190921-20191027_SPADONI_SAP_MANAPANY/OI_20190921-20191027_SPADONI_SAP_MANAPANY_Photos/DIY_151019_03.JPG
DIY_4a9a9981d9060be8425543dfd2cbf586_KOUAKOU_ORTHONGEL.JPG,4a9a9981d9060be8425543dfd2cbf586,DIY-Diodon-hystrix,4a9a9981d9060be8425543dfd2cbf586,OA,Senne,20131214,BACKUP_IOTA_20250207/OCUP-OB/OA-300/311a_OA_20131214-20140122_KOUAKOU_CFTO_STERENN/OA_20131214-20140122_KOUAKOU_CFTO_STERENN_Photos/SAM_0359.JPG
DIY_4b703593f5e063de343b66e942db8ee0_KOUAME_ORTHONGEL.JPG,4b703593f5e063de343b66e942db8ee0,DIY-Diodon-hystrix,4b703593f5e063de343b66e942db8ee0,OA,Senne,20150408,BACKUP_IOTA_20250207/OCUP-OB/OA-300/377_OA_20150408-20150517_KOUAME_SAUPIQUET_VIAHARMATTAN/OA_20150408-20150517_KOUAME_SAUPIQUET_VIAHARMATTAN_Photos/PHOTOS/Opération de pêche/DIY (1).JPG
DIY_88a0f7eb5867b02885983d5f2b63d25e_COCONI_IRD.JPG,88a0f7eb5867b02885983d5f2b63d25e,DIY-Diodon-hystrix,88a0f7eb5867b02885983d5f2b63d25e,OI,Senne,20180901,BACKUP_IOTA_20250207/DCF Senne (IRD)/OI-200/297a_OI_20180901-20180927_COCONI_SAP_DOLOMIEU/OI_20180901-20180927_COCONI_SAP_DOLOMIEU_Photos/pêche 2/P9042741.JPG
DIY_89b2c7e8bf771fa8e91a157e677ffbd2_DAO_ORTHONGEL.JPG,89b2c7e8bf771fa8e91a157e677ffbd2,DIY-Diodon-hystrix,89b2c7e8bf771fa8e91a157e677ffbd2,OA,Senne,20150131,BACKUP_IOTA_20250207/OCUP-OB/OA-300/367_OA_20150131-20150325_DAO_SAUPIQUET_VIAEUROS/OA_20150131-20150325_DAO_SAUPIQUET_VIA EUROS_Photos/PHOTOS/DIY.JPG
DIY_8b6c81b0eee68548cebf14082202f73c_KOUAME_ORTHONGEL.JPG,8b6c81b0eee68548cebf14082202f73c,DIY-Diodon-hystrix,8b6c81b0eee68548cebf14082202f73c,OA,Senne,20150408,BACKUP_IOTA_20250207/OCUP-OB/OA-300/377_OA_20150408-20150517_KOUAME_SAUPIQUET_VIAHARMATTAN/OA_20150408-20150517_KOUAME_SAUPIQUET_VIAHARMATTAN_Photos/PHOTOS/Opération de pêche/DIY (2).JPG
DIY_e779028e1d527e8a95ea5726ba7d745e_PASSICOS_IRD.JPG,e779028e1d527e8a95ea5726ba7d745e,DIY-Diodon-hystrix,e779028e1d527e8a95ea5726ba7d745e,OI,Senne,20210820,BACKUP_IOTA_20250207/DCF Senne (IRD)/OI-200/1223a_OI_20210820-20210907_PASSICOS_SAPMER_FRANCHE TERRE/OI_20210820-20210907_PASSICOS_SAPMER_FRANCHE TERRE_Photos/Calée11/IMG_4701_DIY.JPG
DIY_ed96f043b6021f208eb2fc647bd7583b_ALLANGBA_ORTHONGEL.JPG,ed96f043b6021f208eb2fc647bd7583b,DIY-Diodon-hystrix,ed96f043b6021f208eb2fc647bd7583b,OA,Senne,20170508,BACKUP_IOTA_20250207/OCUP-OB/OA-300/499_OA_20170508-20170626_ALLANGBA_GEVRED_CFTO/OA_20170508-20170626_ALLANGBA_CFTO_GEVRED_Photos/5-PHOTOS/AUTRES/SAM_5291.JPG
DIY_f0e3723c6188cbea01d8203acba5d06b_SPADONI_IRD.JPG,f0e3723c6188cbea01d8203acba5d06b,DIY-Diodon-hystrix,f0e3723c6188cbea01d8203acba5d06b,OI,Senne,20190921,BACKUP_IOTA_20250207/DCF Senne (IRD)/OI-200/1209b_OI_20190921-20191027_SPADONI_SAP_MANAPANY/OI_20190921-20191027_SPADONI_SAP_MANAPANY_Photos/DIO_251019_01.JPG
DKK_0760fd3c9b0ced7e7deb8d78629cf354_WINKLER_IRD.JPG,0760fd3c9b0ced7e7deb8d78629cf354,DKK-Dermochelys-coriacea,0760fd3c9b0ced7e7deb8d78629cf354,OA,Senne,20100318,BACKUP_IOTA_20250207/DCF Senne (IRD)/OA-100/118_OA_20100318_20100422_WINKLER_CMB_CAP BOJADOR/OA_20100318_20100422_WINKLER_CMB_CAP BOJADOR_Photo especes-OA-Winkler Joachim-Cap Bojador-100318_100422/4.JPG
DKK_0ef5de950222c723b4cd0d50fb30e00d_BLE_ORTHONGEL.JPG,0ef5de950222c723b4cd0d50fb30e00d,DKK-Dermochelys-coriacea,0ef5de950222c723b4cd0d50fb30e00d,OA,Senne,20160324,BACKUP_IOTA_20250207/OCUP-OB/OA-300/433_OA_20160324-20160515_BLE_CFTO_GUEOTEC/OA_20160324-20160515_BLE_CFTO_GUEOTEC_Photos/PHOTOS/N°6 (2).JPG
DKK_1acdd2cc68b4f2ea8d0e2d9d110e3957_MONSET_IRD.jpg,1acdd2cc68b4f2ea8d0e2d9d110e3957,DKK-Dermochelys-coriacea,1acdd2cc68b4f2ea8d0e2d9d110e3957,OA,Senne,20100511,BACKUP_IOTA_20250207/DCF Senne (IRD)/OA-100/120_OA_20100511-20100619_MONSET_CMB_GUEOTEC/OA_20100511-20100619_MONSET_CMB_GUEOTEC_Photos/2.jpg
DKK_34824e874b26f2a92831d4e5fe62ad46_CAMARA_ORTHONGEL.JPG,34824e874b26f2a92831d4e5fe62ad46,DKK-Dermochelys-coriacea,34824e874b26f2a92831d4e5fe62ad46,OA,Senne,20190802,BACKUP_IOTA_20250207/OCUP-OB/OA-300/607_OA_20190802-20190917_CAMARA_SPQT_VIAEUROS/OA_20190802-20190917_CAMARA_SPQT_VIAEUROS_Photos/DSCF8356.JPG
DKK_453f97fa6e6bb7be2b14406b8af4ae11_MONSET_IRD.jpg,453f97fa6e6bb7be2b14406b8af4ae11,DKK-Dermochelys-coriacea,453f97fa6e6bb7be2b14406b8af4ae11,OA,Senne,20100511,BACKUP_IOTA_20250207/DCF Senne (IRD)/OA-100/120_OA_20100511-20100619_MONSET_CMB_GUEOTEC/OA_20100511-20100619_MONSET_CMB_GUEOTEC_Photos/1bis.jpg
DKK_5f79a3888d44a370be6af991543eb661_LOUIS_IRD.jpg,5f79a3888d44a370be6af991543eb661,DKK-Dermochelys-coriacea,5f79a3888d44a370be6af991543eb661,OA,Senne,20120429,BACKUP_IOTA_20250207/DCF Senne (IRD)/OA-100/138_OA_20120429-20120612_LOUIS_CFTO_AVEL VOR/OA_20120429-20120612_Louis_CFTO_AVEL VOR_Photos/Divers/DSC_3699-2.jpg
DKK_6a761d9699754c696d0b6918ddf5cedd_LOUIS_IRD.jpg,6a761d9699754c696d0b6918ddf5cedd,DKK-Dermochelys-coriacea,6a761d9699754c696d0b6918ddf5cedd,OA,Senne,20120429,BACKUP_IOTA_20250207/DCF Senne (IRD)/OA-100/138_OA_20120429-20120612_LOUIS_CFTO_AVEL VOR/OA_20120429-20120612_Louis_CFTO_AVEL VOR_Photos/Divers/DSCF6789-2.jpg
DKK_6ab551b9261ff4c5187e04be6b2afc5b_BERTHELEME_IRD.jpg,6ab551b9261ff4c5187e04be6b2afc5b,DKK-Dermochelys-coriacea,6ab551b9261ff4c5187e04be6b2afc5b,OA,Senne,20100928,BACKUP_IOTA_20250207/DCF Senne (IRD)/OA-100/125_OA_20100928-20101109_BERTHELEME_CMB_CAP BOJADOR/OA_20100928-20101109_BERTHELEME_CMB_CAP BOJADOR_Photos/Photo Bojador total/transfert 375.jpg
DKK_7e929cbe4335feaa79670a19cabbe121_BLE_ORTHONGEL.JPG,7e929cbe4335feaa79670a19cabbe121,DKK-Dermochelys-coriacea,7e929cbe4335feaa79670a19cabbe121,OA,Senne,20160324,BACKUP_IOTA_20250207/OCUP-OB/OA-300/433_OA_20160324-20160515_BLE_CFTO_GUEOTEC/OA_20160324-20160515_BLE_CFTO_GUEOTEC_Photos/PHOTOS/N°6 (3).JPG
DKK_81d57fd6d923ae7cd8acd3cc6950e502_AFONSO_ORTHONGEL.JPG,81d57fd6d923ae7cd8acd3cc6950e502,DKK-Dermochelys-coriacea,81d57fd6d923ae7cd8acd3cc6950e502,OA,Senne,20170513,BACKUP_IOTA_20250207/OCUP-OB/OA-300/501_OA_20170513-20170620_AFONSO_SQT_VIAAVENIR/OA_20170513-20170620_AFONSO_SQT_VIAAVENIR_Photos/SAM_4445.JPG
DKK_887b9e5618f1937c9b45f21888739bc2_CAMARA_ORTHONGEL.JPG,887b9e5618f1937c9b45f21888739bc2,DKK-Dermochelys-coriacea,887b9e5618f1937c9b45f21888739bc2,OA,Senne,20190802,BACKUP_IOTA_20250207/OCUP-OB/OA-300/607_OA_20190802-20190917_CAMARA_SPQT_VIAEUROS/OA_20190802-20190917_CAMARA_SPQT_VIAEUROS_Photos/DSCF8357.JPG
DKK_8c0487ebf1fdf279d2881403d7a0a352_BERTHELEME_IRD.jpg,8c0487ebf1fdf279d2881403d7a0a352,DKK-Dermochelys-coriacea,8c0487ebf1fdf279d2881403d7a0a352,OA,Senne,20100928,BACKUP_IOTA_20250207/DCF Senne (IRD)/OA-100/125_OA_20100928-20101109_BERTHELEME_CMB_CAP BOJADOR/OA_20100928-20101109_BERTHELEME_CMB_CAP BOJADOR_Photos/Photo Bojador total/transfert 374.jpg
DKK_b842bb6c9b7a84661133f9a0ae7e62a9_LOUIS_IRD.jpg,b842bb6c9b7a84661133f9a0ae7e62a9,DKK-Dermochelys-coriacea,b842bb6c9b7a84661133f9a0ae7e62a9,OA,Senne,20120429,BACKUP_IOTA_20250207/DCF Senne (IRD)/OA-100/138_OA_20120429-20120612_LOUIS_CFTO_AVEL VOR/OA_20120429-20120612_Louis_CFTO_AVEL VOR_Photos/Divers/DSCF6854-2.jpg
DKK_b88963add69310aa5fe2ce0d72b01047_FORESTIER_IRD.jpg,b88963add69310aa5fe2ce0d72b01047,DKK-Dermochelys-coriacea,b88963add69310aa5fe2ce0d72b01047,OA,Senne,20110507,BACKUP_IOTA_20250207/DCF Senne (IRD)/OA-100/130_OA_20110507-20110620_FORESTIER_CFTO_AVEL VOR/OA_20110507-20110620_Forestier_CFTO_AVEL VOR_Photos/Photo 099_2.jpg
DKK_c804cdd0d16b9bac1db3cea368cae09c_CAMARA_ORTHONGEL.JPG,c804cdd0d16b9bac1db3cea368cae09c,DKK-Dermochelys-coriacea,c804cdd0d16b9bac1db3cea368cae09c,OA,Senne,20140907,BACKUP_IOTA_20250207/OCUP-OB/OA-300/344_OA_20140907-20141016_CAMARA_CFTO_CAPBOJADOR/OA_20140907-20141016_CAMARA_CFTO_CAPBOJADOR_Photos/PHOTOS/SAM_1617.JPG
DKK_c9f560f1a5415887923fa617621db344_MONSET_IRD.jpg,c9f560f1a5415887923fa617621db344,DKK-Dermochelys-coriacea,c9f560f1a5415887923fa617621db344,OA,Senne,20100511,BACKUP_IOTA_20250207/DCF Senne (IRD)/OA-100/120_OA_20100511-20100619_MONSET_CMB_GUEOTEC/OA_20100511-20100619_MONSET_CMB_GUEOTEC_Photos/1.jpg
DKK_cc0668d09cd749ab3db19a3af8495d19_FORESTIER_IRD.jpg,cc0668d09cd749ab3db19a3af8495d19,DKK-Dermochelys-coriacea,cc0668d09cd749ab3db19a3af8495d19,OA,Senne,20110507,BACKUP_IOTA_20250207/DCF Senne (IRD)/OA-100/130_OA_20110507-20110620_FORESTIER_CFTO_AVEL VOR/OA_20110507-20110620_Forestier_CFTO_AVEL VOR_Photos/Photo 099_3.jpg
DKK_db6f8ce4c9590c35b9c8a33064256ca3_LOUIS_IRD.jpg,db6f8ce4c9590c35b9c8a33064256ca3,DKK-Dermochelys-coriacea,db6f8ce4c9590c35b9c8a33064256ca3,OA,Senne,20120429,BACKUP_IOTA_20250207/DCF Senne (IRD)/OA-100/138_OA_20120429-20120612_LOUIS_CFTO_AVEL VOR/OA_20120429-20120612_Louis_CFTO_AVEL VOR_Photos/Divers/DSCF6788-2.jpg
DKK_e7b101798d5cafd2e7dfc3129e6bfd45_INAPOGUI_ORTHONGEL.JPG,e7b101798d5cafd2e7dfc3129e6bfd45,DKK-Dermochelys-coriacea,e7b101798d5cafd2e7dfc3129e6bfd45,OA,Senne,20190529,BACKUP_IOTA_20250207/OCUP-OB/OA-300/596b_OA_20190529-20190612_INAPOGUI_SPQT_VIAEUROS/OA_20190529-20190612_INAPOGUI_SPQT_VIAEUROS_Photos/DSCF8280.JPG
DKK_ed0945717a01a247034a29f6a33b20b2_THELLIER_IRD.JPG,ed0945717a01a247034a29f6a33b20b2,DKK-Dermochelys-coriacea,ed0945717a01a247034a29f6a33b20b2,OA,Senne,20110107,BACKUP_IOTA_20250207/DCF Senne (IRD)/OA-100/127_OA_20110107-20110302_THELLIER_CMB_STERENN/OA_20110107-20110228_Thellier_CMB_STERENN_Photos/Tibo_Sterenn4.JPG
DKK_f7d12f5cd41f5a05fe77c0e41d3682ae_MONSET_IRD.jpg,f7d12f5cd41f5a05fe77c0e41d3682ae,DKK-Dermochelys-coriacea,f7d12f5cd41f5a05fe77c0e41d3682ae,OA,Senne,20100511,BACKUP_IOTA_20250207/DCF Senne (IRD)/OA-100/120_OA_20100511-20100619_MONSET_CMB_GUEOTEC/OA_20100511-20100619_MONSET_CMB_GUEOTEC_Photos/3.jpg
DKK_f96d7419fb3e2ac9e79f07453e9f50fe_INAPOGUI_ORTHONGEL.JPG,f96d7419fb3e2ac9e79f07453e9f50fe,DKK-Dermochelys-coriacea,f96d7419fb3e2ac9e79f07453e9f50fe,OA,Senne,20190529,BACKUP_IOTA_20250207/OCUP-OB/OA-300/596b_OA_20190529-20190612_INAPOGUI_SPQT_VIAEUROS/OA_20190529-20190612_INAPOGUI_SPQT_VIAEUROS_Photos/DSCF8276.JPG
DKK_ffb1592224ad5184c7e86c198d402268_FORESTIER_IRD.jpg,ffb1592224ad5184c7e86c198d402268,DKK-Dermochelys-coriacea,ffb1592224ad5184c7e86c198d402268,OA,Senne,20110507,BACKUP_IOTA_20250207/DCF Senne (IRD)/OA-100/130_OA_20110507-20110620_FORESTIER_CFTO_AVEL VOR/OA_20110507-20110620_Forestier_CFTO_AVEL VOR_Photos/Photo 099_1.jpg
DKP_2b0d0efeb92f5042536554e3c91c2a83_TIRANT_ORTHONGEL.JPG,2b0d0efeb92f5042536554e3c91c2a83,DKP-Diodon-liturosus,2b0d0efeb92f5042536554e3c91c2a83,OI,Senne,20160805,BACKUP_IOTA_20250207/OCUP-OB/OI-700/773b_OI_20160805-20160902_TIRANT_SAP_BELLE ISLE/OI_20160805-20160902_TIRANT_SAP_BELLE ISLE_Photos/DSCF0345.JPG
DKP_a77d86c79d11e2e315d084e8ab838f88_TIRANT_ORTHONGEL.JPG,a77d86c79d11e2e315d084e8ab838f88,DKP-Diodon-liturosus,a77d86c79d11e2e315d084e8ab838f88,OI,Senne,20160805,BACKUP_IOTA_20250207/OCUP-OB/OI-700/773b_OI_20160805-20160902_TIRANT_SAP_BELLE ISLE/OI_20160805-20160902_TIRANT_SAP_BELLE ISLE_Photos/DSCF0344.JPG
DOL_0167795ad794d0438d231d2912eaad26_TIRANT_ORTHONGEL.JPG,0167795ad794d0438d231d2912eaad26,DOL-Coryphaena-hippurus,0167795ad794d0438d231d2912eaad26,OI,Senne,20160805,BACKUP_IOTA_20250207/OCUP-OB/OI-700/773b_OI_20160805-20160902_TIRANT_SAP_BELLE ISLE/OI_20160805-20160902_TIRANT_SAP_BELLE ISLE_Photos/DSCF0338.JPG
DOL_0a585205b06410ed047f0dfc46195d41_INAPOGUI_ORTHONGEL.JPG,0a585205b06410ed047f0dfc46195d41,DOL-Coryphaena-hippurus,0a585205b06410ed047f0dfc46195d41,OA,Senne,20191109,BACKUP_IOTA_20250207/OCUP-OB/OA-300/620a_OA_20191109-20191208_INAPOGUI_SPQT_VIAEUROS/OA_20191109-20191208_INAPOGUI_SPQT_VIAEUROS_Photos/DSCF0706.JPG
DOL_18f9daa81053d95759553904b46654c7_HOUAREAU_ORTHONGEL.JPG,18f9daa81053d95759553904b46654c7,DOL-Coryphaena-hippurus,18f9daa81053d95759553904b46654c7,OI,Senne,20150202,BACKUP_IOTA_20250207/OCUP-OB/OI-700/721b_OI_20150202-20150316_HOAREAU_SAPMER_DOLOMIEU/OI_20150202-20150316_HOAREAU_SAPMER_DOLOMIEU_Photos/PHOTOS/D1.JPG
DOL_21ac12adf3220680d7966f4ec69c0312_RADEGONDE_ORTHONGEL.JPG,21ac12adf3220680d7966f4ec69c0312,DOL-Coryphaena-hippurus,21ac12adf3220680d7966f4ec69c0312,OI,Senne,20180914,BACKUP_IOTA_20250207/OCUP-OB/OI-700/874a_OI_20180914-20181008_RADEGONDE_SAP_BELOUVE/OI_20180914-20181008_RADEGONDE_SAP_BELOUVE_Photos/DSCF0760.JPG
DOL_24679949a09638f29653b69d326dacf7_BERTHELEME_IRD.jpg,24679949a09638f29653b69d326dacf7,DOL-Coryphaena-hippurus,24679949a09638f29653b69d326dacf7,OA,Senne,20100928,BACKUP_IOTA_20250207/DCF Senne (IRD)/OA-100/125_OA_20100928-20101109_BERTHELEME_CMB_CAP BOJADOR/OA_20100928-20101109_BERTHELEME_CMB_CAP BOJADOR_Photos/Photo Bojador total/transfert 285.jpg
DOL_2ea9e6b44850d29bb318f43250bf96e6_ADINGRA_ORTHONGEL.JPG,2ea9e6b44850d29bb318f43250bf96e6,DOL-Coryphaena-hippurus,2ea9e6b44850d29bb318f43250bf96e6,OA,Senne,20171230,BACKUP_IOTA_20250207/OCUP-OB/OA-300/535a_OA_20171230-20180201_ADINGRA_CFTO_GUERIDEN/OA_20171230-20180201_ADINGRA_CFTO_GUERIDEN_Photos/5-PHOTOS/Espäces (Conflit lié au codage Unicode)/5.JPG
DOL_2fdcfbc48613643c4451db48d8675870_TIRANT_ORTHONGEL.JPG,2fdcfbc48613643c4451db48d8675870,DOL-Coryphaena-hippurus,2fdcfbc48613643c4451db48d8675870,OI,Senne,20160805,BACKUP_IOTA_20250207/OCUP-OB/OI-700/773b_OI_20160805-20160902_TIRANT_SAP_BELLE ISLE/OI_20160805-20160902_TIRANT_SAP_BELLE ISLE_Photos/DSCF0342.JPG
DOL_318970f929505797728e7678056a38ec_ADINGRA_ORTHONGEL.JPG,318970f929505797728e7678056a38ec,DOL-Coryphaena-hippurus,318970f929505797728e7678056a38ec,OA,Senne,20171230,BACKUP_IOTA_20250207/OCUP-OB/OA-300/535a_OA_20171230-20180201_ADINGRA_CFTO_GUERIDEN/OA_20171230-20180201_ADINGRA_CFTO_GUERIDEN_Photos/5-PHOTOS/Espäces (Conflit lié au codage Unicode)/8.JPG
DOL_38f43803f78786750381f0ff9086d160_SPADONI_IRD.JPG,38f43803f78786750381f0ff9086d160,DOL-Coryphaena-hippurus,38f43803f78786750381f0ff9086d160,OI,Senne,20190921,BACKUP_IOTA_20250207/DCF Senne (IRD)/OI-200/1209b_OI_20190921-20191027_SPADONI_SAP_MANAPANY/OI_20190921-20191027_SPADONI_SAP_MANAPANY_Photos/DOL_201019_04.JPG
DOL_3a0402a6029ee900a2cfd8d613c31a54_MELAN_IRD.JPG,3a0402a6029ee900a2cfd8d613c31a54,DOL-Coryphaena-hippurus,3a0402a6029ee900a2cfd8d613c31a54,OA,Senne,20190525,BACKUP_IOTA_20250207/DCF Senne (IRD)/OA-100/1105_OA_20190525-20190715_MELAN_CFTO_PENDRUC/OA_20190525-20190715_MELAN_CFTO_PENDRUC_Photos/N°9.JPG
DOL_40150a1ad2a6154afce3da259a24ba01_GBOGBO_ORTHONGEL.jpg,40150a1ad2a6154afce3da259a24ba01,DOL-Coryphaena-hippurus,40150a1ad2a6154afce3da259a24ba01,OA,Senne,20190608,BACKUP_IOTA_20250207/OCUP-OB/OA-300/599_OA_20190608-20190729_GBOGBO_CFTO_CAPBOJADOR/OA_20190608-20190729_GBOGBO_CFTO_CAPBOJADOR_Photos/IMG_20190626_082912.jpg
DOL_40abaa65516a4ab228ae79bb8cdf51a7_KOUAME_ORTHONGEL.JPG,40abaa65516a4ab228ae79bb8cdf51a7,DOL-Coryphaena-hippurus,40abaa65516a4ab228ae79bb8cdf51a7,OA,Senne,20140531,BACKUP_IOTA_20250207/OCUP-OB/OA-300/339a_OA_20140531-20140626_KOUAME_SAUPIQUET_VIA EUROS/OA_20140531-20140626_KOUAME_SAUPIQUET_VIAEUROS_Photos/PHOTOS/DOL.JPG
DOL_4a6e9ab25cb4727511b11974f9089388_PERNAK_IRD.JPG,4a6e9ab25cb4727511b11974f9089388,DOL-Coryphaena-hippurus,4a6e9ab25cb4727511b11974f9089388,OI,Senne,20141025,BACKUP_IOTA_20250207/DCF Senne (IRD)/OI-200/265a_OI_20141025-20141124_PERNAK_SAPMER_FRANCHE TERRE/OI_20141025-20141124_PERNAK_SAPMER_FRANCHE TERRE_ Photos/PHOTOS/espèces pêchées/DOL femelle (1).JPG
DOL_56c777860436bf0f5314d93698ee0efa_CAUQUIL_IRD.JPG,56c777860436bf0f5314d93698ee0efa,DOL-Coryphaena-hippurus,56c777860436bf0f5314d93698ee0efa,OI,Senne,20120705,BACKUP_IOTA_20250207/DCF Senne (IRD)/OI-200/251_OI_20120705_20120808_CAUQUIL_CFTO_TORRE GIULIA/OI_20120705_20120808_CAUQUIL_CFTO_TORRE GIULIA_Photos/IMG_4394.JPG
DOL_581ec51a51e5fad1ed4e5582af25fd81_WINKLER_IRD.JPG,581ec51a51e5fad1ed4e5582af25fd81,DOL-Coryphaena-hippurus,581ec51a51e5fad1ed4e5582af25fd81,OA,Senne,20100206,BACKUP_IOTA_20250207/DCF Senne (IRD)/OA-100/117_OA_20100206_20100316_WINKLER_CMB_GUEOTEC/OA_20100206_20100316_WINKLER_CMB_GUEOTEC_Photos/Photos especes - OA- Winkler Joachim- Gueotec- 100206_100316/17.JPG
DOL_5f2b322fc8cee38dc5f69177b702179f_ALLANGBA_IRD.JPG,5f2b322fc8cee38dc5f69177b702179f,DOL-Coryphaena-hippurus,5f2b322fc8cee38dc5f69177b702179f,OA,Senne,20150815,BACKUP_IOTA_20250207/DCF Senne (IRD)/OA-100/171_OA_20150815_20150925_ALLANGBA_CFTO_CAPBOJADOR/OA_20150815-20150927_ALLANGBA_CFTO_CAP BOJADOR_Photos/5-PHOTOS/Especes/autres poissons/IMG_3192.JPG
DOL_64fc14eedb2a882a64c22166bc40e1d5_BERTHELEME_IRD.jpg,64fc14eedb2a882a64c22166bc40e1d5,DOL-Coryphaena-hippurus,64fc14eedb2a882a64c22166bc40e1d5,OA,Senne,20100928,BACKUP_IOTA_20250207/DCF Senne (IRD)/OA-100/125_OA_20100928-20101109_BERTHELEME_CMB_CAP BOJADOR/OA_20100928-20101109_BERTHELEME_CMB_CAP BOJADOR_Photos/Photo Bojador total/transfert 280.jpg
DOL_6b9a1e6ff6577cf3b47cfe2f536ab6df_RADEGONDE_ORTHONGEL.JPG,6b9a1e6ff6577cf3b47cfe2f536ab6df,DOL-Coryphaena-hippurus,6b9a1e6ff6577cf3b47cfe2f536ab6df,OI,Senne,20180914,BACKUP_IOTA_20250207/OCUP-OB/OI-700/874a_OI_20180914-20181008_RADEGONDE_SAP_BELOUVE/OI_20180914-20181008_RADEGONDE_SAP_BELOUVE_Photos/DSCF0813.JPG
DOL_6f66d967da38265aba694f1bcd1a440a_LEMERDY_ORTHONGEL.JPG,6f66d967da38265aba694f1bcd1a440a,DOL-Coryphaena-hippurus,6f66d967da38265aba694f1bcd1a440a,OI,Senne,20161130,BACKUP_IOTA_20250207/OCUP-OB/OI-700/780b_OI_20161130-20170103_LEMERDY_SAP_MORNSESELWA/OI_20161029-20170103_LEMERDY_SAP_MORNSESELWA_Photos/DSCF3042.JPG
DOL_724a96d81f6c1c645886a05314df8b78_RADEGONDE_ORTHONGEL.jpg,724a96d81f6c1c645886a05314df8b78,DOL-Coryphaena-hippurus,724a96d81f6c1c645886a05314df8b78,OI,Senne,20180914,BACKUP_IOTA_20250207/OCUP-OB/OI-700/874a_OI_20180914-20181008_RADEGONDE_SAP_BELOUVE/OI_20180914-20181008_RADEGONDE_SAP_BELOUVE_Photos/20180921_072329.jpg
DOL_764e4cc65fc03fc1fd25affec786b365_MONIN_IRD.jpg,764e4cc65fc03fc1fd25affec786b365,DOL-Coryphaena-hippurus,764e4cc65fc03fc1fd25affec786b365,OA,Senne,20190502,BACKUP_IOTA_20250207/DCF Senne (IRD)/OA-100/1104_OA_20190502-20190622_MONIN_CFTO_GEVRED/OA_20190502-20190622_MONIN_CFTO_GEVRED_Photos/photo du 12062019/Calée 38  (2).jpg
DOL_79fc24f68ac064e900d5031025f504ac_ALLANGBA_IRD.JPG,79fc24f68ac064e900d5031025f504ac,DOL-Coryphaena-hippurus,79fc24f68ac064e900d5031025f504ac,OA,Senne,20150815,BACKUP_IOTA_20250207/DCF Senne (IRD)/OA-100/171_OA_20150815_20150925_ALLANGBA_CFTO_CAPBOJADOR/OA_20150815-20150927_ALLANGBA_CFTO_CAP BOJADOR_Photos/5-PHOTOS/Especes/autres poissons/IMG_3174.JPG
DOL_97d064d964bf7715d17f785ecbdb9c14_CAUQUIL_IRD.JPG,97d064d964bf7715d17f785ecbdb9c14,DOL-Coryphaena-hippurus,97d064d964bf7715d17f785ecbdb9c14,OI,Senne,20120705,BACKUP_IOTA_20250207/DCF Senne (IRD)/OI-200/251_OI_20120705_20120808_CAUQUIL_CFTO_TORRE GIULIA/OI_20120705_20120808_CAUQUIL_CFTO_TORRE GIULIA_Photos/IMG_4320.JPG
DOL_9f8595d1b81d6a4ec8ed335c3ac1e3f6_MONIN_IRD.jpg,9f8595d1b81d6a4ec8ed335c3ac1e3f6,DOL-Coryphaena-hippurus,9f8595d1b81d6a4ec8ed335c3ac1e3f6,OA,Senne,20190502,BACKUP_IOTA_20250207/DCF Senne (IRD)/OA-100/1104_OA_20190502-20190622_MONIN_CFTO_GEVRED/OA_20190502-20190622_MONIN_CFTO_GEVRED_Photos/photo du 12062019/Calée 39 (1).jpg
DOL_b3b80c80f3c61097dd92361e2257beb5_INAPOGUI_ORTHONGEL.JPG,b3b80c80f3c61097dd92361e2257beb5,DOL-Coryphaena-hippurus,b3b80c80f3c61097dd92361e2257beb5,OA,Senne,20191109,BACKUP_IOTA_20250207/OCUP-OB/OA-300/620a_OA_20191109-20191208_INAPOGUI_SPQT_VIAEUROS/OA_20191109-20191208_INAPOGUI_SPQT_VIAEUROS_Photos/DSCF0708.JPG
DOL_b4792b25816adc6578c85c369c638a9b_KOSSONOU_ORTHONGEL.JPG,b4792b25816adc6578c85c369c638a9b,DOL-Coryphaena-hippurus,b4792b25816adc6578c85c369c638a9b,OA,Senne,20140703,BACKUP_IOTA_20250207/OCUP-OB/OA-300/334a_OA_20140703-20140725_KOSSONOU_SAUPIQUET_VIA AVENIR/OA_20140703-20140725_KOSSONOU_SAUPIQUET_VIA AVENIR_Photos/PHOTOS/SAM_1286.JPG
DOL_b6b40b3be466de2bdb1db72b410e3d14_KOSSONOU_ORTHONGEL.JPG,b6b40b3be466de2bdb1db72b410e3d14,DOL-Coryphaena-hippurus,b6b40b3be466de2bdb1db72b410e3d14,OA,Senne,20150319,BACKUP_IOTA_20250207/OCUP-OB/OA-300/374_OA_20150319-20150508_KOSSONOU_CFTO_AVELVOR/OA_20150319-20150508_KOSSONOU_CFTO_AVELVOR_Photos/PHOTOS/SAM_1820.JPG
DOL_b77b83e965b71bd39af81dd388ba250e_HOUAREAU_ORTHONGEL.JPG,b77b83e965b71bd39af81dd388ba250e,DOL-Coryphaena-hippurus,b77b83e965b71bd39af81dd388ba250e,OI,Senne,20150202,BACKUP_IOTA_20250207/OCUP-OB/OI-700/721b_OI_20150202-20150316_HOAREAU_SAPMER_DOLOMIEU/OI_20150202-20150316_HOAREAU_SAPMER_DOLOMIEU_Photos/PHOTOS/D2.JPG
DOL_bbc68438e429f5f92467802842fafc64_RADEGONDE_ORTHONGEL.jpg,bbc68438e429f5f92467802842fafc64,DOL-Coryphaena-hippurus,bbc68438e429f5f92467802842fafc64,OI,Senne,20180914,BACKUP_IOTA_20250207/OCUP-OB/OI-700/874a_OI_20180914-20181008_RADEGONDE_SAP_BELOUVE/OI_20180914-20181008_RADEGONDE_SAP_BELOUVE_Photos/20180921_071905.jpg
DOL_bde828e80cb1a7d4de3478bbaa525012_ALLANGBA_IRD.JPG,bde828e80cb1a7d4de3478bbaa525012,DOL-Coryphaena-hippurus,bde828e80cb1a7d4de3478bbaa525012,OA,Senne,20150815,BACKUP_IOTA_20250207/DCF Senne (IRD)/OA-100/171_OA_20150815_20150925_ALLANGBA_CFTO_CAPBOJADOR/OA_20150815-20150927_ALLANGBA_CFTO_CAP BOJADOR_Photos/5-PHOTOS/Especes/autres poissons/IMG_3195.JPG
DOL_c2b12462aeb062c294a9747c761f68fc_KONAN_ORTHONGEL.JPG,c2b12462aeb062c294a9747c761f68fc,DOL-Coryphaena-hippurus,c2b12462aeb062c294a9747c761f68fc,OA,Senne,20140727,BACKUP_IOTA_20250207/OCUP-OB/OA-300/340_OA_20140727-20140909_KONAN_SAUPIQUET_VIA HARMATTAN/OA_20140727_20140909_KONAN_SAUPIQUET_VIAHARMATTAN_Photos/PHOTOS/DSC01030.JPG
DOL_c4357435bf896b44747844e1dec01397_KONAN_ORTHONGEL.JPG,c4357435bf896b44747844e1dec01397,DOL-Coryphaena-hippurus,c4357435bf896b44747844e1dec01397,OA,Senne,20140727,BACKUP_IOTA_20250207/OCUP-OB/OA-300/340_OA_20140727-20140909_KONAN_SAUPIQUET_VIA HARMATTAN/OA_20140727_20140909_KONAN_SAUPIQUET_VIAHARMATTAN_Photos/PHOTOS/DSC01031.JPG
DOL_c7af4e72459b7c5923ec5de107e5c13c_BAILLOUT_TAAF.JPG,c7af4e72459b7c5923ec5de107e5c13c,DOL-Coryphaena-hippurus,c7af4e72459b7c5923ec5de107e5c13c,,Senne,20151505,BACKUP_IOTA_20250207/DCF Senne (TAAF)/2015/15-5a&b_Baillout_BELOUVE/Copie CD 2/photos marée/IMG_9397.JPG
DOL_c8a852ec6a0cce64a0b24208516daaf7_HOUAREAU_ORTHONGEL.JPG,c8a852ec6a0cce64a0b24208516daaf7,DOL-Coryphaena-hippurus,c8a852ec6a0cce64a0b24208516daaf7,OI,Senne,20150202,BACKUP_IOTA_20250207/OCUP-OB/OI-700/721b_OI_20150202-20150316_HOAREAU_SAPMER_DOLOMIEU/OI_20150202-20150316_HOAREAU_SAPMER_DOLOMIEU_Photos/PHOTOS/D5.JPG
DOL_cb89b9385f5531e99740cf6924885a06_RADEGONDE_ORTHONGEL.JPG,cb89b9385f5531e99740cf6924885a06,DOL-Coryphaena-hippurus,cb89b9385f5531e99740cf6924885a06,OI,Senne,20180914,BACKUP_IOTA_20250207/OCUP-OB/OI-700/874a_OI_20180914-20181008_RADEGONDE_SAP_BELOUVE/OI_20180914-20181008_RADEGONDE_SAP_BELOUVE_Photos/DSCF0809.JPG
DOL_cfd27f603d98480b89330982758c3aa2_MONIN_IRD.jpg,cfd27f603d98480b89330982758c3aa2,DOL-Coryphaena-hippurus,cfd27f603d98480b89330982758c3aa2,OA,Senne,20190502,BACKUP_IOTA_20250207/DCF Senne (IRD)/OA-100/1104_OA_20190502-20190622_MONIN_CFTO_GEVRED/OA_20190502-20190622_MONIN_CFTO_GEVRED_Photos/Photo du 29052019/Calée 32  (2).jpg
DOL_d1b882a38fa90c1440daa58628044d19_KOUAME_ORTHONGEL.JPG,d1b882a38fa90c1440daa58628044d19,DOL-Coryphaena-hippurus,d1b882a38fa90c1440daa58628044d19,OA,Senne,20140531,BACKUP_IOTA_20250207/OCUP-OB/OA-300/339a_OA_20140531-20140626_KOUAME_SAUPIQUET_VIA EUROS/OA_20140531-20140626_KOUAME_SAUPIQUET_VIAEUROS_Photos/PHOTOS/DOL (1).JPG
DOL_d32e9ee91f7a880626002978660c7cae_ESCALLE_IRD.JPG,d32e9ee91f7a880626002978660c7cae,DOL-Coryphaena-hippurus,d32e9ee91f7a880626002978660c7cae,OA,Senne,20140618,BACKUP_IOTA_20250207/DCF Senne (IRD)/OA-100/162a_OA_ 20140618-20140713_ESCALLE_CFTO_AVELVOR/OA_ 20140618-20140713_ESCALLE_CFTO_AVELVOR_Photos/Captures/Coryphaena hippurus/Escalle281_0607 C. hippurus.JPG
DOL_d891c363fe96db8d007a42972a251596_BERTHELEME_IRD.jpg,d891c363fe96db8d007a42972a251596,DOL-Coryphaena-hippurus,d891c363fe96db8d007a42972a251596,OA,Senne,20100928,BACKUP_IOTA_20250207/DCF Senne (IRD)/OA-100/125_OA_20100928-20101109_BERTHELEME_CMB_CAP BOJADOR/OA_20100928-20101109_BERTHELEME_CMB_CAP BOJADOR_Photos/Photo Bojador total/transfert 355.jpg
DOL_daab2a9e16c47d9ef82700c066b1844f_EKPO_ORTHONGEL.jpg,daab2a9e16c47d9ef82700c066b1844f,DOL-Coryphaena-hippurus,daab2a9e16c47d9ef82700c066b1844f,OI,Senne,20200118,BACKUP_IOTA_20250207/OCUP-OB/OI-700/908b_OI_ 20200118-20200224_EKPO_SAPMER_BERNICA/OI_ 20200118-20200224_EKPO_SAPMER_BERNICA_Photos/Autres-Poissons/DOL.jpg
DOL_de52daeb4b9499413046bfe51d135ffc_INAPOGUI_ORTHONGEL.JPG,de52daeb4b9499413046bfe51d135ffc,DOL-Coryphaena-hippurus,de52daeb4b9499413046bfe51d135ffc,OA,Senne,20191109,BACKUP_IOTA_20250207/OCUP-OB/OA-300/620a_OA_20191109-20191208_INAPOGUI_SPQT_VIAEUROS/OA_20191109-20191208_INAPOGUI_SPQT_VIAEUROS_Photos/DSCF0710.JPG
DOL_e0a21f664d189c9e32d0356511ee32ca_RICHARD_TAAF.JPG,e0a21f664d189c9e32d0356511ee32ca,DOL-Coryphaena-hippurus,e0a21f664d189c9e32d0356511ee32ca,OI,Senne,20110428,BACKUP_IOTA_20250207/DCF Senne (TAAF)/2011/TAAF11-4_OI_20110428-20110529_SAP_FRANCHE TERRE_Richard/OI_20110428-20110529_SAP_TAAF11_FRANCHE TERRE_Richard_Photos/Poissons/260511FT7.jpg.JPG
DOL_edc0b1d00182d41bccc5abecc66a963e_ALLANGBA_IRD.JPG,edc0b1d00182d41bccc5abecc66a963e,DOL-Coryphaena-hippurus,edc0b1d00182d41bccc5abecc66a963e,OA,Senne,20150815,BACKUP_IOTA_20250207/DCF Senne (IRD)/OA-100/171_OA_20150815_20150925_ALLANGBA_CFTO_CAPBOJADOR/OA_20150815-20150927_ALLANGBA_CFTO_CAP BOJADOR_Photos/5-PHOTOS/Especes/autres poissons/IMG_3177.JPG
DOL_edcbfd0730811f569ed03b064870e51c_GUILLON_TAAF.JPG,edcbfd0730811f569ed03b064870e51c,DOL-Coryphaena-hippurus,edcbfd0730811f569ed03b064870e51c,OI,Senne,20160507,BACKUP_IOTA_20250207/DCF Senne (TAAF)/2016/16-4_OI_20160507-20160712_GUILLON_SAPMER_FRANCHETERRE/OI_20160507-20160712_GUILLON_SAPMER_FRANCHETERRE_Photos/Espèces accessoires/DOL.JPG
DOL_f5bfee96c19705c88f61aefa111fd8f3_RADEGONDE_ORTHONGEL.jpg,f5bfee96c19705c88f61aefa111fd8f3,DOL-Coryphaena-hippurus,f5bfee96c19705c88f61aefa111fd8f3,OI,Senne,20180914,BACKUP_IOTA_20250207/OCUP-OB/OI-700/874a_OI_20180914-20181008_RADEGONDE_SAP_BELOUVE/OI_20180914-20181008_RADEGONDE_SAP_BELOUVE_Photos/20180921_072424.jpg
DOL_fb364e5b9f31c0864538c3feafa2c7fe_BAILLOUT_TAAF.JPG,fb364e5b9f31c0864538c3feafa2c7fe,DOL-Coryphaena-hippurus,fb364e5b9f31c0864538c3feafa2c7fe,,Senne,20151505,BACKUP_IOTA_20250207/DCF Senne (TAAF)/2015/15-5a&b_Baillout_BELOUVE/Copie CD 1/photos marée/IMG_9407.JPG
DRR_26ef07cc0e78a7fb8b8c74d3b05303d4_PUECH_IRD.jpeg,26ef07cc0e78a7fb8b8c74d3b05303d4,DRR-Grampus-griseus,,OI,Longline,,
DRR_4effd8c61a9760b5d650044956541f91_PUECH_IRD.jpeg,4effd8c61a9760b5d650044956541f91,DRR-Grampus-griseus,,OI,Longline,,
DRR_fd777c5f1fd6405066e861d28f549f23_PUECH_IRD.jpeg,fd777c5f1fd6405066e861d28f549f23,DRR-Grampus-griseus,,OI,Longline,,
DSM_f56feb6645766aa47d630e94c4bd64c3_CHAVANCE_IRD.JPG,f56feb6645766aa47d630e94c4bd64c3,DSM-Desmodema-polystictum,f56feb6645766aa47d630e94c4bd64c3,OI,Senne,20080622,BACKUP_IOTA_20250207/DCF Senne (IRD)/OI-200/228_OI_20080622-20080724_CHAVANCE_CMB_GLENAN/OI_20080622_20080724_CHAVANCE_CMB_GLENAN_Photos/Glenan_Chavance/animaux/ESPX_10cm_cal10.JPG
DVH_d18cb78069abc59e9bc81f128aa6c6fd_FILY_IRD.JPG,d18cb78069abc59e9bc81f128aa6c6fd,DVH-Cyclichthys orbicularis,d18cb78069abc59e9bc81f128aa6c6fd,OI,Senne,20221112,BACKUP_IOTA_20250207/DCF Senne (IRD)/OI-200/1234b_OI_20221112-20221205_FILY_SAPMER_FRANCHETERRE/OI_20221112-20221205_FILY_SAPMER_FRANCHETERRE_Photos/20221121_Calée 8/DSCF9967_20221121_DIO.JPG
DVH_d8f3a574e24107613832dac86402da1c_FILY_IRD.JPG,d8f3a574e24107613832dac86402da1c,DVH-Cyclichthys orbicularis,d8f3a574e24107613832dac86402da1c,OI,Senne,20221112,BACKUP_IOTA_20250207/DCF Senne (IRD)/OI-200/1234b_OI_20221112-20221205_FILY_SAPMER_FRANCHETERRE/OI_20221112-20221205_FILY_SAPMER_FRANCHETERRE_Photos/20221121_Calée 8/DSCF9965_20221121_DIO.JPG
EEN_ee24920f5f6b0a3563d10df66164a905_WAIN_IRD.JPG,ee24920f5f6b0a3563d10df66164a905,EEN-Epinephelus-lanceolatus,ee24920f5f6b0a3563d10df66164a905,OI,Senne,20210605,BACKUP_IOTA_20250207/DCF Senne (IRD)/OI-200/1220b_OI_20210605-20210703_WAIN_SAPMER_BERNICA/OI_20210605-20210703_WAIN_SAPMER_BERNICA_Photos/Calée29_EEN (2).JPG
EEN_f4acc15e2cd261b5811ceaf00884c5b8_WAIN_IRD.JPG,f4acc15e2cd261b5811ceaf00884c5b8,EEN-Epinephelus-lanceolatus,f4acc15e2cd261b5811ceaf00884c5b8,OI,Senne,20210605,BACKUP_IOTA_20250207/DCF Senne (IRD)/OI-200/1220b_OI_20210605-20210703_WAIN_SAPMER_BERNICA/OI_20210605-20210703_WAIN_SAPMER_BERNICA_Photos/Calée29_EEN (1).JPG
EHN_446fc5dda56356a49a5b7a183ae47b35_KOUAKOU_ORTHONGEL.JPG,446fc5dda56356a49a5b7a183ae47b35,EHN-Echeneis-naucrates,446fc5dda56356a49a5b7a183ae47b35,OA,Senne,20160520,BACKUP_IOTA_20250207/OCUP-OB/OA-300/432_OA_20160520-20160607_KOUAKOU_CFTO_AVELVOR/OA_20160520-20160607_KOUAKOU_CFTO_AVELVOR_Photos & vidéos/PHOTOS/Especes/Autres/SAM_3571.JPG
EHN_55d63aa0e8c01dd14b79b6d675729f4b_KOUAME_ORTHONGEL.JPG,55d63aa0e8c01dd14b79b6d675729f4b,EHN-Echeneis-naucrates,55d63aa0e8c01dd14b79b6d675729f4b,OA,Senne,20160919,BACKUP_IOTA_20250207/OCUP-OB/OA-300/454_OA_20160919-20161025_KOUAME_SQT_VIAMISTRAL/OA_20160919-20161025_KOUAME_SQT_VIAMISTRAL_Photos/5-PHOTOS/Espèce/EHN.JPG
EHN_5dd98a012a8a60577347fed50a70a909_BOURASSEAU_TAAF.JPG,5dd98a012a8a60577347fed50a70a909,EHN-Echeneis-naucrates,5dd98a012a8a60577347fed50a70a909,OI,Senne,20150310,BACKUP_IOTA_20250207/DCF Senne (TAAF)/2015/15-1_Bourasseau_BERNICA/OI_20150310-20150425_BOURASSEAU_BERNICA_Photos/Calée 30 + shiftage/P1030767.JPG
EHN_6c747ced4edbf4b7aeaaac7becc26874_AKAFFOU_ORTHONGEL.JPG,6c747ced4edbf4b7aeaaac7becc26874,EHN-Echeneis-naucrates,6c747ced4edbf4b7aeaaac7becc26874,OA,Senne,20160802,BACKUP_IOTA_20250207/OCUP-OB/OA-300/441b_OA_20160802-20160818_AKAFFOU_SQT_VIAEUROS/OA_20160802-20160818_AKAFFOU_SQT_VIAEUROS_Photos/PHOTOS/SAM_3222.JPG
EHN_ca835d9ad77574c8249bcb827f519abd_BAILLOUT_TAAF.JPG,ca835d9ad77574c8249bcb827f519abd,EHN-Echeneis-naucrates,ca835d9ad77574c8249bcb827f519abd,,Senne,20151505,BACKUP_IOTA_20250207/DCF Senne (TAAF)/2015/15-5a&b_Baillout_BELOUVE/Copie CD 1/photos marée/IMG_9158.JPG
FAL_013bd069b756e2f310823cb2f7db4e4a_ABDOUREMANE_ORTHONGEL.JPG,013bd069b756e2f310823cb2f7db4e4a,FAL-Carcharhinus-falciformis,013bd069b756e2f310823cb2f7db4e4a,OI,Senne,20151213,BACKUP_IOTA_20250207/OCUP-OB/OI-700/745b_OI_20151213-20160111_ABDOUREMANE_IOSMS_BELLERIVE/OI_20151213-20160111_ABDOUREMANE_SAPMER_BELLERIVE_Photos/DSCF5039.JPG
FAL_06bc2ecfb5f926cd8d2c4ef336926ab9_MELAN_IRD.JPG,06bc2ecfb5f926cd8d2c4ef336926ab9,FAL-Carcharhinus-falciformis,06bc2ecfb5f926cd8d2c4ef336926ab9,OA,Senne,20190525,BACKUP_IOTA_20250207/DCF Senne (IRD)/OA-100/1105_OA_20190525-20190715_MELAN_CFTO_PENDRUC/OA_20190525-20190715_MELAN_CFTO_PENDRUC_Photos/N°58.JPG
FAL_12f657e88c5a259afeba6075762fd47c_MELAN_IRD.JPG,12f657e88c5a259afeba6075762fd47c,FAL-Carcharhinus-falciformis,12f657e88c5a259afeba6075762fd47c,OA,Senne,20190525,BACKUP_IOTA_20250207/DCF Senne (IRD)/OA-100/1105_OA_20190525-20190715_MELAN_CFTO_PENDRUC/OA_20190525-20190715_MELAN_CFTO_PENDRUC_Photos/N°43.JPG
FAL_174c690badfd141d67fb581c807b30fa_MELAN_IRD.JPG,174c690badfd141d67fb581c807b30fa,FAL-Carcharhinus-falciformis,174c690badfd141d67fb581c807b30fa,OA,Senne,20190525,BACKUP_IOTA_20250207/DCF Senne (IRD)/OA-100/1105_OA_20190525-20190715_MELAN_CFTO_PENDRUC/OA_20190525-20190715_MELAN_CFTO_PENDRUC_Photos/N°30.JPG
FAL_25087c1e1e583ab2e7eb992d5eeec088_AFONSO_ORTHONGEL.JPG,25087c1e1e583ab2e7eb992d5eeec088,FAL-Carcharhinus-falciformis,25087c1e1e583ab2e7eb992d5eeec088,OA,Senne,20170513,BACKUP_IOTA_20250207/OCUP-OB/OA-300/501_OA_20170513-20170620_AFONSO_SQT_VIAAVENIR/OA_20170513-20170620_AFONSO_SQT_VIAAVENIR_Photos/SAM_4438.JPG
FAL_258279c270b874a4c5ded8f9881f1860_RAKOTOMIRAHO_ORTHONGEL.JPG,258279c270b874a4c5ded8f9881f1860,FAL-Carcharhinus-falciformis,258279c270b874a4c5ded8f9881f1860,OI,Senne,20180911,BACKUP_IOTA_20250207/OCUP-OB/OI-700/862b_OI_20180911-20181008_RAKOTOMIRAHO_SAP_MANAPANY/OI_20180911-20181008_RAKOTOMIRAHO_SAP_MANAPANY_Photos/Nageoires pectorales.JPG
FAL_2ff83220604dd08c57248d01e36508549_RAKOTOMIRAHO_ORTHONGEL.JPG,2ff83220604dd08c57248d01e3650854,FAL-Carcharhinus-falciformis,,OI,Longline,,
FAL_3579beacc659395c512fec6006264953_MELAN_IRD.JPG,3579beacc659395c512fec6006264953,FAL-Carcharhinus-falciformis,3579beacc659395c512fec6006264953,OA,Senne,20190525,BACKUP_IOTA_20250207/DCF Senne (IRD)/OA-100/1105_OA_20190525-20190715_MELAN_CFTO_PENDRUC/OA_20190525-20190715_MELAN_CFTO_PENDRUC_Photos/N°59.JPG
FAL_41374b009accb76d414e0e34f3f44a56_MONIN_IRD.jpg,41374b009accb76d414e0e34f3f44a56,FAL-Carcharhinus-falciformis,41374b009accb76d414e0e34f3f44a56,OA,Senne,20190502,BACKUP_IOTA_20250207/DCF Senne (IRD)/OA-100/1104_OA_20190502-20190622_MONIN_CFTO_GEVRED/OA_20190502-20190622_MONIN_CFTO_GEVRED_Photos/Photo du 18052019-RMV/Calée 22  (5).jpg
FAL_4aacdb1040470ea0980a34263b6987ef_MELAN_IRD.JPG,4aacdb1040470ea0980a34263b6987ef,FAL-Carcharhinus-falciformis,4aacdb1040470ea0980a34263b6987ef,OA,Senne,20190525,BACKUP_IOTA_20250207/DCF Senne (IRD)/OA-100/1105_OA_20190525-20190715_MELAN_CFTO_PENDRUC/OA_20190525-20190715_MELAN_CFTO_PENDRUC_Photos/N°4.JPG
FAL_4d3a55b0cd00d199b8dec378400d44cd_RAKOTOMIRAHO_ORTHONGEL.JPG,4d3a55b0cd00d199b8dec378400d44cd,FAL-Carcharhinus-falciformis,4d3a55b0cd00d199b8dec378400d44cd,OI,Senne,20180911,BACKUP_IOTA_20250207/OCUP-OB/OI-700/862b_OI_20180911-20181008_RAKOTOMIRAHO_SAP_MANAPANY/OI_20180911-20181008_RAKOTOMIRAHO_SAP_MANAPANY_Photos/Vue laterale de FAL.JPG
FAL_53babc04586d20ce2131815e3211d535_MELAN_IRD.JPG,53babc04586d20ce2131815e3211d535,FAL-Carcharhinus-falciformis,53babc04586d20ce2131815e3211d535,OA,Senne,20190525,BACKUP_IOTA_20250207/DCF Senne (IRD)/OA-100/1105_OA_20190525-20190715_MELAN_CFTO_PENDRUC/OA_20190525-20190715_MELAN_CFTO_PENDRUC_Photos/N°35.JPG
FAL_5a2436ffdd9c02037086b3ad629ae4ae_MELAN_IRD.JPG,5a2436ffdd9c02037086b3ad629ae4ae,FAL-Carcharhinus-falciformis,5a2436ffdd9c02037086b3ad629ae4ae,OA,Senne,20190525,BACKUP_IOTA_20250207/DCF Senne (IRD)/OA-100/1105_OA_20190525-20190715_MELAN_CFTO_PENDRUC/OA_20190525-20190715_MELAN_CFTO_PENDRUC_Photos/N°16.JPG
FAL_5bbff5555f35b525656993361e7d2915_RAKOTOMIRAHO_ORTHONGEL.JPG,5bbff5555f35b525656993361e7d2915,FAL-Carcharhinus-falciformis,5bbff5555f35b525656993361e7d2915,OI,Senne,20180911,BACKUP_IOTA_20250207/OCUP-OB/OI-700/862b_OI_20180911-20181008_RAKOTOMIRAHO_SAP_MANAPANY/OI_20180911-20181008_RAKOTOMIRAHO_SAP_MANAPANY_Photos/Vue dorsale FAL.JPG
FAL_6297eaa06ceeafd3e79d7bc64ad69734_MONIN_IRD.jpg,6297eaa06ceeafd3e79d7bc64ad69734,FAL-Carcharhinus-falciformis,6297eaa06ceeafd3e79d7bc64ad69734,OA,Senne,20190502,BACKUP_IOTA_20250207/DCF Senne (IRD)/OA-100/1104_OA_20190502-20190622_MONIN_CFTO_GEVRED/OA_20190502-20190622_MONIN_CFTO_GEVRED_Photos/Photo du 18052019-RMV/Calée 22  (7).jpg
FAL_8dcfdeec981e6ce22dce06c0724c9017_MELAN_IRD.JPG,8dcfdeec981e6ce22dce06c0724c9017,FAL-Carcharhinus-falciformis,8dcfdeec981e6ce22dce06c0724c9017,OA,Senne,20190525,BACKUP_IOTA_20250207/DCF Senne (IRD)/OA-100/1105_OA_20190525-20190715_MELAN_CFTO_PENDRUC/OA_20190525-20190715_MELAN_CFTO_PENDRUC_Photos/N°27.JPG
FAL_94e51b6df02db0a14d549d7f95a00133_ABDOUREMANE_ORTHONGEL.JPG,94e51b6df02db0a14d549d7f95a00133,FAL-Carcharhinus-falciformis,94e51b6df02db0a14d549d7f95a00133,OI,Senne,20151213,BACKUP_IOTA_20250207/OCUP-OB/OI-700/745b_OI_20151213-20160111_ABDOUREMANE_IOSMS_BELLERIVE/OI_20151213-20160111_ABDOUREMANE_SAPMER_BELLERIVE_Photos/DSCF5037.JPG
FAL_a194e9a3d42dc26f8eaa363b8bf46b9b_MELAN_IRD.JPG,a194e9a3d42dc26f8eaa363b8bf46b9b,FAL-Carcharhinus-falciformis,a194e9a3d42dc26f8eaa363b8bf46b9b,OA,Senne,20190525,BACKUP_IOTA_20250207/DCF Senne (IRD)/OA-100/1105_OA_20190525-20190715_MELAN_CFTO_PENDRUC/OA_20190525-20190715_MELAN_CFTO_PENDRUC_Photos/N°5.JPG
FAL_a83115e3c66c090b94a84d7feca1a552_MELAN_IRD.JPG,a83115e3c66c090b94a84d7feca1a552,FAL-Carcharhinus-falciformis,a83115e3c66c090b94a84d7feca1a552,OA,Senne,20190525,BACKUP_IOTA_20250207/DCF Senne (IRD)/OA-100/1105_OA_20190525-20190715_MELAN_CFTO_PENDRUC/OA_20190525-20190715_MELAN_CFTO_PENDRUC_Photos/N°44.JPG
FAL_af072f2da57507ec209b76c6cc0fb72d_RAKOTOMIRAHO_ORTHONGEL.JPG,af072f2da57507ec209b76c6cc0fb72d,FAL-Carcharhinus-falciformis,af072f2da57507ec209b76c6cc0fb72d,OI,Senne,20180911,BACKUP_IOTA_20250207/OCUP-OB/OI-700/862b_OI_20180911-20181008_RAKOTOMIRAHO_SAP_MANAPANY/OI_20180911-20181008_RAKOTOMIRAHO_SAP_MANAPANY_Photos/Requins soyeux.JPG
FAL_c0d69689e1b0b995607a15550ac1e2de_AFONSO_ORTHONGEL.JPG,c0d69689e1b0b995607a15550ac1e2de,FAL-Carcharhinus-falciformis,c0d69689e1b0b995607a15550ac1e2de,OA,Senne,20170513,BACKUP_IOTA_20250207/OCUP-OB/OA-300/501_OA_20170513-20170620_AFONSO_SQT_VIAAVENIR/OA_20170513-20170620_AFONSO_SQT_VIAAVENIR_Photos/SAM_4419.JPG
FAL_c1ff5322bd593f277f385ed9c1001981_MELAN_IRD.JPG,c1ff5322bd593f277f385ed9c1001981,FAL-Carcharhinus-falciformis,c1ff5322bd593f277f385ed9c1001981,OA,Senne,20190525,BACKUP_IOTA_20250207/DCF Senne (IRD)/OA-100/1105_OA_20190525-20190715_MELAN_CFTO_PENDRUC/OA_20190525-20190715_MELAN_CFTO_PENDRUC_Photos/N°18.JPG
FAL_c3ffee77fe67f5e4dd45bf20829cc1d2_MELAN_IRD.JPG,c3ffee77fe67f5e4dd45bf20829cc1d2,FAL-Carcharhinus-falciformis,c3ffee77fe67f5e4dd45bf20829cc1d2,OA,Senne,20190525,BACKUP_IOTA_20250207/DCF Senne (IRD)/OA-100/1105_OA_20190525-20190715_MELAN_CFTO_PENDRUC/OA_20190525-20190715_MELAN_CFTO_PENDRUC_Photos/N°54.JPG
FAL_f22d44b55c0a41ddee3290a4a3a07315_AFONSO_ORTHONGEL.JPG,f22d44b55c0a41ddee3290a4a3a07315,FAL-Carcharhinus-falciformis,f22d44b55c0a41ddee3290a4a3a07315,OA,Senne,20170513,BACKUP_IOTA_20250207/OCUP-OB/OA-300/501_OA_20170513-20170620_AFONSO_SQT_VIAAVENIR/OA_20170513-20170620_AFONSO_SQT_VIAAVENIR_Photos/SAM_4418.JPG
FAL_f64cb85e3d1f4c85c01c5fd704af7b82_RAKOTOMIRAHO_ORTHONGEL.JPG,f64cb85e3d1f4c85c01c5fd704af7b82,FAL-Carcharhinus-falciformis,f64cb85e3d1f4c85c01c5fd704af7b82,OI,Senne,20180911,BACKUP_IOTA_20250207/OCUP-OB/OI-700/862b_OI_20180911-20181008_RAKOTOMIRAHO_SAP_MANAPANY/OI_20180911-20181008_RAKOTOMIRAHO_SAP_MANAPANY_Photos/Mensuration de FAL.JPG
FAW_0126cb89730cd2ef4681edd2117e258f_BERTRAND_IRD.jpeg,0126cb89730cd2ef4681edd2117e258f,FAW-Pseudorca-crassidens,,OI,Longline,,
FAW_0a12f566e03c6f10dec760d830c72a1e_HOUILLOT_IRD.JPG,0a12f566e03c6f10dec760d830c72a1e,FAW-Pseudorca-crassidens,0a12f566e03c6f10dec760d830c72a1e,OI,Senne,20110825,BACKUP_IOTA_20250207/DCF Senne (IRD)/OI-200/245_OI_20110825-20111006_HOUILLOT_SAP_MANAPANY/OI_20110825-20111006_Houillot_SAP_MANAPANY_Photos/Pseudorques/DSCF0553.JPG
FAW_255ada43e6a37189c184516433b5cc10_HOUILLOT_IRD.JPG,255ada43e6a37189c184516433b5cc10,FAW-Pseudorca-crassidens,255ada43e6a37189c184516433b5cc10,OI,Senne,20110825,BACKUP_IOTA_20250207/DCF Senne (IRD)/OI-200/245_OI_20110825-20111006_HOUILLOT_SAP_MANAPANY/OI_20110825-20111006_Houillot_SAP_MANAPANY_Photos/Pseudorques/DSC09218.JPG
FAW_26f1c54c05997ef9ab04cf7985d135c8_HOUILLOT_IRD.JPG,26f1c54c05997ef9ab04cf7985d135c8,FAW-Pseudorca-crassidens,26f1c54c05997ef9ab04cf7985d135c8,OI,Senne,20110825,BACKUP_IOTA_20250207/DCF Senne (IRD)/OI-200/245_OI_20110825-20111006_HOUILLOT_SAP_MANAPANY/OI_20110825-20111006_Houillot_SAP_MANAPANY_Photos/Pseudorques/DSCF0489.JPG
FAW_294d6690afced574f4d8fae2f7b35fbb_HOUILLOT_IRD.JPG,294d6690afced574f4d8fae2f7b35fbb,FAW-Pseudorca-crassidens,294d6690afced574f4d8fae2f7b35fbb,OI,Senne,20110825,BACKUP_IOTA_20250207/DCF Senne (IRD)/OI-200/245_OI_20110825-20111006_HOUILLOT_SAP_MANAPANY/OI_20110825-20111006_Houillot_SAP_MANAPANY_Photos/Pseudorques/DSC09234.JPG
FAW_395dcc0043f98c86d43bfacf87244896_HOUILLOT_IRD.JPG,395dcc0043f98c86d43bfacf87244896,FAW-Pseudorca-crassidens,395dcc0043f98c86d43bfacf87244896,OI,Senne,20110825,BACKUP_IOTA_20250207/DCF Senne (IRD)/OI-200/245_OI_20110825-20111006_HOUILLOT_SAP_MANAPANY/OI_20110825-20111006_Houillot_SAP_MANAPANY_Photos/Pseudorques/DSCF0547.JPG
FAW_3cbaa856f597c9ef0fee0a4cdf11c2bc_HOUILLOT_IRD.JPG,3cbaa856f597c9ef0fee0a4cdf11c2bc,FAW-Pseudorca-crassidens,3cbaa856f597c9ef0fee0a4cdf11c2bc,OI,Senne,20110825,BACKUP_IOTA_20250207/DCF Senne (IRD)/OI-200/245_OI_20110825-20111006_HOUILLOT_SAP_MANAPANY/OI_20110825-20111006_Houillot_SAP_MANAPANY_Photos/Pseudorques/DSCF0559.JPG
FAW_4f7bdd12c96d975d81174868fc42ede0_HOUILLOT_IRD.JPG,4f7bdd12c96d975d81174868fc42ede0,FAW-Pseudorca-crassidens,4f7bdd12c96d975d81174868fc42ede0,OI,Senne,20110825,BACKUP_IOTA_20250207/DCF Senne (IRD)/OI-200/245_OI_20110825-20111006_HOUILLOT_SAP_MANAPANY/OI_20110825-20111006_Houillot_SAP_MANAPANY_Photos/Pseudorques/DSCF0484.JPG
FAW_54cf48d2f836457f3e4f04ec78264abd_HOUILLOT_IRD.JPG,54cf48d2f836457f3e4f04ec78264abd,FAW-Pseudorca-crassidens,54cf48d2f836457f3e4f04ec78264abd,OI,Senne,20110825,BACKUP_IOTA_20250207/DCF Senne (IRD)/OI-200/245_OI_20110825-20111006_HOUILLOT_SAP_MANAPANY/OI_20110825-20111006_Houillot_SAP_MANAPANY_Photos/Pseudorques/DSCF0488.JPG
FAW_5c4a4d66de0211044379ac02cf54c5c3_HOUILLOT_IRD.JPG,5c4a4d66de0211044379ac02cf54c5c3,FAW-Pseudorca-crassidens,5c4a4d66de0211044379ac02cf54c5c3,OI,Senne,20110825,BACKUP_IOTA_20250207/DCF Senne (IRD)/OI-200/245_OI_20110825-20111006_HOUILLOT_SAP_MANAPANY/OI_20110825-20111006_Houillot_SAP_MANAPANY_Photos/Pseudorques/DSCF0474.JPG
FAW_70675c3c1159b6bcc1ab73d1a21fdaac_HOUILLOT_IRD.jpg,70675c3c1159b6bcc1ab73d1a21fdaac,FAW-Pseudorca-crassidens,70675c3c1159b6bcc1ab73d1a21fdaac,OI,Senne,20110825,BACKUP_IOTA_20250207/DCF Senne (IRD)/OI-200/245_OI_20110825-20111006_HOUILLOT_SAP_MANAPANY/OI_20110825-20111006_Houillot_SAP_MANAPANY_Photos/Pseudorques/DSC_0206.jpg
FAW_973cb6c3af08ace9eb7d48f06a05eab6_HOUILLOT_IRD.jpg,973cb6c3af08ace9eb7d48f06a05eab6,FAW-Pseudorca-crassidens,973cb6c3af08ace9eb7d48f06a05eab6,OI,Senne,20110825,BACKUP_IOTA_20250207/DCF Senne (IRD)/OI-200/245_OI_20110825-20111006_HOUILLOT_SAP_MANAPANY/OI_20110825-20111006_Houillot_SAP_MANAPANY_Photos/Pseudorques/DSC_0209.jpg
FAW_a77f535c7dd4558fa2b8ede5ffaf5aa8_HOUILLOT_IRD.JPG,a77f535c7dd4558fa2b8ede5ffaf5aa8,FAW-Pseudorca-crassidens,a77f535c7dd4558fa2b8ede5ffaf5aa8,OI,Senne,20110825,BACKUP_IOTA_20250207/DCF Senne (IRD)/OI-200/245_OI_20110825-20111006_HOUILLOT_SAP_MANAPANY/OI_20110825-20111006_Houillot_SAP_MANAPANY_Photos/Pseudorques/DSCF0477.JPG
FAW_afc74c973f63211f97fe4d598e3bd50e_HOUILLOT_IRD.jpg,afc74c973f63211f97fe4d598e3bd50e,FAW-Pseudorca-crassidens,afc74c973f63211f97fe4d598e3bd50e,OI,Senne,20110825,BACKUP_IOTA_20250207/DCF Senne (IRD)/OI-200/245_OI_20110825-20111006_HOUILLOT_SAP_MANAPANY/OI_20110825-20111006_Houillot_SAP_MANAPANY_Photos/Pseudorques/DSC_0212.jpg
FAW_b36505dac5741e43e664099f911df406_HOUILLOT_IRD.JPG,b36505dac5741e43e664099f911df406,FAW-Pseudorca-crassidens,b36505dac5741e43e664099f911df406,OI,Senne,20110825,BACKUP_IOTA_20250207/DCF Senne (IRD)/OI-200/245_OI_20110825-20111006_HOUILLOT_SAP_MANAPANY/OI_20110825-20111006_Houillot_SAP_MANAPANY_Photos/Pseudorques/DSCF0558.JPG
FAW_b37137322afe826bf2605a8d835b2a09_BERTAND.jpeg,b37137322afe826bf2605a8d835b2a09,FAW-Pseudorca-crassidens,,OI,Longline,,
FAW_d57c499d2edd1644449d9b74f9a0abf6_BERTRAND_IRD.jpeg,d57c499d2edd1644449d9b74f9a0abf6,FAW-Pseudorca-crassidens,,OI,Longline,,
FAW_dd34cdb7351d7facf0244a6e835ab6eb_HOUILLOT_IRD.JPG,dd34cdb7351d7facf0244a6e835ab6eb,FAW-Pseudorca-crassidens,dd34cdb7351d7facf0244a6e835ab6eb,OI,Senne,20110825,BACKUP_IOTA_20250207/DCF Senne (IRD)/OI-200/245_OI_20110825-20111006_HOUILLOT_SAP_MANAPANY/OI_20110825-20111006_Houillot_SAP_MANAPANY_Photos/Pseudorques/DSCF0487.JPG
FAW_f0154a6a5c47216c61e082bb1abd66d6_HOUILLOT_IRD.JPG,f0154a6a5c47216c61e082bb1abd66d6,FAW-Pseudorca-crassidens,f0154a6a5c47216c61e082bb1abd66d6,OI,Senne,20110825,BACKUP_IOTA_20250207/DCF Senne (IRD)/OI-200/245_OI_20110825-20111006_HOUILLOT_SAP_MANAPANY/OI_20110825-20111006_Houillot_SAP_MANAPANY_Photos/Pseudorques/DSCF0549.JPG
FIW_32887d6cf113407e3eb62e197432e47a_MERCIER_IRD.JPG,32887d6cf113407e3eb62e197432e47a,FIW_Balaenoptera-physalus,32887d6cf113407e3eb62e197432e47a,OI,Senne,20070301,BACKUP_IOTA_20250207/DCF Senne (IRD)/OI-200/209_OI_20070301-20070416_MERCIER_CMB_TORRE GIULIA/OI_20070301-20070416_MERCIER_CMB_TORRE GIULIA_Photos/DSC_0209.JPG
FIW_9756494f69d72c2fd21e9d1b4cc94c87_MERCIER_IRD.JPG,9756494f69d72c2fd21e9d1b4cc94c87,FIW_Balaenoptera-physalus,9756494f69d72c2fd21e9d1b4cc94c87,OI,Senne,20070301,BACKUP_IOTA_20250207/DCF Senne (IRD)/OI-200/209_OI_20070301-20070416_MERCIER_CMB_TORRE GIULIA/OI_20070301-20070416_MERCIER_CMB_TORRE GIULIA_Photos/DSC_0044.JPG
FIW_ee008051304ee861d9bf01ea1d9e29a3_MERCIER_IRD.JPG,ee008051304ee861d9bf01ea1d9e29a3,FIW_Balaenoptera-physalus,ee008051304ee861d9bf01ea1d9e29a3,OI,Senne,20070301,BACKUP_IOTA_20250207/DCF Senne (IRD)/OI-200/209_OI_20070301-20070416_MERCIER_CMB_TORRE GIULIA/OI_20070301-20070416_MERCIER_CMB_TORRE GIULIA_Photos/DSC_0205.JPG
FLF_05e199eedc26eabb0b2c43c3f079c90a_PANGNE_ORTHONGEL.JPG,05e199eedc26eabb0b2c43c3f079c90a,FLF-Cantherhines-spp,05e199eedc26eabb0b2c43c3f079c90a,OA,Senne,20191124,BACKUP_IOTA_20250207/OCUP-OB/OA-300/622_OA_20191124-20200106_PANGNE_SPQT_VIAAVENIR/OA_20191124-20200106_PANGNE_SPQT_VIAAVENIR_Photos/DSCF1094.JPG
FLF_07651f383a4fd28823e4a4c838ef532a_RADEGONDE_ORTHONGEL.JPG,07651f383a4fd28823e4a4c838ef532a,FLF-Cantherhines-spp,07651f383a4fd28823e4a4c838ef532a,OI,Senne,20191004,BACKUP_IOTA_20250207/OCUP-OB/OI-700/913a_OI_20191004-20191030_RADEGONDE_SAP_BELLEISLE/OI_20191004-20191030_RADEGONDE_SAP_BELLEISLE_Photos/ALN01.JPG
FLF_164df625522870c5fe9fbe4643a9e2fe_JEHENNE_ORTHONGEL.JPG,164df625522870c5fe9fbe4643a9e2fe,FLF-Cantherhines-spp,164df625522870c5fe9fbe4643a9e2fe,OA,Senne,20121230,BACKUP_IOTA_20250207/OCUP-OB/OA-300/150_OA_20121230-20130219_JEHENNE_SPQ_VIA AVENIR/OA_20121230-20130219_Jehenne_SPQ_VIA AVENIR_Photos/échantillon (15).JPG
FLF_22b867e930e9ee3845ce76d66c9e10ab_KOFFI_IRD.JPG,22b867e930e9ee3845ce76d66c9e10ab,FLF-Cantherhines-spp,22b867e930e9ee3845ce76d66c9e10ab,OA,Senne,20181211,BACKUP_IOTA_20250207/DCF Senne (IRD)/OA-100/198b_OA_20181211-20181230_KOFFI_CFTO_GEVRED/OA_20181211-20181230_KOFFI_CFTO_GEVRED_Photos/AUTRES PHOTOS/SAM_3579.JPG
FLF_2e02a7142ca166c86703c8320b3f825e_ADINGRA_ORTHONGEL.JPG,2e02a7142ca166c86703c8320b3f825e,FLF-Cantherhines-spp,2e02a7142ca166c86703c8320b3f825e,OA,Senne,20150122,BACKUP_IOTA_20250207/OCUP-OB/OA-300/365_OA_20150122-20150315_ADINGRA_CFTO_GUERIDEN/OA_20150122-20150315_ADINGRA_CFTO_GUERIDEN_Photos/PHOTOS/espèces/SAM_0153.JPG
FLF_41999a3e59191cb92e3393d50a35ab46_KOUAME_ORTHONGEL.JPG,41999a3e59191cb92e3393d50a35ab46,FLF-Cantherhines-spp,41999a3e59191cb92e3393d50a35ab46,OA,Senne,20141128,BACKUP_IOTA_20250207/OCUP-OB/OA-300/352_OA_20141128-20141225_KOUAME_SAUPIQUET_VIA AVENIR/OA_20141128-20141225_KOUAME_SAUPIQUET_VIAAVENIR_Photos/PHOTOS/ALN.JPG
FLF_4a2bcfe9326f2addd5a3eff4f2670557_ALLANGBA_ORTHONGEL.JPG,4a2bcfe9326f2addd5a3eff4f2670557,FLF-Cantherhines-spp,4a2bcfe9326f2addd5a3eff4f2670557,OA,Senne,20161222,BACKUP_IOTA_20250207/OCUP-OB/OA-300/473_OA_20161222-20170212_ALLANGBA_CFTO_CAPBOJADOR/OA_20161222-20170212_ALLANGBA_CFTO_CAPBOJADOR_Photos/5-PHOTOS/AUTRES POISSONS/SAM_4918.JPG
FLF_5cd9b36bda5f62376f53fab8bf475d53_ADINGRA_MORATOIRE.JPG,5cd9b36bda5f62376f53fab8bf475d53,FLF-Cantherhines-spp,5cd9b36bda5f62376f53fab8bf475d53,OA,Senne,20150122,BACKUP_IOTA_20250207/OCUP-OB/OA-300/365_OA_20150122-20150315_ADINGRA_CFTO_GUERIDEN/OA_20150122-20150315_ADINGRA_CFTO_GUERIDEN_Photos/PHOTOS/espèces/SAM_0204.JPG
FLF_7f8289b103ec72d2047c197cb5e1b17b_KRAMO_ORTHONGEL.JPG,7f8289b103ec72d2047c197cb5e1b17b,FLF-Cantherhines-spp,7f8289b103ec72d2047c197cb5e1b17b,OA,Senne,20191017,BACKUP_IOTA_20250207/OCUP-OB/OA-300/618a_OA_20191017-20191107_KRAMO_CFTO_GEVRED/OA_20191017-20191107_KRAMO_CFTO_GEVRED_Photos/SAM_1909.JPG
FLF_814b4927ca8a2a2f879ef84322560bf5_KOUAME_ORTHONGEL.JPG,814b4927ca8a2a2f879ef84322560bf5,FLF-Cantherhines-spp,814b4927ca8a2a2f879ef84322560bf5,OA,Senne,20150114,BACKUP_IOTA_20250207/OCUP-OB/OA-300/364_OA_20150114_20150223_KOUAME_SAUPIQUET_VIAAVENIR/OA_20150114-20150223_KOUAME_SAUPIQUET_VIAAVENIR_Photos/PHOTOS/ALN.JPG
FLF_84939e0caa4a22160322a3efd0501f5a_KOSSONOU_ORTHONGEL.JPG,84939e0caa4a22160322a3efd0501f5a,FLF-Cantherhines-spp,84939e0caa4a22160322a3efd0501f5a,OA,Senne,20141126,BACKUP_IOTA_20250207/OCUP-OB/OA-300/357a_OA_20141126_20150108_KOSSONOU_CFTO_AVELVOR/OA_20141126-20150108_KOSSONOU_CFTO_AVELVOR_Photos/PHOTOS/SAM_1641.JPG
FLF_973a152f095f2fbf57a2fe4685fa543c_KOSSONOU_ORTHONGEL.JPG,973a152f095f2fbf57a2fe4685fa543c,FLF-Cantherhines-spp,973a152f095f2fbf57a2fe4685fa543c,OA,Senne,20141126,BACKUP_IOTA_20250207/OCUP-OB/OA-300/357a_OA_20141126_20150108_KOSSONOU_CFTO_AVELVOR/OA_20141126-20150108_KOSSONOU_CFTO_AVELVOR_Photos/PHOTOS/SAM_1636.JPG
FLF_9dcb4280435fd6e4d9288f5fe5ff8ee3_PANGNE_ORTHONGEL.JPG,9dcb4280435fd6e4d9288f5fe5ff8ee3,FLF-Cantherhines-spp,9dcb4280435fd6e4d9288f5fe5ff8ee3,OA,Senne,20200124,BACKUP_IOTA_20250207/OCUP-OB/OA-300/630_OA_20200124-20200316_PANGNE_CFTO_GUEOTEC/OA_20200124-20200316_PANGNE_CFTO_GUEOTEC_Photos/SAM_0055.JPG
FLF_c98d3a36ab211ff44006f8cee9378a56_JEHENNE_ORTHONGEL.JPG,c98d3a36ab211ff44006f8cee9378a56,FLF-Cantherhines-spp,c98d3a36ab211ff44006f8cee9378a56,OA,Senne,20121230,BACKUP_IOTA_20250207/OCUP-OB/OA-300/150_OA_20121230-20130219_JEHENNE_SPQ_VIA AVENIR/OA_20121230-20130219_Jehenne_SPQ_VIA AVENIR_Photos/DSCF1032.JPG
FLF_fcddf5c2102606f5d98ce56ebe3b02c6_CISSE_ORTHONGEL.jpg,fcddf5c2102606f5d98ce56ebe3b02c6,FLF-Cantherhines-spp,fcddf5c2102606f5d98ce56ebe3b02c6,OA,Senne,20190925,BACKUP_IOTA_20250207/OCUP-OB/OA-300/616a_OA_20190925-20191106_CISSE_CFTO_CAP BOJADOR/OA_20190925-20191106_CISSE_CFTO_CAP BOJADOR_Photos/IMG_20191027_155811.jpg
FLY_0e1ba231d1a71171055b9847c52f2773_VERREY_IRD.JPG,0e1ba231d1a71171055b9847c52f2773,FLY-Exocoetidae,,OI,Longline,,
FLY_cd6960421d97608acdedc41fb32a1fff_VERREY_IRD.JPG,cd6960421d97608acdedc41fb32a1fff,FLY-Exocoetidae,,OI,Longline,,
FRI_00e67f671f5712296828699681e9fb0b_CUILLANDRE_IRD.jpg,00e67f671f5712296828699681e9fb0b,FRI-Auxis-thazard,00e67f671f5712296828699681e9fb0b,OA,Senne,20080926,BACKUP_IOTA_20250207/DCF Senne (IRD)/OA-100/110_OA_20080926_20081105_CUILLANDRE_CMB_SANTA MARIA/OA_20080926_20081105_CUILLANDRE_CMB_SANTA MARIA_Photos/photo 132.jpg
FRI_07307e1b5b7336a81da17b8ed6850c50_AFONSO_ORTHONGEL.jpg,07307e1b5b7336a81da17b8ed6850c50,FRI-Auxis-thazard,,OI,Longline,,
FRI_135e866d42b618f07eb40c61307c6097_ESCALLE_IRD.JPG,135e866d42b618f07eb40c61307c6097,FRI-Auxis-thazard,135e866d42b618f07eb40c61307c6097,OA,Senne,20140618,BACKUP_IOTA_20250207/DCF Senne (IRD)/OA-100/162a_OA_ 20140618-20140713_ESCALLE_CFTO_AVELVOR/OA_ 20140618-20140713_ESCALLE_CFTO_AVELVOR_Photos/Captures/Auxides/Escalle165_0207 A. thazard.JPG
FRI_2209abd38baea66b9e84650cc96c05b6_CUILLANDRE_IRD.JPG,2209abd38baea66b9e84650cc96c05b6,FRI-Auxis-thazard,2209abd38baea66b9e84650cc96c05b6,OA,Senne,20121107,BACKUP_IOTA_20250207/DCF Senne (IRD)/OA-100/143_OA_20121107-20121126_CUILLANDRE_CFTO_GUERIDEN/OA_20121107-20121126_Cuillandre_CFTO_GUERIDEN_Photos/DSC_0183.JPG
FRI_24905a57f73a9aede8b9095065bbe558_DRONNE_IRD.jpg,24905a57f73a9aede8b9095065bbe558,FRI-Auxis-thazard,,OI,Longline,,
FRI_2f536a4281ee811913d60e5fd4b2c019_RADEGONDE_ORTHONGEL.JPG,2f536a4281ee811913d60e5fd4b2c019,FRI-Auxis-thazard,2f536a4281ee811913d60e5fd4b2c019,OI,Senne,20180914,BACKUP_IOTA_20250207/OCUP-OB/OI-700/874a_OI_20180914-20181008_RADEGONDE_SAP_BELOUVE/OI_20180914-20181008_RADEGONDE_SAP_BELOUVE_Photos/DSCF0817.JPG
FRI_35582579b6adf3c249ecee0391c84756_WINKLER_IRD.jpg,35582579b6adf3c249ecee0391c84756,FRI-Auxis-thazard,,OI,Longline,,
FRI_39404a56a12a9911c04bac5bf2d3679f_CUILLANDRE_IRD.JPG,39404a56a12a9911c04bac5bf2d3679f,FRI-Auxis-thazard,39404a56a12a9911c04bac5bf2d3679f,OA,Senne,20121107,BACKUP_IOTA_20250207/DCF Senne (IRD)/OA-100/143_OA_20121107-20121126_CUILLANDRE_CFTO_GUERIDEN/OA_20121107-20121126_Cuillandre_CFTO_GUERIDEN_Photos/DSC_0205.JPG
FRI_3da7a961b9a008dafab3e41bbe03ccb2_DRONNE_IRD.jpg,3da7a961b9a008dafab3e41bbe03ccb2,FRI-Auxis-thazard,,OI,Longline,,
FRI_3ff988721417a65b3cf15e2585d0dc90_WINKLER_IRD.jpg,3ff988721417a65b3cf15e2585d0dc90,FRI-Auxis-thazard,,OI,Longline,,
FRI_499f27cfde05695d1392ac63eea05893_AFONSO_ORTHONGEL.jpg,499f27cfde05695d1392ac63eea05893,FRI-Auxis-thazard,,OI,Longline,,
FRI_4f339453985744a98842170caa3bda1c_CUILLANDRE_IRD.JPG,4f339453985744a98842170caa3bda1c,FRI-Auxis-thazard,4f339453985744a98842170caa3bda1c,OA,Senne,20121107,BACKUP_IOTA_20250207/DCF Senne (IRD)/OA-100/143_OA_20121107-20121126_CUILLANDRE_CFTO_GUERIDEN/OA_20121107-20121126_Cuillandre_CFTO_GUERIDEN_Photos/DSC_0172.JPG
FRI_59ac0ad8513d3ac5bdf2659fdea0c8db_KOSSONOU_ORTHONGEL.JPG,59ac0ad8513d3ac5bdf2659fdea0c8db,FRI-Auxis-thazard,59ac0ad8513d3ac5bdf2659fdea0c8db,OA,Senne,20140130,BACKUP_IOTA_20250207/OCUP-OB/OA-300/314b_OA_20140130-20140319_KOSSONOU_CFTO_CAPBOJADOR/OA_20140130_20140319_KOSSONOU_CFTO_CAPBOJADOR_Photos/AUTRE ESPECE/FRI.JPG
FRI_5c95fc2bf9d207fc80a77e13441c61d9_KOFFI_ORTHONGEL.JPG,5c95fc2bf9d207fc80a77e13441c61d9,FRI-Auxis-thazard,5c95fc2bf9d207fc80a77e13441c61d9,OA,Senne,20131005,BACKUP_IOTA_20250207/OCUP-OB/OA-300/308a_OA_20131005-20131101_KOFFI_CAPBOJADOR/OA_KOFFI_CAPBOJADOR_20131005-20131101_Photos/PHOTOS & VIDEOS/Photos/Espèces/SAM_0859.JPG
FRI_63f978bf7603ffc201bbde9fc81c3432_WINKLER_IRD.JPG,63f978bf7603ffc201bbde9fc81c3432,FRI-Auxis-thazard,,OI,Longline,,
FRI_68229b51c9625eece04b4ad684ccea97_LEFOL_IRD.JPG,68229b51c9625eece04b4ad684ccea97,FRI-Auxis-thazard,68229b51c9625eece04b4ad684ccea97,OA,Senne,20090913,BACKUP_IOTA_20250207/DCF Senne (IRD)/OA-100/113_OA_20090913-20091021_LEFOL_SPQ_VIA EUROS/OA_20090913-20091021_Le Fol_SPQ_VIA EUROS_Photos/photos especes/FRI/FRI6.JPG
FRI_6d123d638573ab52bbdc895df28d930b_CUILLANDRE_IRD.jpg,6d123d638573ab52bbdc895df28d930b,FRI-Auxis-thazard,6d123d638573ab52bbdc895df28d930b,OI,Senne,20090114,BACKUP_IOTA_20250207/DCF Senne (IRD)/OI-200/237_OI_20090114-20090225_CUILLANDRE_SPQ_VIA EUROS/OI_20090114_20090225_Cuillandre_SPQ_VIA EUROS_Photos/IMG_2048.jpg
FRI_76dae2924bf6fee270e0421286880a5a_KOSSONOU_IRD.JPG,76dae2924bf6fee270e0421286880a5a,FRI-Auxis-thazard,76dae2924bf6fee270e0421286880a5a,OA,Senne,20150122,BACKUP_IOTA_20250207/DCF Senne (IRD)/OA-100/167a_OA_20150122-20150225_KOSSONOU_CFTO_AVEL VOR/OA_20150122-20150225_KOSSONOU_CFTO_AVEL VOR_Photos/PHOTOS/SAM_1720.JPG
FRI_779a25082db96fd870d4f16a1a4e1231_ESCALLE_IRD.JPG,779a25082db96fd870d4f16a1a4e1231,FRI-Auxis-thazard,779a25082db96fd870d4f16a1a4e1231,OA,Senne,20140618,BACKUP_IOTA_20250207/DCF Senne (IRD)/OA-100/162a_OA_ 20140618-20140713_ESCALLE_CFTO_AVELVOR/OA_ 20140618-20140713_ESCALLE_CFTO_AVELVOR_Photos/Captures/Auxides/Escalle205_0407 Auxis rochei.JPG
FRI_7a3d61f5fee1080c35619e4ecc5f7b88_HUBERT_IRD.JPG,7a3d61f5fee1080c35619e4ecc5f7b88,FRI-Auxis-thazard,7a3d61f5fee1080c35619e4ecc5f7b88,OI,Senne,20061130,BACKUP_IOTA_20250207/DCF Senne (IRD)/OI-200/205a_OI_20061130-20061205_HUBERT_CMB_AVEL VAD/OI_20061130-20070116_HUBERT_CMB_AVEL VAD_Photos/CD2/POISSONS/100_1522.JPG
FRI_7ab8eaefe52145d98db481469d5c0a9d_HUBERT_IRD.JPG,7ab8eaefe52145d98db481469d5c0a9d,FRI-Auxis-thazard,7ab8eaefe52145d98db481469d5c0a9d,OA,Senne,20100311,BACKUP_IOTA_20250207/DCF Senne (IRD)/OA-100/119_OA_20100311-20100413_HUBERT_CMB_MEN GOE/OA_20100311-20100413_HUBERT_CMB_MEN GOE_Photos/Men Goe - rejets/Rejets de thonides/DSCF0336.JPG
FRI_7c89e9002de6794b433bb3eba0e93ab9_HUBERT_IRD.JPG,7c89e9002de6794b433bb3eba0e93ab9,FRI-Auxis-thazard,7c89e9002de6794b433bb3eba0e93ab9,OA,Senne,20100311,BACKUP_IOTA_20250207/DCF Senne (IRD)/OA-100/119_OA_20100311-20100413_HUBERT_CMB_MEN GOE/OA_20100311-20100413_HUBERT_CMB_MEN GOE_Photos/Men Goe - rejets/Rejets de thonides/DSCF0235.JPG
FRI_7cd7a8744367f4eeb6d7a6ba90fcee55_DRONNE_IRD.jpg,7cd7a8744367f4eeb6d7a6ba90fcee55,FRI-Auxis-thazard,,OI,Longline,,
FRI_7d97717440f5137f3312f6f60c2da813_RADEGONDE_ORTHONGEL.JPG,7d97717440f5137f3312f6f60c2da813,FRI-Auxis-thazard,7d97717440f5137f3312f6f60c2da813,OI,Senne,20180914,BACKUP_IOTA_20250207/OCUP-OB/OI-700/874a_OI_20180914-20181008_RADEGONDE_SAP_BELOUVE/OI_20180914-20181008_RADEGONDE_SAP_BELOUVE_Photos/DSCF0762.JPG
FRI_7f35c71a83931c8de64693254490163f_WINKLER_IRD.JPG,7f35c71a83931c8de64693254490163f,FRI-Auxis-thazard,,OI,Longline,,
FRI_90b4ca3ef474e1a2c7d4d3c7d86e0b88_AFONSO_ORTHONGEL.jpg,90b4ca3ef474e1a2c7d4d3c7d86e0b88,FRI-Auxis-thazard,,OI,Longline,,
FRI_933d5c1601cfa5fe3e2cb66008682d7e_VEGA_IRD.JPG,933d5c1601cfa5fe3e2cb66008682d7e,FRI-Auxis-thazard,933d5c1601cfa5fe3e2cb66008682d7e,OI,Senne,20180922,BACKUP_IOTA_20250207/DCF Senne (IRD)/OI-200/296a_OI_20180922-20181023_VEGA_CFTO_TREVIGNON/OI_20180922-20181023_VEGA_CFTO_TREVIGNON_Photos/DSCF0693.JPG
FRI_98fe746ff7fc4e8c6bc6f6204d835b1b_WINKLER_IRD.JPG,98fe746ff7fc4e8c6bc6f6204d835b1b,FRI-Auxis-thazard,,OI,Longline,,
FRI_a6874bfc510c9b97017d0d47c71ef06b_LEFOL_IRD.JPG,a6874bfc510c9b97017d0d47c71ef06b,FRI-Auxis-thazard,a6874bfc510c9b97017d0d47c71ef06b,OA,Senne,20090913,BACKUP_IOTA_20250207/DCF Senne (IRD)/OA-100/113_OA_20090913-20091021_LEFOL_SPQ_VIA EUROS/OA_20090913-20091021_Le Fol_SPQ_VIA EUROS_Photos/photos especes/FRI/P9170376.JPG
FRI_a96de69fa14f3896e676b1c36cc53876_LAJOURNADE_IRD.JPG,a96de69fa14f3896e676b1c36cc53876,FRI-Auxis-thazard,a96de69fa14f3896e676b1c36cc53876,OI,Senne,20081018,BACKUP_IOTA_20250207/DCF Senne (IRD)/OI-200/233_OI_20081018-20081201_LAJOURNARDE_CMB_ AVEL VAD/OI_20081018_20081201_LAJOURNADE_CMB_ AVEL VAD_Photos/Photos calee 2/2-02.JPG
FRI_ad75f59778b1285a72e5458b6aa0c8c0_RAKOTOMIRAHO_ORTHONGEL.JPG,ad75f59778b1285a72e5458b6aa0c8c0,FRI-Auxis-thazard,ad75f59778b1285a72e5458b6aa0c8c0,OI,Senne,20190618,BACKUP_IOTA_20250207/OCUP-OB/OI-700/893_OI_20190618-20190804_RAKOTOMIRAHO_CFTO_TORREGIULIA/OI_20190618-20190804_RAKOTOMIRAHO_CFTO_TORREGIULIA_Photos/DSCF1198.JPG
FRI_b74379045e1ba30622d00ad03eb1ed6d_LAURET_TAAF.jpg,b74379045e1ba30622d00ad03eb1ed6d,FRI-Auxis-thazard,b74379045e1ba30622d00ad03eb1ed6d,OI,Senne,20110402,BACKUP_IOTA_20250207/DCF Senne (TAAF)/2011/TAAF11-2_OI_20110402-20110430_SAP_BERNICA_Lauret/OI_20110402-20110430_SAP_TAAF11-2_BERNICA_Photos/Poissons/SNC00122.jpg
FRI_bffab7df416ea24b52378b75c1cdf432_DERRIDJ_IRD.jpg,bffab7df416ea24b52378b75c1cdf432,FRI-Auxis-thazard,bffab7df416ea24b52378b75c1cdf432,OA,Senne,20090705,BACKUP_IOTA_20250207/DCF Senne (IRD)/OA-100/112_OA_20090705_20090821_DERRIDJ_CMB_MEN GOE/OA_20090705_20090821_Derridj_CMB_MEN GOE_Photos/PHOTO 16 Auxis.jpg
FRI_c7357576a1ce4713ffe862f49dd9d6d6_CUILLANDRE_IRD.jpg,c7357576a1ce4713ffe862f49dd9d6d6,FRI-Auxis-thazard,c7357576a1ce4713ffe862f49dd9d6d6,OI,Senne,20090114,BACKUP_IOTA_20250207/DCF Senne (IRD)/OI-200/237_OI_20090114-20090225_CUILLANDRE_SPQ_VIA EUROS/OI_20090114_20090225_Cuillandre_SPQ_VIA EUROS_Photos/IMG_2047.jpg
FRI_cb1b0719b329a111a20dc686969905c1_ESCALLE_IRD.JPG,cb1b0719b329a111a20dc686969905c1,FRI-Auxis-thazard,cb1b0719b329a111a20dc686969905c1,OA,Senne,20140618,BACKUP_IOTA_20250207/DCF Senne (IRD)/OA-100/162a_OA_ 20140618-20140713_ESCALLE_CFTO_AVELVOR/OA_ 20140618-20140713_ESCALLE_CFTO_AVELVOR_Photos/Captures/Auxides/Escalle166_0207 A. thazard.JPG
FRI_cd53b6fe43cc46a3911208b887e43ae0_LEFOL_IRD.JPG,cd53b6fe43cc46a3911208b887e43ae0,FRI-Auxis-thazard,cd53b6fe43cc46a3911208b887e43ae0,OA,Senne,20090913,BACKUP_IOTA_20250207/DCF Senne (IRD)/OA-100/113_OA_20090913-20091021_LEFOL_SPQ_VIA EUROS/OA_20090913-20091021_Le Fol_SPQ_VIA EUROS_Photos/photos especes/FRI/FRI7.JPG
FRI_d4ce9ed619b0bf77bfd0acabe8a560f4_CISSE_ORTHONGEL.jpg,d4ce9ed619b0bf77bfd0acabe8a560f4,FRI-Auxis-thazard,d4ce9ed619b0bf77bfd0acabe8a560f4,OI,Senne,20191212,BACKUP_IOTA_20250207/OCUP-OB/OI-700/911_OI_20191212-20200121_CISSE_CFTO_TORRE ITALIA/OI_20191212-20200121_CISSE_CFTO_TORRE ITALIA_Photos/IMG_20191219_070657.jpg
FRI_dd650b29f73bcf40575187d42cc4c71d_WILLAUME_IRD.JPG,dd650b29f73bcf40575187d42cc4c71d,FRI-Auxis-thazard,dd650b29f73bcf40575187d42cc4c71d,OI,Senne,20070723,BACKUP_IOTA_20250207/DCF Senne (IRD)/OI-200/217_OI_20070723-20070903_WILLAUME_CMB_STERENN/OI_20070723-20070903_WILLAUME_CMB_STERENN_Photos/DSC00009.JPG
FRI_e865d8c7c0b3152aae781fc16cc43daa_TREMBLAU_IRD.JPG,e865d8c7c0b3152aae781fc16cc43daa,FRI-Auxis-thazard,e865d8c7c0b3152aae781fc16cc43daa,OI,Senne,20080615,BACKUP_IOTA_20250207/DCF Senne (IRD)/OI-200/229_OI_20080615-20080730_TREMBLAU_CMB_TALENDUIC/OI_20080615_20080730_TREMBLAU_CMB_TALENDUIC_Photos/P8250029.JPG
FRI_ee15d54d9b2e71baee5ed5ec74f0f729_WINKLER_IRD.JPG,ee15d54d9b2e71baee5ed5ec74f0f729,FRI-Auxis-thazard,ee15d54d9b2e71baee5ed5ec74f0f729,OA,Senne,20100206,BACKUP_IOTA_20250207/DCF Senne (IRD)/OA-100/117_OA_20100206_20100316_WINKLER_CMB_GUEOTEC/OA_20100206_20100316_WINKLER_CMB_GUEOTEC_Photos/Photos especes - OA- Winkler Joachim- Gueotec- 100206_100316/Auxide (Auxis thazard).JPG
FRI_f3df5a78453bbe8dfdcdf0cd082a2c06_VIERA_IRD.JPG,f3df5a78453bbe8dfdcdf0cd082a2c06,FRI-Auxis-thazard,f3df5a78453bbe8dfdcdf0cd082a2c06,OI,Senne,20051028,BACKUP_IOTA_20250207/DCF Senne (IRD)/OI-200/200_OI_20051028-20051207_VIERA_CMB_TORRE GIULIA/OI_051028-060118_Viera_CMB_TorreGiulia+MenCren_Photos/PB280042.JPG
FRI_fe4382dc7a620463ec44e094e4841436_KOSSONOU_IRD.JPG,fe4382dc7a620463ec44e094e4841436,FRI-Auxis-thazard,fe4382dc7a620463ec44e094e4841436,OA,Senne,20150302,BACKUP_IOTA_20250207/DCF Senne (IRD)/OA-100/167b_OA_20150302_20150316_KOSSONOU_CFTO_AVELVOR/OA_20150302-20150316_KOSSONOU_CFTO_AVEL VOR_Photos/PHOTOS/SAM_1753.JPG
GBA_05e1c91cb561934efeeaca2b618e771f_HUILLIER_IRD.JPG,05e1c91cb561934efeeaca2b618e771f,GBA-Sphyraena-barracuda,05e1c91cb561934efeeaca2b618e771f,OA,Senne,20110813,BACKUP_IOTA_20250207/DCF Senne (IRD)/OA-100/132_OA_20110813-20110927_HUILLIER_CFTO_AVEL VOR/OA_20110813-20110927_Huillier_CFTO_AVEL VOR_Photos/Espèces/21.JPG
GBA_06a4213c0b83c16903a469aabb2b41a2_MOEC_IRD.JPG,06a4213c0b83c16903a469aabb2b41a2,GBA-Sphyraena-barracuda,06a4213c0b83c16903a469aabb2b41a2,OA,Senne,20081201,BACKUP_IOTA_20250207/DCF Senne (IRD)/OA-100/111_OA_20081201_20090105_MOEC_CMB_AVEL VOR/OA_20081201_20090105_MOEC_CMB_AVEL VOR_Photos/photo 18.JPG
GBA_16e0f463823e2ca31629d0d74c7aa071_KOUAKOU_ORTHONGEL.JPG,16e0f463823e2ca31629d0d74c7aa071,GBA-Sphyraena-barracuda,16e0f463823e2ca31629d0d74c7aa071,OA,Senne,20150712,BACKUP_IOTA_20250207/OCUP-OB/OA-300/389a_OA_20150712-20150729_KOUAKOU_CFTO_AVEL VOR/OA_20150712-20150729_KOUAKOU_CFTO_AVELVOR_Photos/PHOTOS/ESPECES/5.JPG
GBA_3651ee40cf38b4949eeccf8404387e7c_KOUAKOU_ORTHONGEL.JPG,3651ee40cf38b4949eeccf8404387e7c,GBA-Sphyraena-barracuda,3651ee40cf38b4949eeccf8404387e7c,OA,Senne,20150712,BACKUP_IOTA_20250207/OCUP-OB/OA-300/389a_OA_20150712-20150729_KOUAKOU_CFTO_AVEL VOR/OA_20150712-20150729_KOUAKOU_CFTO_AVELVOR_Photos/PHOTOS/ESPECES/2.JPG
GBA_3cbd034541153df9966764f85f266094_ZOUZOUGBO_IRD.JPG,3cbd034541153df9966764f85f266094,GBA-Sphyraena-barracuda,3cbd034541153df9966764f85f266094,OA,Senne,20141106,BACKUP_IOTA_20250207/DCF Senne (IRD)/OA-100/165_OA_20141106_20141228_ZOUZOUGBO_CFTO_CAPBOJADOR/OA_20141106_20141228_ZOUZOUGBO_CFTO_CAPBOJADOR_Photos/IMG_1058.JPG
GBA_3f8b6ae631c26392c08a92787e2d4049_MONIN_IRD.jpg,3f8b6ae631c26392c08a92787e2d4049,GBA-Sphyraena-barracuda,3f8b6ae631c26392c08a92787e2d4049,OA,Senne,20190502,BACKUP_IOTA_20250207/DCF Senne (IRD)/OA-100/1104_OA_20190502-20190622_MONIN_CFTO_GEVRED/OA_20190502-20190622_MONIN_CFTO_GEVRED_Photos/photo du 19062019/Calée 43  (15).jpg
GBA_4c14904657224c593c2e1134cea39b71_ALLANGBA_IRD.JPG,4c14904657224c593c2e1134cea39b71,GBA-Sphyraena-barracuda,4c14904657224c593c2e1134cea39b71,OA,Senne,20150815,BACKUP_IOTA_20250207/DCF Senne (IRD)/OA-100/171_OA_20150815_20150925_ALLANGBA_CFTO_CAPBOJADOR/OA_20150815-20150927_ALLANGBA_CFTO_CAP BOJADOR_Photos/5-PHOTOS/Especes/autres poissons/IMG_2898.JPG
GBA_56459c31d7a4fd61c496591ff9d8e7d7_LEFOL_IRD.JPG,56459c31d7a4fd61c496591ff9d8e7d7,GBA-Sphyraena-barracuda,56459c31d7a4fd61c496591ff9d8e7d7,OA,Senne,20090913,BACKUP_IOTA_20250207/DCF Senne (IRD)/OA-100/113_OA_20090913-20091021_LEFOL_SPQ_VIA EUROS/OA_20090913-20091021_Le Fol_SPQ_VIA EUROS_Photos/photos especes/SPB/SPB4.JPG
GBA_6e2696931cdef96a5de595c128fbab61_MELAN_IRD.JPG,6e2696931cdef96a5de595c128fbab61,GBA-Sphyraena-barracuda,6e2696931cdef96a5de595c128fbab61,OA,Senne,20190525,BACKUP_IOTA_20250207/DCF Senne (IRD)/OA-100/1105_OA_20190525-20190715_MELAN_CFTO_PENDRUC/OA_20190525-20190715_MELAN_CFTO_PENDRUC_Photos/N°47.JPG
GBA_733b6d0e6934612b24b180fb3fc30392_LEFOL_IRD.JPG,733b6d0e6934612b24b180fb3fc30392,GBA-Sphyraena-barracuda,733b6d0e6934612b24b180fb3fc30392,OA,Senne,20090913,BACKUP_IOTA_20250207/DCF Senne (IRD)/OA-100/113_OA_20090913-20091021_LEFOL_SPQ_VIA EUROS/OA_20090913-20091021_Le Fol_SPQ_VIA EUROS_Photos/photos especes/SPB/SPB3.JPG
GBA_73a04b3922efcee83eec486835d47e3e_KOUAKOU_ORTHONGEL.JPG,73a04b3922efcee83eec486835d47e3e,GBA-Sphyraena-barracuda,73a04b3922efcee83eec486835d47e3e,OA,Senne,20150712,BACKUP_IOTA_20250207/OCUP-OB/OA-300/389a_OA_20150712-20150729_KOUAKOU_CFTO_AVEL VOR/OA_20150712-20150729_KOUAKOU_CFTO_AVELVOR_Photos/PHOTOS/ESPECES/55.JPG
GBA_7d3bb6207fe5e596e8aef94699737554_MONIN_IRD.jpg,7d3bb6207fe5e596e8aef94699737554,GBA-Sphyraena-barracuda,7d3bb6207fe5e596e8aef94699737554,OA,Senne,20190502,BACKUP_IOTA_20250207/DCF Senne (IRD)/OA-100/1104_OA_20190502-20190622_MONIN_CFTO_GEVRED/OA_20190502-20190622_MONIN_CFTO_GEVRED_Photos/photo du 19062019/Calée 43  (10).jpg
GBA_7f284e7f075034cebea2eb463704535d_KOUAKOU_ORTHONGEL.JPG,7f284e7f075034cebea2eb463704535d,GBA-Sphyraena-barracuda,7f284e7f075034cebea2eb463704535d,OA,Senne,20150712,BACKUP_IOTA_20250207/OCUP-OB/OA-300/389a_OA_20150712-20150729_KOUAKOU_CFTO_AVEL VOR/OA_20150712-20150729_KOUAKOU_CFTO_AVELVOR_Photos/PHOTOS/ESPECES/48.JPG
GBA_816b81d59bf4ec913b681cf407245485_EKPO_ORTHONGEL.jpg,816b81d59bf4ec913b681cf407245485,GBA-Sphyraena-barracuda,816b81d59bf4ec913b681cf407245485,OI,Senne,20200118,BACKUP_IOTA_20250207/OCUP-OB/OI-700/908b_OI_ 20200118-20200224_EKPO_SAPMER_BERNICA/OI_ 20200118-20200224_EKPO_SAPMER_BERNICA_Photos/Autres-Poissons/GBA.jpg
GBA_898fc3a7a6bb4554f87ce5b3a7c0809f_BOURASSEAU_IRD.JPG,898fc3a7a6bb4554f87ce5b3a7c0809f,GBA-Sphyraena-barracuda,898fc3a7a6bb4554f87ce5b3a7c0809f,OI,Senne,20161204,BACKUP_IOTA_20250207/DCF Senne (IRD)/OI-200/283a_OI_20161204-20161221_BOURASSEAU_SAP_FRANCHETERRE/OI_20161204-20161221_BOURASSEAU_SAP_FRANCHETERRE_Photos/Poissons Franche Terre/SAM_2623.JPG
GBA_9393e3f019d8bea0cab6ee8a044acb8d_CAUQUIL_IRD.JPG,9393e3f019d8bea0cab6ee8a044acb8d,GBA-Sphyraena-barracuda,9393e3f019d8bea0cab6ee8a044acb8d,OI,Senne,20120705,BACKUP_IOTA_20250207/DCF Senne (IRD)/OI-200/251_OI_20120705_20120808_CAUQUIL_CFTO_TORRE GIULIA/OI_20120705_20120808_CAUQUIL_CFTO_TORRE GIULIA_Photos/IMG_4452.JPG
GBA_b89f064d879a136388bec866ebca4cc4_KOUAKOU_ORTHONGEL.JPG,b89f064d879a136388bec866ebca4cc4,GBA-Sphyraena-barracuda,b89f064d879a136388bec866ebca4cc4,OA,Senne,20150712,BACKUP_IOTA_20250207/OCUP-OB/OA-300/389a_OA_20150712-20150729_KOUAKOU_CFTO_AVEL VOR/OA_20150712-20150729_KOUAKOU_CFTO_AVELVOR_Photos/PHOTOS/ESPECES/3.JPG
GBA_c2a3b7791ff3b515143fb7cbd7ec78b0_LEFOL_IRD.JPG,c2a3b7791ff3b515143fb7cbd7ec78b0,GBA-Sphyraena-barracuda,c2a3b7791ff3b515143fb7cbd7ec78b0,OA,Senne,20090913,BACKUP_IOTA_20250207/DCF Senne (IRD)/OA-100/113_OA_20090913-20091021_LEFOL_SPQ_VIA EUROS/OA_20090913-20091021_Le Fol_SPQ_VIA EUROS_Photos/photos especes/SPB/SPB2.JPG
GBA_d3db766fc08a2e46ccf68e2c3d08a2e5_BOUTIGNY_TAAF.JPG,d3db766fc08a2e46ccf68e2c3d08a2e5,GBA-Sphyraena-barracuda,d3db766fc08a2e46ccf68e2c3d08a2e5,OI,Senne,20160430,BACKUP_IOTA_20250207/DCF Senne (TAAF)/2016/16-2_OI_20160430-20160703_BOUTIGNY_SAPMER_BERNICA/OI_20160430-20160703_BOUTIGNY_SAPMER_BERNICA_Photos/P6290034.JPG
GBA_d5f09670bfd440fea3db759cccd918f9_KOUAKOU_ORTHONGEL.JPG,d5f09670bfd440fea3db759cccd918f9,GBA-Sphyraena-barracuda,d5f09670bfd440fea3db759cccd918f9,OA,Senne,20150712,BACKUP_IOTA_20250207/OCUP-OB/OA-300/389a_OA_20150712-20150729_KOUAKOU_CFTO_AVEL VOR/OA_20150712-20150729_KOUAKOU_CFTO_AVELVOR_Photos/PHOTOS/ESPECES/51.JPG
GBA_e4ba0df8262e13ebdbc22c8ba7e6c6fc_LEFOL_IRD.JPG,e4ba0df8262e13ebdbc22c8ba7e6c6fc,GBA-Sphyraena-barracuda,e4ba0df8262e13ebdbc22c8ba7e6c6fc,OA,Senne,20090913,BACKUP_IOTA_20250207/DCF Senne (IRD)/OA-100/113_OA_20090913-20091021_LEFOL_SPQ_VIA EUROS/OA_20090913-20091021_Le Fol_SPQ_VIA EUROS_Photos/photos especes/SPB/P9170384.JPG
GBA_ef27c96aaedf529a62d19a734cbe6b36_LAJOURNADE_IRD.jpg,ef27c96aaedf529a62d19a734cbe6b36,GBA-Sphyraena-barracuda,ef27c96aaedf529a62d19a734cbe6b36,OI,Senne,20081018,BACKUP_IOTA_20250207/DCF Senne (IRD)/OI-200/233_OI_20081018-20081201_LAJOURNARDE_CMB_ AVEL VAD/OI_20081018_20081201_LAJOURNADE_CMB_ AVEL VAD_Photos/Photos calee 6/6-05.jpg
GBA_f339e1dbec3d8d2291d182e47c91293a_MONIN_IRD.jpg,f339e1dbec3d8d2291d182e47c91293a,GBA-Sphyraena-barracuda,f339e1dbec3d8d2291d182e47c91293a,OA,Senne,20190502,BACKUP_IOTA_20250207/DCF Senne (IRD)/OA-100/1104_OA_20190502-20190622_MONIN_CFTO_GEVRED/OA_20190502-20190622_MONIN_CFTO_GEVRED_Photos/photo du 14062019/Calée 42 (1).jpg
GBA_fe25fe21f3ef18c8c06fb7b1a67d2ad7_MONIN_IRD.jpg,fe25fe21f3ef18c8c06fb7b1a67d2ad7,GBA-Sphyraena-barracuda,fe25fe21f3ef18c8c06fb7b1a67d2ad7,OA,Senne,20190502,BACKUP_IOTA_20250207/DCF Senne (IRD)/OA-100/1104_OA_20190502-20190622_MONIN_CFTO_GEVRED/OA_20190502-20190622_MONIN_CFTO_GEVRED_Photos/photo du 19062019/Calée 43  (14).jpg
GES_72de2d99135bd4a7394c81e7e3582254_KOUAME_ORTHONGEL.JPG,72de2d99135bd4a7394c81e7e3582254,GES-Gempylus-serpens,72de2d99135bd4a7394c81e7e3582254,OA,Senne,20140722,BACKUP_IOTA_20250207/OCUP-OB/OA-300/339c_OA_20140722-20140903_KOUAME_SAUPIQUET_VIA EUROS/OA_20140722-20140903_KOUAME_SAUPIQUET_VIAEUROS_Photos/PHOTOS/GES (2).JPG
GES_9dd73f0ad8b69ec67464add82ea95f78_KONAN_IRD.jpg,9dd73f0ad8b69ec67464add82ea95f78,GES-Gempylus-serpens,,OI,Longline,,
GNC_0553ad8bb390a7f5140a73f44fdfce77_MELAN_IRD.jpg,0553ad8bb390a7f5140a73f44fdfce77,GNC-Ginglymostoma-cirratum,0553ad8bb390a7f5140a73f44fdfce77,OA,Senne,20200613,BACKUP_IOTA_20250207/DCF Senne (IRD)/OA-100/1115_OA_20200613-20200804_MELAN_CFTO_GUERIDEN/OA_20200613-20200804_MELAN_CFTO_GUERIDEN_Photos/Calée 04/Calée04_GNC_01e.jpg
GNC_3d194f9382eba63d79a0f29be1a9f2a8_MELAN_IRD.jpg,3d194f9382eba63d79a0f29be1a9f2a8,GNC-Ginglymostoma-cirratum,3d194f9382eba63d79a0f29be1a9f2a8,OA,Senne,20200613,BACKUP_IOTA_20250207/DCF Senne (IRD)/OA-100/1115_OA_20200613-20200804_MELAN_CFTO_GUERIDEN/OA_20200613-20200804_MELAN_CFTO_GUERIDEN_Photos/Calée 04/Calée04_GNC_01b.jpg
GNC_e9df24bfe2b1755e4b0e28af5ccc103f_MELAN_IRD.jpg,e9df24bfe2b1755e4b0e28af5ccc103f,GNC-Ginglymostoma-cirratum,e9df24bfe2b1755e4b0e28af5ccc103f,OA,Senne,20200613,BACKUP_IOTA_20250207/DCF Senne (IRD)/OA-100/1115_OA_20200613-20200804_MELAN_CFTO_GUERIDEN/OA_20200613-20200804_MELAN_CFTO_GUERIDEN_Photos/Calée 04/Calée04_GNC_01h.jpg
GSE_0db4a9ece97313bff0eacb947715adcf_PRIOUL_IRD.JPG,0db4a9ece97313bff0eacb947715adcf,GSE-Grammistes-sexlineatus,0db4a9ece97313bff0eacb947715adcf,OI,Senne,20081105,BACKUP_IOTA_20250207/DCF Senne (IRD)/OI-200/234_OI_20081105-20081216_PRIOUL_ CMB_MEN GOE/OI_20081105_20081216_PRIOUL_ CMB_MEN GOE_Photos/18 Grammistes sexlineatus.JPG
GSE_ee4af65147a44119a77d6e79f1f72d40_BOUTIGNY_TAAF.JPG,ee4af65147a44119a77d6e79f1f72d40,GSE-Grammistes-sexlineatus,ee4af65147a44119a77d6e79f1f72d40,OI,Senne,20160430,BACKUP_IOTA_20250207/DCF Senne (TAAF)/2016/16-2_OI_20160430-20160703_BOUTIGNY_SAPMER_BERNICA/OI_20160430-20160703_BOUTIGNY_SAPMER_BERNICA_Photos/P5300054.JPG
HDV_12138f036708b76c125384894c21cecb_KOUAME_ORTHONGEL.JPG,12138f036708b76c125384894c21cecb,HDV-Schedophilus-ovalis,12138f036708b76c125384894c21cecb,OA,Senne,20140702,BACKUP_IOTA_20250207/OCUP-OB/OA-300/339b_OA_20140702-20140713_KOUAME_SAUPIQUET_VIA EUROS/OA_20140702-20140713_KOUAME_SAUPIQUET_VIAEUROS_Photos/PHOTOS/KYS (1).JPG
HDV_54bf5a616bd4be6fefed28fbb1317bb0_DAO_IRD.JPG,54bf5a616bd4be6fefed28fbb1317bb0,HDV-Schedophilus-ovalis,54bf5a616bd4be6fefed28fbb1317bb0,OA,Senne,20140616,BACKUP_IOTA_20250207/DCF Senne (IRD)/OA-100/161a_OA_20140616-20140722_DAO_CFTO_GUERIDEN/OA_20140616-20140722_DAO_CFTO_GUERIDEN_Photos/PHOTOS/IMG_1253.JPG
HDV_c3eb6b20907b440380dbeb70bb0e99ce_KOUAME_ORTHONGEL.JPG,c3eb6b20907b440380dbeb70bb0e99ce,HDV-Schedophilus-ovalis,c3eb6b20907b440380dbeb70bb0e99ce,OA,Senne,20140702,BACKUP_IOTA_20250207/OCUP-OB/OA-300/339b_OA_20140702-20140713_KOUAME_SAUPIQUET_VIA EUROS/OA_20140702-20140713_KOUAME_SAUPIQUET_VIAEUROS_Photos/PHOTOS/KYS (2).JPG
HKA_3d8a34064a180ce46afb1b81b3533bc6_SPADONI_IRD.JPG,3d8a34064a180ce46afb1b81b3533bc6,HKA-Chilomycterus-affinis,3d8a34064a180ce46afb1b81b3533bc6,OI,Senne,20190921,BACKUP_IOTA_20250207/DCF Senne (IRD)/OI-200/1209b_OI_20190921-20191027_SPADONI_SAP_MANAPANY/OI_20190921-20191027_SPADONI_SAP_MANAPANY_Photos/DIY_151019_03.JPG
HKA_c6dabbd1e12e13cac9662b0221cde468_PERNACK_TAAF.jpg,c6dabbd1e12e13cac9662b0221cde468,HKA-Chilomycterus-affinis,c6dabbd1e12e13cac9662b0221cde468,OI,Senne,20180912,BACKUP_IOTA_20250207/DCF Senne (TAAF)/2018/18-2b_OI_20180912-20181018_PERNAK_SAPMER_BERNICA/OI_20180912-20181018_PERNAK_SAPMER_BERNICA_Photos/DIO.jpg
HTL_1af2fef642cd7609b19d5c475cff3f88_KONAN_ORTHONGEL.JPG,1af2fef642cd7609b19d5c475cff3f88,HTL-Phtheirichthys-lineatus,1af2fef642cd7609b19d5c475cff3f88,OA,Senne,20140727,BACKUP_IOTA_20250207/OCUP-OB/OA-300/340_OA_20140727-20140909_KONAN_SAUPIQUET_VIA HARMATTAN/OA_20140727_20140909_KONAN_SAUPIQUET_VIAHARMATTAN_Photos/PHOTOS/DSC00936.JPG
HTL_b7c0a21d4cb5846d2ff485103f4bab4b_KONAN_ORTHONGEL.JPG,b7c0a21d4cb5846d2ff485103f4bab4b,HTL-Phtheirichthys-lineatus,b7c0a21d4cb5846d2ff485103f4bab4b,OA,Senne,20140727,BACKUP_IOTA_20250207/OCUP-OB/OA-300/340_OA_20140727-20140909_KONAN_SAUPIQUET_VIA HARMATTAN/OA_20140727_20140909_KONAN_SAUPIQUET_VIAHARMATTAN_Photos/PHOTOS/DSC00937.JPG
HUW_0ff1b87dfcab7bb3cb22dcc53630d12d_LEDANTEC_IRD.JPG,0ff1b87dfcab7bb3cb22dcc53630d12d,HUW-Megaptera-novaeangliae,0ff1b87dfcab7bb3cb22dcc53630d12d,OI,Senne,20140612,BACKUP_IOTA_20250207/DCF Senne (IRD)/OI-200/262a_OI_20140612-20140712_LE DANTEC_SAP_DOLOMIEU/OI_20140612-20140712_LE DANTEC_SAPMER_DOLOMIEU_Photos/Photos et vidéos capture Baleine 20 juin 2014/DSC00294.JPG
HUW_1bfa288ae54744637d4fd2505073b1da_ESCALLE_IRD.JPG,1bfa288ae54744637d4fd2505073b1da,HUW-Megaptera-novaeangliae,1bfa288ae54744637d4fd2505073b1da,OA,Senne,20140618,BACKUP_IOTA_20250207/DCF Senne (IRD)/OA-100/162a_OA_ 20140618-20140713_ESCALLE_CFTO_AVELVOR/OA_ 20140618-20140713_ESCALLE_CFTO_AVELVOR_Photos/Observation de Mammifères/Baleine à bosse/Escalle156_0107 M. novaeangliae poche.JPG
HUW_1ed789c080033c45d50b192b6ca4cf16_LEDANTEC_IRD.JPG,1ed789c080033c45d50b192b6ca4cf16,HUW-Megaptera-novaeangliae,1ed789c080033c45d50b192b6ca4cf16,OI,Senne,20140612,BACKUP_IOTA_20250207/DCF Senne (IRD)/OI-200/262a_OI_20140612-20140712_LE DANTEC_SAP_DOLOMIEU/OI_20140612-20140712_LE DANTEC_SAPMER_DOLOMIEU_Photos/Photos et vidéos capture Baleine 20 juin 2014/DSC00315.JPG
HUW_22401eceec86f957b3aee7da62fa1d57_BLE_ORTHONGEL.JPG,22401eceec86f957b3aee7da62fa1d57,HUW-Megaptera-novaeangliae,22401eceec86f957b3aee7da62fa1d57,OA,Senne,20140717,BACKUP_IOTA_20250207/OCUP-OB/OA-300/336a_OA_20140717-20140803_BLE_CFTO_CAP BOJADOR/OA_20140717-20140803_BLE_CFTO_CAP BOJADOR_Photos/PHOTOS/espèces/photos cachalot/photos calée 18_cachalot (4).JPG
HUW_36989112b93c5ac581695309a36db5d0_ESCALLE_IRD.JPG,36989112b93c5ac581695309a36db5d0,HUW-Megaptera-novaeangliae,36989112b93c5ac581695309a36db5d0,OA,Senne,20140618,BACKUP_IOTA_20250207/DCF Senne (IRD)/OA-100/162a_OA_ 20140618-20140713_ESCALLE_CFTO_AVELVOR/OA_ 20140618-20140713_ESCALLE_CFTO_AVELVOR_Photos/Observation de Mammifères/Baleine à bosse/Escalle149_0107 M. novaeangliae.JPG
HUW_4552ecd2e7b02e01eb669b552ccc54a0_ESCALLE_IRD.JPG,4552ecd2e7b02e01eb669b552ccc54a0,HUW-Megaptera-novaeangliae,4552ecd2e7b02e01eb669b552ccc54a0,OA,Senne,20140618,BACKUP_IOTA_20250207/DCF Senne (IRD)/OA-100/162a_OA_ 20140618-20140713_ESCALLE_CFTO_AVELVOR/OA_ 20140618-20140713_ESCALLE_CFTO_AVELVOR_Photos/Observation de Mammifères/Baleine à bosse/Escalle152_0107 M. novaeangliae.JPG
HUW_4dc6ce8f6f444cd3c66cbd9b2836fe5e_ESCALLE_IRD.JPG,4dc6ce8f6f444cd3c66cbd9b2836fe5e,HUW-Megaptera-novaeangliae,4dc6ce8f6f444cd3c66cbd9b2836fe5e,OA,Senne,20140618,BACKUP_IOTA_20250207/DCF Senne (IRD)/OA-100/162a_OA_ 20140618-20140713_ESCALLE_CFTO_AVELVOR/OA_ 20140618-20140713_ESCALLE_CFTO_AVELVOR_Photos/Observation de Mammifères/Baleine à bosse/Escalle158_0107 M. novaeangliae poche.JPG
HUW_5a631d5ddcdce52fba3e1c77ce7846a7_LEDANTEC_IRD.JPG,5a631d5ddcdce52fba3e1c77ce7846a7,HUW-Megaptera-novaeangliae,5a631d5ddcdce52fba3e1c77ce7846a7,OI,Senne,20140612,BACKUP_IOTA_20250207/DCF Senne (IRD)/OI-200/262a_OI_20140612-20140712_LE DANTEC_SAP_DOLOMIEU/OI_20140612-20140712_LE DANTEC_SAPMER_DOLOMIEU_Photos/Photos et vidéos capture Baleine 20 juin 2014/DSC00320.JPG
HUW_5fd7bd5a48fec14588895051b26560ef_ESCALLE_IRD.JPG,5fd7bd5a48fec14588895051b26560ef,HUW-Megaptera-novaeangliae,5fd7bd5a48fec14588895051b26560ef,OA,Senne,20140618,BACKUP_IOTA_20250207/DCF Senne (IRD)/OA-100/162a_OA_ 20140618-20140713_ESCALLE_CFTO_AVELVOR/OA_ 20140618-20140713_ESCALLE_CFTO_AVELVOR_Photos/Observation de Mammifères/Baleine à bosse/Escalle148_0107 M. novaeangliae filet.JPG
HUW_694cb8f83aedc71dfdd23788acd26bc3_LEDANTEC_IRD.JPG,694cb8f83aedc71dfdd23788acd26bc3,HUW-Megaptera-novaeangliae,694cb8f83aedc71dfdd23788acd26bc3,OI,Senne,20140612,BACKUP_IOTA_20250207/DCF Senne (IRD)/OI-200/262a_OI_20140612-20140712_LE DANTEC_SAP_DOLOMIEU/OI_20140612-20140712_LE DANTEC_SAPMER_DOLOMIEU_Photos/Photos et vidéos capture Baleine 20 juin 2014/DSC00309.JPG
HUW_6f080acfb6a07137cb463571dcfa37a3_ESCALLE_IRD.JPG,6f080acfb6a07137cb463571dcfa37a3,HUW-Megaptera-novaeangliae,6f080acfb6a07137cb463571dcfa37a3,OA,Senne,20140618,BACKUP_IOTA_20250207/DCF Senne (IRD)/OA-100/162a_OA_ 20140618-20140713_ESCALLE_CFTO_AVELVOR/OA_ 20140618-20140713_ESCALLE_CFTO_AVELVOR_Photos/Observation de Mammifères/Baleine à bosse/Escalle155_0107 M. novaeangliae poche.JPG
HUW_7fbb1ccf673571c021c08b655105aaa3_LEDANTEC_IRD.JPG,7fbb1ccf673571c021c08b655105aaa3,HUW-Megaptera-novaeangliae,7fbb1ccf673571c021c08b655105aaa3,OI,Senne,20140612,BACKUP_IOTA_20250207/DCF Senne (IRD)/OI-200/262a_OI_20140612-20140712_LE DANTEC_SAP_DOLOMIEU/OI_20140612-20140712_LE DANTEC_SAPMER_DOLOMIEU_Photos/Photos et vidéos capture Baleine 20 juin 2014/DSC00306.JPG
HUW_b40f0424d6de8a39742b33322d5ebee5_LEDANTEC_IRD.JPG,b40f0424d6de8a39742b33322d5ebee5,HUW-Megaptera-novaeangliae,b40f0424d6de8a39742b33322d5ebee5,OI,Senne,20140612,BACKUP_IOTA_20250207/DCF Senne (IRD)/OI-200/262a_OI_20140612-20140712_LE DANTEC_SAP_DOLOMIEU/OI_20140612-20140712_LE DANTEC_SAPMER_DOLOMIEU_Photos/Photos et vidéos capture Baleine 20 juin 2014/DSC00321.JPG
HUW_b42c03f133f34d5795a83877c3472722_BLE_ORTHONGEL.JPG,b42c03f133f34d5795a83877c3472722,HUW-Megaptera-novaeangliae,b42c03f133f34d5795a83877c3472722,OA,Senne,20140717,BACKUP_IOTA_20250207/OCUP-OB/OA-300/336a_OA_20140717-20140803_BLE_CFTO_CAP BOJADOR/OA_20140717-20140803_BLE_CFTO_CAP BOJADOR_Photos/PHOTOS/espèces/photos cachalot/photos calée 18_cachalot (2).JPG
HUW_f899cf42ef966bc88264c597f748a405_ESCALLE_IRD.JPG,f899cf42ef966bc88264c597f748a405,HUW-Megaptera-novaeangliae,f899cf42ef966bc88264c597f748a405,OA,Senne,20140618,BACKUP_IOTA_20250207/DCF Senne (IRD)/OA-100/162a_OA_ 20140618-20140713_ESCALLE_CFTO_AVELVOR/OA_ 20140618-20140713_ESCALLE_CFTO_AVELVOR_Photos/Observation de Mammifères/Baleine à bosse/Escalle160_0107 M. novaeangliae poche.JPG
HUW_fbd96a8d530aa6704cb14a67aa230f92_BLE_ORTHONGEL.JPG,fbd96a8d530aa6704cb14a67aa230f92,HUW-Megaptera-novaeangliae,fbd96a8d530aa6704cb14a67aa230f92,OA,Senne,20140717,BACKUP_IOTA_20250207/OCUP-OB/OA-300/336a_OA_20140717-20140803_BLE_CFTO_CAP BOJADOR/OA_20140717-20140803_BLE_CFTO_CAP BOJADOR_Photos/PHOTOS/espèces/photos cachalot/photos calée 18_cachalot (11).JPG
IQV_07ae69dbdb09e6d06139acc0e18698f0_DAO_IRD.jpg,07ae69dbdb09e6d06139acc0e18698f0,IQV-Brama-orcini,07ae69dbdb09e6d06139acc0e18698f0,OA,Senne,20140824,BACKUP_IOTA_20250207/DCF Senne (IRD)/OA-100/163a_OA_20140824-20140923_DAO_SAUPIQUET_VIA MISTRAL/OA_20140824-20140923_DAO_SAUPIQUET_VIAMISTRAL_Photos/PHOTOS/POA.jpg
IQV_3cef6100a5adadf1ec5f98e1c61410aa_ROMANOV_IRD.JPG,3cef6100a5adadf1ec5f98e1c61410aa,IQV-Brama-orcini,,OI,Longline,,
IQV_8f9f3ff631dda0a2e722923068de654e_GUILLON_TAAF.JPG,8f9f3ff631dda0a2e722923068de654e,IQV-Brama-orcini,8f9f3ff631dda0a2e722923068de654e,OI,Senne,20160507,BACKUP_IOTA_20250207/DCF Senne (TAAF)/2016/16-4_OI_20160507-20160712_GUILLON_SAPMER_FRANCHETERRE/OI_20160507-20160712_GUILLON_SAPMER_FRANCHETERRE_Photos/Espèces accessoires/Indéterminé.JPG
IQV_95e692d92788cfe95c4a098a531f0d8b_SHARP_IRD.JPG,95e692d92788cfe95c4a098a531f0d8b,IQV-Brama-orcini,,OI,Longline,,
IQV_b0ce55bb1f2ca73dd5c6aeff78279ab8_BOURASSEAU_IRD.jpg,b0ce55bb1f2ca73dd5c6aeff78279ab8,IQV-Brama-orcini,b0ce55bb1f2ca73dd5c6aeff78279ab8,OI,Senne,20181215,BACKUP_IOTA_20250207/DCF Senne (IRD)/OI-200/299b_OI_20181215-20181231_BOURASSEAU_SAP_BELOUVE/OI_20181215-20181231_BOURASSEAU_SAP_BELOUVE_Photos/Brama sp.jpg
KAW_0b28203fc972573a008dd333eea22d2a_KERVAREC_IRD.JPG,0b28203fc972573a008dd333eea22d2a,KAW-Euthynnus-affinis,0b28203fc972573a008dd333eea22d2a,OI,Senne,20160824,BACKUP_IOTA_20250207/DCF Senne (IRD)/OI-200/280b_OI_20160824-20160927_KERVAREC_SAPMER_DOLOMIEU/OI_20160824-20160927_KERVAREC_SAPMER_DOLOMIEU_Photos/Calée 20/KAW/DSCF1812.JPG
KAW_0f72bf34fffba8c739e17e17ea956c65_LEGUILLOU_IRD.JPG,0f72bf34fffba8c739e17e17ea956c65,KAW-Euthynnus-affinis,0f72bf34fffba8c739e17e17ea956c65,OI,Senne,20150219,BACKUP_IOTA_20250207/DCF Senne (IRD)/OI-200/270_OI_20150219-20150407_LE GUILLOU_CFTO_TORRE GIULIA/OI_20150219-20150407_LE GUILLOU_CFTO_TORRE GIULIA_Photos/PHOTOS/DSCF9647.JPG
KAW_17a37a093de87110706200b8aab8d6ad_KAUFFMAN_TAAF.JPG,17a37a093de87110706200b8aab8d6ad,KAW-Euthynnus-affinis,17a37a093de87110706200b8aab8d6ad,OI,Senne,20130305,BACKUP_IOTA_20250207/DCF Senne (TAAF)/2013/TAAF2013-1 MANAPANY Kauffmann/OI_20130305-20130424_TAAF_KAUFFMAN_MANAPANY_Photos/11.04/Calée 22/P4110030.JPG
KAW_27b3f630679cb520fb65a52caeaf7d08_KERVAREC_IRD.JPG,27b3f630679cb520fb65a52caeaf7d08,KAW-Euthynnus-affinis,27b3f630679cb520fb65a52caeaf7d08,OI,Senne,20160824,BACKUP_IOTA_20250207/DCF Senne (IRD)/OI-200/280b_OI_20160824-20160927_KERVAREC_SAPMER_DOLOMIEU/OI_20160824-20160927_KERVAREC_SAPMER_DOLOMIEU_Photos/Calée 20/KAW/DSCF1809.JPG
KAW_2a6d2648790859bba4c37fbb97872583_MERCIER_IRD.jpg,2a6d2648790859bba4c37fbb97872583,KAW-Euthynnus-affinis,2a6d2648790859bba4c37fbb97872583,OI,Senne,20070301,BACKUP_IOTA_20250207/DCF Senne (IRD)/OI-200/209_OI_20070301-20070416_MERCIER_CMB_TORRE GIULIA/OI_20070301-20070416_MERCIER_CMB_TORRE GIULIA_Photos/015.jpg
KAW_5462ee6f9010710525615e5edc675671_CISSE_ORTHONGEL.jpg,5462ee6f9010710525615e5edc675671,KAW-Euthynnus-affinis,5462ee6f9010710525615e5edc675671,OI,Senne,20191212,BACKUP_IOTA_20250207/OCUP-OB/OI-700/911_OI_20191212-20200121_CISSE_CFTO_TORRE ITALIA/OI_20191212-20200121_CISSE_CFTO_TORRE ITALIA_Photos/IMG_20200112_051158.jpg
KAW_759d2d16693a962b6e02ff250c1e1db5_MARIELEPOITTEVIN_TAAF.JPG,759d2d16693a962b6e02ff250c1e1db5,KAW-Euthynnus-affinis,759d2d16693a962b6e02ff250c1e1db5,OI,Senne,20170402,BACKUP_IOTA_20250207/DCF Senne (TAAF)/2017/17-3b_OI_20170402-20170428_MARIELEPOITTEVIN_SAPMER_BELOUVE_TAAF_IRD/OI_20170402-20170428_MARIELEPOITTEVIN_SAPMER_BELOUVE_TAAF_IRD_Photos/Photos/P4050029.JPG
KAW_75afbb6be8d9b394ff6bc856810fcc22_MEDIEU_IRD.JPG,75afbb6be8d9b394ff6bc856810fcc22,KAW-Euthynnus-affinis,75afbb6be8d9b394ff6bc856810fcc22,OI,Senne,20161223,BACKUP_IOTA_20250207/DCF Senne (IRD)/OI-200/284a_OI_20161223-20170120_MEDIEU_SAP_BELOUVE/OI_20161223-20170120_MEDIEU_SAP_BELOUVE_Photos/KAW1.JPG
KAW_775f3492457c625c13fa64e4a046d8ce_CUILLANDRE_IRD.jpg,775f3492457c625c13fa64e4a046d8ce,KAW-Euthynnus-affinis,775f3492457c625c13fa64e4a046d8ce,OI,Senne,20090114,BACKUP_IOTA_20250207/DCF Senne (IRD)/OI-200/237_OI_20090114-20090225_CUILLANDRE_SPQ_VIA EUROS/OI_20090114_20090225_Cuillandre_SPQ_VIA EUROS_Photos/IMG_2046.jpg
KAW_9cd3bc40d2925f1ea8ac97a23e577cc9_HUBERT_IRD.JPG,9cd3bc40d2925f1ea8ac97a23e577cc9,KAW-Euthynnus-affinis,9cd3bc40d2925f1ea8ac97a23e577cc9,OI,Senne,20061130,BACKUP_IOTA_20250207/DCF Senne (IRD)/OI-200/205a_OI_20061130-20061205_HUBERT_CMB_AVEL VAD/OI_20061130-20070116_HUBERT_CMB_AVEL VAD_Photos/CD2/POISSONS/100_1523.JPG
KAW_b867f8478679032a8570a3efcd4c3f79_LEDANTEC_IRD.JPG,b867f8478679032a8570a3efcd4c3f79,KAW-Euthynnus-affinis,b867f8478679032a8570a3efcd4c3f79,OI,Senne,20141219,BACKUP_IOTA_20250207/DCF Senne (IRD)/OI-200/266b_OI_20141219-20150119_LE DANTEC_SAPMER_BELOUVE/OI_20141219-20150119_LE DANTEC_SAPMER_BELOUVE_Photos/Images_141117-141215_BELOUVE/Photos poissons rejet/Thonidés/IMG_1078.JPG
KAW_bfd1dd39ccc8a4ebf0bb72985375db44_DHAINAUT_IRD.JPG,bfd1dd39ccc8a4ebf0bb72985375db44,KAW-Euthynnus-affinis,bfd1dd39ccc8a4ebf0bb72985375db44,OI,Senne,20190828,BACKUP_IOTA_20250207/DCF Senne (IRD)/OI-200/1206b_OI_20190828-20190915_DHAINAUT_CFTO_TALENDUIC/OI_20190828-20190915_DHAINAUT_CFTO_TALENDUIC_Photos/02- THONS/KAW/DSCF1477.JPG
KYC_02f6a1f59c7bd0edeac076c7ccdfe3cd_COCONI_TAAF.JPG,02f6a1f59c7bd0edeac076c7ccdfe3cd,KYC-Kyphosus-cinerascens,02f6a1f59c7bd0edeac076c7ccdfe3cd,OI,Senne,20180303,BACKUP_IOTA_20250207/DCF Senne (TAAF)/2018/18-1a_OI_20180303_20180329_COCONI_CFTO_GLENAN/OI_20180303_20180329_COCONI_CFTO_GLENAN_Photos/P3210732.JPG
KYC_2623a0cac20cc2d0fcc40563ea91e058_COCONI_TAAF.JPG,2623a0cac20cc2d0fcc40563ea91e058,KYC-Kyphosus-cinerascens,2623a0cac20cc2d0fcc40563ea91e058,OI,Senne,20180303,BACKUP_IOTA_20250207/DCF Senne (TAAF)/2018/18-1a_OI_20180303_20180329_COCONI_CFTO_GLENAN/OI_20180303_20180329_COCONI_CFTO_GLENAN_Photos/P1060654.JPG
KYC_2a72689f41d466da61691c12a4962ef7_BAILLOUT_TAAF.JPG,2a72689f41d466da61691c12a4962ef7,KYC-Kyphosus-cinerascens,2a72689f41d466da61691c12a4962ef7,,Senne,20151505,BACKUP_IOTA_20250207/DCF Senne (TAAF)/2015/15-5a&b_Baillout_BELOUVE/Copie CD 1/photos marée/IMG_9404.JPG
KYC_380a21970fe8bfe7e2c1d2101d94bad2_SAMSON_ORTHONGEL.JPG,380a21970fe8bfe7e2c1d2101d94bad2,KYC-Kyphosus-cinerascens,380a21970fe8bfe7e2c1d2101d94bad2,OI,Senne,20190811,BACKUP_IOTA_20250207/OCUP-OB/OI-700/910_OI_20190811-20190921_SAMSON_CFTO_TORRE GIULIA/OI_20190811-20190921_SAMSON_CFTO_TORRE GIULIA_Photos/DSCF1248.JPG
KYC_3dab940e99042638d7d1d4c19f456cee_GUILLON_TAAF.JPG,3dab940e99042638d7d1d4c19f456cee,KYC-Kyphosus-cinerascens,3dab940e99042638d7d1d4c19f456cee,OI,Senne,20160507,BACKUP_IOTA_20250207/DCF Senne (TAAF)/2016/16-4_OI_20160507-20160712_GUILLON_SAPMER_FRANCHETERRE/OI_20160507-20160712_GUILLON_SAPMER_FRANCHETERRE_Photos/Espèces accessoires/KYC.JPG
KYC_414b375a3c385a6ef22afe5d46840a1d_REVILLA_TAAF.JPG,414b375a3c385a6ef22afe5d46840a1d,KYC-Kyphosus-cinerascens,414b375a3c385a6ef22afe5d46840a1d,OI,Senne,20140417,BACKUP_IOTA_20250207/DCF Senne (TAAF)/2014/TAAF_14-4_OIOI_20140417-20140621_REVILLA_BELOUVE/OI_20140417-20140621_REVILLA_BELOUVE_Photos/Ines/SANY2726.JPG
KYC_55802d8e5294ccd5bd13791e27a41e60_WILLAUME_IRD.JPG,55802d8e5294ccd5bd13791e27a41e60,KYC-Kyphosus-cinerascens,55802d8e5294ccd5bd13791e27a41e60,OI,Senne,20070723,BACKUP_IOTA_20250207/DCF Senne (IRD)/OI-200/217_OI_20070723-20070903_WILLAUME_CMB_STERENN/OI_20070723-20070903_WILLAUME_CMB_STERENN_Photos/7kyphosuscinerascens.JPG
KYC_689205983386c1efe768230f8559d845_COCONI_TAAF.JPG,689205983386c1efe768230f8559d845,KYC-Kyphosus-cinerascens,689205983386c1efe768230f8559d845,OI,Senne,20180403,BACKUP_IOTA_20250207/DCF Senne (TAAF)/2018/18-1b_OI_20180403_20180423_COCONI_CFTO_GLENAN/OI_20180403_20180423_COCONI_CFTO_GLENAN_Photos/P4101441.JPG
KYC_87c93361a1f7d432cf9704be8e0c293d_LEMERDY_ORTHONGEL.JPG,87c93361a1f7d432cf9704be8e0c293d,KYC-Kyphosus-cinerascens,87c93361a1f7d432cf9704be8e0c293d,OI,Senne,20161130,BACKUP_IOTA_20250207/OCUP-OB/OI-700/780b_OI_20161130-20170103_LEMERDY_SAP_MORNSESELWA/OI_20161029-20170103_LEMERDY_SAP_MORNSESELWA_Photos/DSCF3116-KYC.JPG
KYC_922b430de40fd16d5fa0b73ccdedf0e4_COCONI_TAAF.JPG,922b430de40fd16d5fa0b73ccdedf0e4,KYC-Kyphosus-cinerascens,922b430de40fd16d5fa0b73ccdedf0e4,OI,Senne,20180303,BACKUP_IOTA_20250207/DCF Senne (TAAF)/2018/18-1a_OI_20180303_20180329_COCONI_CFTO_GLENAN/OI_20180303_20180329_COCONI_CFTO_GLENAN_Photos/P1060947.JPG
KYC_a1eab3827165510d77484aa8cc0645d4_LEMERDY_ORTHONGEL.JPG,a1eab3827165510d77484aa8cc0645d4,KYC-Kyphosus-cinerascens,a1eab3827165510d77484aa8cc0645d4,OI,Senne,20161130,BACKUP_IOTA_20250207/OCUP-OB/OI-700/780b_OI_20161130-20170103_LEMERDY_SAP_MORNSESELWA/OI_20161029-20170103_LEMERDY_SAP_MORNSESELWA_Photos/DSCF3115-KYC.JPG
KYC_b43f3c67865e80cd42742411479e34d3_BAIDAI_ORTHONGEL.JPG,b43f3c67865e80cd42742411479e34d3,KYC-Kyphosus-cinerascens,b43f3c67865e80cd42742411479e34d3,OI,Senne,20141010,BACKUP_IOTA_20250207/OCUP-OB/OI-700/711_OI_20141010-20141108_BAIDAI_SAPMER_BELLE ISLE/OI_20141010-20141108_BAIDAI_SAPMER_BELLE ISLE_Photos/PHOTOS/Especes/IMG_2047.JPG
KYC_b8d8ae666811740e2b93ca27b7b31e1a_LEGUILLOU_IRD.JPG,b8d8ae666811740e2b93ca27b7b31e1a,KYC-Kyphosus-cinerascens,b8d8ae666811740e2b93ca27b7b31e1a,OI,Senne,20150219,BACKUP_IOTA_20250207/DCF Senne (IRD)/OI-200/270_OI_20150219-20150407_LE GUILLOU_CFTO_TORRE GIULIA/OI_20150219-20150407_LE GUILLOU_CFTO_TORRE GIULIA_Photos/PHOTOS/DSCF9637.JPG
KYC_b90eb02904f9983acbfe027ade69f727_HUBERT_IRD.JPG,b90eb02904f9983acbfe027ade69f727,KYC-Kyphosus-cinerascens,b90eb02904f9983acbfe027ade69f727,OI,Senne,20061130,BACKUP_IOTA_20250207/DCF Senne (IRD)/OI-200/205a_OI_20061130-20061205_HUBERT_CMB_AVEL VAD/OI_20061130-20070116_HUBERT_CMB_AVEL VAD_Photos/CD2/POISSONS/P1090124.JPG
KYC_e0409d81a28024b4d8761feb80fd298f_KAUFFMAN_TAAF.JPG,e0409d81a28024b4d8761feb80fd298f,KYC-Kyphosus-cinerascens,e0409d81a28024b4d8761feb80fd298f,OI,Senne,20130305,BACKUP_IOTA_20250207/DCF Senne (TAAF)/2013/TAAF2013-1 MANAPANY Kauffmann/OI_20130305-20130424_TAAF_KAUFFMAN_MANAPANY_Photos/MARS/27.03/Calée 12/P3270010.JPG
KYC_f093889b3b94c35622082e4f9fbdd46a_VEGA_IRD.JPG,f093889b3b94c35622082e4f9fbdd46a,KYC-Kyphosus-cinerascens,f093889b3b94c35622082e4f9fbdd46a,OI,Senne,20180922,BACKUP_IOTA_20250207/DCF Senne (IRD)/OI-200/296a_OI_20180922-20181023_VEGA_CFTO_TREVIGNON/OI_20180922-20181023_VEGA_CFTO_TREVIGNON_Photos/DSCF0604.JPG
KYS_03db42a33763a22479b7340f326f95ec_DAO_ORTHONGEL.JPG,03db42a33763a22479b7340f326f95ec,KYS-Kyphosus-sectatrix,03db42a33763a22479b7340f326f95ec,OA,Senne,20160824,BACKUP_IOTA_20250207/OCUP-OB/OA-300/443b_OA_20160824-20160913_DAO_CFTO_STERENN/OA_20160824-20160913_DAO_CFTO_STERENN_Photos/5-PHOTOS/SAM_3215.JPG
KYS_069cf7beccb2e4f8b7a5ce659b1a25b2_CISSE_ORTHONGEL.jpg,069cf7beccb2e4f8b7a5ce659b1a25b2,KYS-Kyphosus-sectatrix,069cf7beccb2e4f8b7a5ce659b1a25b2,OA,Senne,20180902,BACKUP_IOTA_20250207/OCUP-OB/OA-300/563a_OA_20180902-20181013_CISSE_CFTO_CAPBOJADOR/OA_20180902-20181013_CISSE_CFTO_CAPBOJADOR_Photos/IMG_20181006_073134.jpg
KYS_1457272f292c4100bf1957866b48437f_ALLARD_ORTHONGEL.JPG,1457272f292c4100bf1957866b48437f,KYS-Kyphosus-sectatrix,1457272f292c4100bf1957866b48437f,OA,Senne,20140425,BACKUP_IOTA_20250207/OCUP-OB/OA-300/327_OA_20140425-20140603_ALLARD_SPQ_VIA HARMATTAN/OA_20140425-20140603_ALLARD_SPQ_VIA HARMATTAN_Photos/Photos/photo ocup allard/especes/KYS1.JPG
KYS_154a862fd8973c075f7c76d870e2de4d_KOUAME_ORTHONGEL.JPG,154a862fd8973c075f7c76d870e2de4d,KYS-Kyphosus-sectatrix,154a862fd8973c075f7c76d870e2de4d,OA,Senne,20140531,BACKUP_IOTA_20250207/OCUP-OB/OA-300/339a_OA_20140531-20140626_KOUAME_SAUPIQUET_VIA EUROS/OA_20140531-20140626_KOUAME_SAUPIQUET_VIAEUROS_Photos/PHOTOS/KYS (1).JPG
KYS_21c6d7f6b3d524408e8cb2767dfd4ed0_LEMERDY_ORTHONGEL.JPG,21c6d7f6b3d524408e8cb2767dfd4ed0,KYS-Kyphosus-sectatrix,21c6d7f6b3d524408e8cb2767dfd4ed0,OI,Senne,20161130,BACKUP_IOTA_20250207/OCUP-OB/OI-700/780b_OI_20161130-20170103_LEMERDY_SAP_MORNSESELWA/OI_20161029-20170103_LEMERDY_SAP_MORNSESELWA_Photos/DSCF3118-KYS.JPG
KYS_304d2326ee3297a152e0c5abdbc0c578_CAMARA_ORTHONGEL.JPG,304d2326ee3297a152e0c5abdbc0c578,KYS-Kyphosus-sectatrix,304d2326ee3297a152e0c5abdbc0c578,OA,Senne,20190616,BACKUP_IOTA_20250207/OCUP-OB/OA-300/601_OA_20190616-20190728_CAMARA_SPQT_VIAEUROS/OA_20190616-20190728_CAMARA_SPQT_VIAEUROS_Photos/DSCF8309.JPG
KYS_4c55af169ce44f04635df8cc200ac8bf_BERTHELEME_IRD.jpg,4c55af169ce44f04635df8cc200ac8bf,KYS-Kyphosus-sectatrix,4c55af169ce44f04635df8cc200ac8bf,OA,Senne,20100928,BACKUP_IOTA_20250207/DCF Senne (IRD)/OA-100/125_OA_20100928-20101109_BERTHELEME_CMB_CAP BOJADOR/OA_20100928-20101109_BERTHELEME_CMB_CAP BOJADOR_Photos/Sélection de photos/transfert 260.jpg
KYS_562504dffdb1301c3d6574381bbc2bf1_ALLANGBA_IRD.JPG,562504dffdb1301c3d6574381bbc2bf1,KYS-Kyphosus-sectatrix,562504dffdb1301c3d6574381bbc2bf1,OA,Senne,20150815,BACKUP_IOTA_20250207/DCF Senne (IRD)/OA-100/171_OA_20150815_20150925_ALLANGBA_CFTO_CAPBOJADOR/OA_20150815-20150927_ALLANGBA_CFTO_CAP BOJADOR_Photos/5-PHOTOS/Especes/autres poissons/IMG_3223.JPG
KYS_56ecb9b48ff1ec06eb718c70c9a4a70e_DERRIDJ_IRD.jpg,56ecb9b48ff1ec06eb718c70c9a4a70e,KYS-Kyphosus-sectatrix,56ecb9b48ff1ec06eb718c70c9a4a70e,OA,Senne,20090705,BACKUP_IOTA_20250207/DCF Senne (IRD)/OA-100/112_OA_20090705_20090821_DERRIDJ_CMB_MEN GOE/OA_20090705_20090821_Derridj_CMB_MEN GOE_Photos/PHOTO 15 KPC Kyphosus cinerascens.jpg
KYS_5fc9b668572207a726046c4d857de85f_LEMERDY_ORTHONGEL.JPG,5fc9b668572207a726046c4d857de85f,KYS-Kyphosus-sectatrix,5fc9b668572207a726046c4d857de85f,OI,Senne,20161130,BACKUP_IOTA_20250207/OCUP-OB/OI-700/780b_OI_20161130-20170103_LEMERDY_SAP_MORNSESELWA/OI_20161029-20170103_LEMERDY_SAP_MORNSESELWA_Photos/DSCF3117-KYS.JPG
KYS_6c6170a7edc1cd50c9c5fea27ac593ca_KOFFI_ORTHONGEL.JPG,6c6170a7edc1cd50c9c5fea27ac593ca,KYS-Kyphosus-sectatrix,6c6170a7edc1cd50c9c5fea27ac593ca,OA,Senne,20190615,BACKUP_IOTA_20250207/OCUP-OB/OA-300/600_OA_20190615-20190805_KOFFI_CFTO_GUEOTEC/OA_20190615-20190805_KOFFI_CFTO_GUEOTEC_Photos/36-KYS.JPG
KYS_6f8a75bcfa8bcfa872a703996fa040d7_KOUASSI_ORTHONGEL.JPG,6f8a75bcfa8bcfa872a703996fa040d7,KYS-Kyphosus-sectatrix,6f8a75bcfa8bcfa872a703996fa040d7,OA,Senne,20190529,BACKUP_IOTA_20250207/OCUP-OB/OA-300/595_OA_20190529-20190710_KOUASSI_SPQT_VIA MISTRAL/OA_20190529-20190710_KOUASSI_SPQT_VIA MISTRAL_Photos/DSCF4131.JPG
KYS_7a5d02c396aa8cd8c97db87fb5307a78_BONNIEUX_ORTHONGEL.JPG,7a5d02c396aa8cd8c97db87fb5307a78,KYS-Kyphosus-sectatrix,7a5d02c396aa8cd8c97db87fb5307a78,OA,Senne,20130910,BACKUP_IOTA_20250207/OCUP-OB/OA-300/304b_20130910-20130924_BONNIEUX_SPQ_VIAEUROS/OA_130910-130924_Bonnieux_SPQ_VIAEUROS_Photos/DSCF1198.JPG
KYS_881eee711fbdd116796637d6cb737900_PANGNE_ORTHONGEL.JPG,881eee711fbdd116796637d6cb737900,KYS-Kyphosus-sectatrix,881eee711fbdd116796637d6cb737900,OA,Senne,20191124,BACKUP_IOTA_20250207/OCUP-OB/OA-300/622_OA_20191124-20200106_PANGNE_SPQT_VIAAVENIR/OA_20191124-20200106_PANGNE_SPQT_VIAAVENIR_Photos/DSCF1091.JPG
KYS_905283040c38d6c7a4ddeaa00c261997_EKPO_ORTHONGEL.jpg,905283040c38d6c7a4ddeaa00c261997,KYS-Kyphosus-sectatrix,905283040c38d6c7a4ddeaa00c261997,OA,Senne,20190518,BACKUP_IOTA_20250207/OCUP-OB/OA-300/590b_OA_20190518-20190707_EKPO_CFTO_GUERIDEN/OA_20190518-20190707_EKPO_CFTO_GUERIDEN_Photos/KYS.jpg
KYS_9a3b5a5038e49cc382dfc7145869b066_DUBAR_IRD.JPG,9a3b5a5038e49cc382dfc7145869b066,KYS-Kyphosus-sectatrix,9a3b5a5038e49cc382dfc7145869b066,OA,Senne,20110130,BACKUP_IOTA_20250207/DCF Senne (IRD)/OA-100/128_OA_20110130-20110312_DUBAR_CMB_GUERIDEN/OA_20110130-20110312_Dubar_CMB_GUERIDEN_Photos/Pour le rapport/Photo 5.JPG
KYS_a214179443087c549b64a989f3d6b356_EKPO_ORTHONGEL.JPG,a214179443087c549b64a989f3d6b356,KYS-Kyphosus-sectatrix,a214179443087c549b64a989f3d6b356,OA,Senne,20180809,BACKUP_IOTA_20250207/OCUP-OB/OA-300/562_OA_20180809-20181002_EKPO_CFTO_GUERIDEN/OA_20180809-20181002_EKPO_CFTO_GUERIDEN_Photos/08-Espèces/Autres-Poissons/KYS.JPG
KYS_a61f99e8820ff77ef95ab3be60f8d58c_ALLANGBA_ORTHONGEL.JPG,a61f99e8820ff77ef95ab3be60f8d58c,KYS-Kyphosus-sectatrix,a61f99e8820ff77ef95ab3be60f8d58c,OA,Senne,20160718,BACKUP_IOTA_20250207/OCUP-OB/OA-300/445_OA_20160718-20160905_ALLANGBA_CFTO_CAPBOJADOR/OA_20160718-20160905_ALLANGBA_CFTO_CAPBOJADOR_Photos/5-PHOTOS/SAM_0499.JPG
KYS_a6b106f61c049ccbcbbf461e7342c58b_KONAN_ORTHONGEL.JPG,a6b106f61c049ccbcbbf461e7342c58b,KYS-Kyphosus-sectatrix,a6b106f61c049ccbcbbf461e7342c58b,OA,Senne,20140727,BACKUP_IOTA_20250207/OCUP-OB/OA-300/340_OA_20140727-20140909_KONAN_SAUPIQUET_VIA HARMATTAN/OA_20140727_20140909_KONAN_SAUPIQUET_VIAHARMATTAN_Photos/PHOTOS/DSC01081.JPG
KYS_a6fe10bbb7d141363edc988a78f6af71_WINKLER_IRD.JPG,a6fe10bbb7d141363edc988a78f6af71,KYS-Kyphosus-sectatrix,a6fe10bbb7d141363edc988a78f6af71,OA,Senne,20100206,BACKUP_IOTA_20250207/DCF Senne (IRD)/OA-100/117_OA_20100206_20100316_WINKLER_CMB_GUEOTEC/OA_20100206_20100316_WINKLER_CMB_GUEOTEC_Photos/Photos especes - OA- Winkler Joachim- Gueotec- 100206_100316/15.JPG
KYS_b1ce74fd928723f1db6803fa8197731d_CUILLANDRE_IRD.jpg,b1ce74fd928723f1db6803fa8197731d,KYS-Kyphosus-sectatrix,b1ce74fd928723f1db6803fa8197731d,OA,Senne,20080926,BACKUP_IOTA_20250207/DCF Senne (IRD)/OA-100/110_OA_20080926_20081105_CUILLANDRE_CMB_SANTA MARIA/OA_20080926_20081105_CUILLANDRE_CMB_SANTA MARIA_Photos/photo 109.jpg
KYS_b37cc760d9962d18500f096f9c931cd0_KOSSONOU_ORTHONGEL.JPG,b37cc760d9962d18500f096f9c931cd0,KYS-Kyphosus-sectatrix,b37cc760d9962d18500f096f9c931cd0,OA,Senne,20140817,BACKUP_IOTA_20250207/OCUP-OB/OA-300/342_OA_20140817-20140924_KOSSONOU_SAUPIQUET_VIA AVENIR/OA_20140817-20140924_KOSSONOU_SAUPIQUET_VIA AVENIR_Photos/PHOTOS/SAM_1386.JPG
KYS_c309071f23544c5b85f2f213347d6649_SAO_ORTHONGEL.JPG,c309071f23544c5b85f2f213347d6649,KYS-Kyphosus-sectatrix,c309071f23544c5b85f2f213347d6649,OA,Senne,20161219,BACKUP_IOTA_20250207/OCUP-OB/OA-300/472_OA_20161219-20170201_DAO_SQT_VIAMISTRAL/OA_20161219-20170201_DAO_SQT_VIAMISTRAL_Photos/5-PHOTOS/SAM_1611.JPG
KYS_d2e7e71f823d65ff3e581382f6d2dbf2_PANGNE_ORTHONGEL.JPG,d2e7e71f823d65ff3e581382f6d2dbf2,KYS-Kyphosus-sectatrix,d2e7e71f823d65ff3e581382f6d2dbf2,OA,Senne,20191124,BACKUP_IOTA_20250207/OCUP-OB/OA-300/622_OA_20191124-20200106_PANGNE_SPQT_VIAAVENIR/OA_20191124-20200106_PANGNE_SPQT_VIAAVENIR_Photos/DSCF1096.JPG
KYS_d9780fc09a56a9408d2525273e7efa4e_MOEC_IRD.JPG,d9780fc09a56a9408d2525273e7efa4e,KYS-Kyphosus-sectatrix,d9780fc09a56a9408d2525273e7efa4e,OA,Senne,20081201,BACKUP_IOTA_20250207/DCF Senne (IRD)/OA-100/111_OA_20081201_20090105_MOEC_CMB_AVEL VOR/OA_20081201_20090105_MOEC_CMB_AVEL VOR_Photos/photo 13.JPG
KYS_e45302aa46eb5382ba42a1f593297c88_HUILLIER_IRD.JPG,e45302aa46eb5382ba42a1f593297c88,KYS-Kyphosus-sectatrix,e45302aa46eb5382ba42a1f593297c88,OA,Senne,20110813,BACKUP_IOTA_20250207/DCF Senne (IRD)/OA-100/132_OA_20110813-20110927_HUILLIER_CFTO_AVEL VOR/OA_20110813-20110927_Huillier_CFTO_AVEL VOR_Photos/Espèces/34.JPG
KYS_f726842582f302fd399b8e007f9cc2da_KOUASSI_ORTHONGEL.JPG,f726842582f302fd399b8e007f9cc2da,KYS-Kyphosus-sectatrix,f726842582f302fd399b8e007f9cc2da,OA,Senne,20190529,BACKUP_IOTA_20250207/OCUP-OB/OA-300/595_OA_20190529-20190710_KOUASSI_SPQT_VIA MISTRAL/OA_20190529-20190710_KOUASSI_SPQT_VIA MISTRAL_Photos/DSCF4132.JPG
KYV_06ef65e6446944d6bb53963367a7e7c0_COCONI_TAAF.JPG,06ef65e6446944d6bb53963367a7e7c0,KYV-Kyphosus-vaigiensis,06ef65e6446944d6bb53963367a7e7c0,OI,Senne,20180303,BACKUP_IOTA_20250207/DCF Senne (TAAF)/2018/18-1a_OI_20180303_20180329_COCONI_CFTO_GLENAN/OI_20180303_20180329_COCONI_CFTO_GLENAN_Photos/P3190675.JPG
KYV_099f34f29eb9b9aaf9e5fb52a36829a5_BAIDAI_ORTHONGEL.JPG,099f34f29eb9b9aaf9e5fb52a36829a5,KYV-Kyphosus-vaigiensis,099f34f29eb9b9aaf9e5fb52a36829a5,OI,Senne,20141010,BACKUP_IOTA_20250207/OCUP-OB/OI-700/711_OI_20141010-20141108_BAIDAI_SAPMER_BELLE ISLE/OI_20141010-20141108_BAIDAI_SAPMER_BELLE ISLE_Photos/PHOTOS/Especes/IMG_2118.JPG
KYV_108eedf6d72e2a48eee92bc1d1a9455c_VEGA_IRD.JPG,108eedf6d72e2a48eee92bc1d1a9455c,KYV-Kyphosus-vaigiensis,108eedf6d72e2a48eee92bc1d1a9455c,OI,Senne,20180922,BACKUP_IOTA_20250207/DCF Senne (IRD)/OI-200/296a_OI_20180922-20181023_VEGA_CFTO_TREVIGNON/OI_20180922-20181023_VEGA_CFTO_TREVIGNON_Photos/DSCF0642.JPG
KYV_19b310fd98063bcdacfedd21b915888a_HUBERT_IRD.JPG,19b310fd98063bcdacfedd21b915888a,KYV-Kyphosus-vaigiensis,19b310fd98063bcdacfedd21b915888a,OI,Senne,20061130,BACKUP_IOTA_20250207/DCF Senne (IRD)/OI-200/205a_OI_20061130-20061205_HUBERT_CMB_AVEL VAD/OI_20061130-20070116_HUBERT_CMB_AVEL VAD_Photos/CD2/POISSONS/PC230085.JPG
KYV_1ab7aee9478f525728fcec95ce837e82_COCONI_TAAF.JPG,1ab7aee9478f525728fcec95ce837e82,KYV-Kyphosus-vaigiensis,1ab7aee9478f525728fcec95ce837e82,OI,Senne,20180303,BACKUP_IOTA_20250207/DCF Senne (TAAF)/2018/18-1a_OI_20180303_20180329_COCONI_CFTO_GLENAN/OI_20180303_20180329_COCONI_CFTO_GLENAN_Photos/P3160478.JPG
KYV_28307fbad87fb67251d4ffd9b2b44b4d_BOURASSEAU_TAAF.JPG,28307fbad87fb67251d4ffd9b2b44b4d,KYV-Kyphosus-vaigiensis,28307fbad87fb67251d4ffd9b2b44b4d,OI,Senne,20150310,BACKUP_IOTA_20250207/DCF Senne (TAAF)/2015/15-1_Bourasseau_BERNICA/OI_20150310-20150425_BOURASSEAU_BERNICA_Photos/Calée 3/P1030598.JPG
KYV_2d8b2f3ac98c66853548cac6903da56e_CHEVALLEY_ORTHONGEL.JPG,2d8b2f3ac98c66853548cac6903da56e,KYV-Kyphosus-vaigiensis,2d8b2f3ac98c66853548cac6903da56e,OI,Senne,20150208,BACKUP_IOTA_20250207/OCUP-OB/OI-700/718c_OI_20150208-20150224_CHEVALLEY_SAPMER_BELLE ISLE/OI_20150208-20150224_CHEVALLEY_SAPMER_BELLE ISLE_Photos/PHOTOS/Griset-19.02.15-26cm.JPG
KYV_3f308f470f4c536833e3b1ac9bf3f756_REVILLA_IRD.JPG,3f308f470f4c536833e3b1ac9bf3f756,KYV-Kyphosus-vaigiensis,3f308f470f4c536833e3b1ac9bf3f756,OI,Senne,20151024,BACKUP_IOTA_20250207/DCF Senne (IRD)/OI-200/275a_OI_20151024-20151130_REVILLA_CFTO_TORRE GIULIA/OI_20151024-20151214_REVILLA_CFTO_TORRE GIULIA_Photos/PHOTOS/calée2 kyphosus 2.JPG
KYV_48ba5ba6a21aef02f28167f41bf2b5e6_SPADONI_IRD.JPG,48ba5ba6a21aef02f28167f41bf2b5e6,KYV-Kyphosus-vaigiensis,48ba5ba6a21aef02f28167f41bf2b5e6,OI,Senne,20190921,BACKUP_IOTA_20250207/DCF Senne (IRD)/OI-200/1209b_OI_20190921-20191027_SPADONI_SAP_MANAPANY/OI_20190921-20191027_SPADONI_SAP_MANAPANY_Photos/KYV_051019_04.JPG
KYV_49b53a06daeb3163784a03e04990e6b1_BUR_IRD.JPG,49b53a06daeb3163784a03e04990e6b1,KYV-Kyphosus-vaigiensis,49b53a06daeb3163784a03e04990e6b1,OI,Senne,20140621,"BACKUP_IOTA_20250207/DCF Senne (IRD)/OI-200/263a_OI_20140621-20140716_BUR_SAP_MANAPANY/OI_20140621-20140716_BUR_SAPMER_MANAPANY_Photos/Photos classées par thème (especes, manoeuvres...)/Espèces rencontrées/13 KYC griset/SDC12219 griset.JPG"
KYV_5f76a6e300720b071fc473abe204113a_PERNAK_IRD.JPG,5f76a6e300720b071fc473abe204113a,KYV-Kyphosus-vaigiensis,5f76a6e300720b071fc473abe204113a,OI,Senne,20141025,BACKUP_IOTA_20250207/DCF Senne (IRD)/OI-200/265a_OI_20141025-20141124_PERNAK_SAPMER_FRANCHE TERRE/OI_20141025-20141124_PERNAK_SAPMER_FRANCHE TERRE_ Photos/PHOTOS/espèces pêchées/KYV.JPG
KYV_6baf9fbaf1b32a62beb4d23be46796e2_LEMERDY_ORTHONGEL.JPG,6baf9fbaf1b32a62beb4d23be46796e2,KYV-Kyphosus-vaigiensis,6baf9fbaf1b32a62beb4d23be46796e2,OI,Senne,20161130,BACKUP_IOTA_20250207/OCUP-OB/OI-700/780b_OI_20161130-20170103_LEMERDY_SAP_MORNSESELWA/OI_20161029-20170103_LEMERDY_SAP_MORNSESELWA_Photos/DSCF3033.JPG
KYV_6c8118a10364f4634875c5bb2828d794_LEGUILLOU_IRD.JPG,6c8118a10364f4634875c5bb2828d794,KYV-Kyphosus-vaigiensis,6c8118a10364f4634875c5bb2828d794,OI,Senne,20150219,BACKUP_IOTA_20250207/DCF Senne (IRD)/OI-200/270_OI_20150219-20150407_LE GUILLOU_CFTO_TORRE GIULIA/OI_20150219-20150407_LE GUILLOU_CFTO_TORRE GIULIA_Photos/PHOTOS/DSCF9551.JPG
KYV_7e7b97b03456e101c7e9f5cc2df7efd2_REVILLA_IRD.JPG,7e7b97b03456e101c7e9f5cc2df7efd2,KYV-Kyphosus-vaigiensis,7e7b97b03456e101c7e9f5cc2df7efd2,OI,Senne,20151024,BACKUP_IOTA_20250207/DCF Senne (IRD)/OI-200/275a_OI_20151024-20151130_REVILLA_CFTO_TORRE GIULIA/OI_20151024-20151214_REVILLA_CFTO_TORRE GIULIA_Photos/PHOTOS/calicagère calée 7 (4).JPG
KYV_7f8fb061587574483d376837d792dd24_HUVIER_TAAF.JPG,7f8fb061587574483d376837d792dd24,KYV-Kyphosus-vaigiensis,7f8fb061587574483d376837d792dd24,OI,Senne,20140412,BACKUP_IOTA_20250207/DCF Senne (TAAF)/2014/TAAF_14-5_OI_20140412-20140617_HUVIER_MANAPANY/TAAF_OI_20140412-20140617_14-5 HUVIER_MANAPANY_OBSPEC_Photos/Faune ichtyologique/Griset (Kyphosus cinerascens; KYC)/P1020801.JPG
KYV_8a700db7e7039269b7c2f7c661205025_HUVIER_TAAF.JPG,8a700db7e7039269b7c2f7c661205025,KYV-Kyphosus-vaigiensis,8a700db7e7039269b7c2f7c661205025,OI,Senne,20140412,BACKUP_IOTA_20250207/DCF Senne (TAAF)/2014/TAAF_14-5_OI_20140412-20140617_HUVIER_MANAPANY/TAAF_OI_20140412-20140617_14-5 HUVIER_MANAPANY_OBSPEC_Photos/Faune ichtyologique/Griset (Kyphosus cinerascens; KYC)/P1020838.JPG
KYV_8bafc16c80016e149287f66655995326_EKPO_ORTHONGEL.jpg,8bafc16c80016e149287f66655995326,KYV-Kyphosus-vaigiensis,8bafc16c80016e149287f66655995326,OI,Senne,20200118,BACKUP_IOTA_20250207/OCUP-OB/OI-700/908b_OI_ 20200118-20200224_EKPO_SAPMER_BERNICA/OI_ 20200118-20200224_EKPO_SAPMER_BERNICA_Photos/Autres-Poissons/KYV.jpg
KYV_8ded96a6f9cc7b480230b1eefe3b63d7_MISTOIHI_ORTHONGEL.JPG,8ded96a6f9cc7b480230b1eefe3b63d7,KYV-Kyphosus-vaigiensis,8ded96a6f9cc7b480230b1eefe3b63d7,OI,Senne,20150801,BACKUP_IOTA_20250207/OCUP-OB/OI-700/734a_OI_20150801-20150821_MISTOIHI_SAP_FRANCHE TERRE/OI_20150801-20150821_MISTOIHI_SAP_FRANCHE TERRE_Photos/DSCF0178.JPG
KYV_9e203c947f6798048bed86e562bb4ce7_CHEVALLEY_ORTHONGEL.JPG,9e203c947f6798048bed86e562bb4ce7,KYV-Kyphosus-vaigiensis,9e203c947f6798048bed86e562bb4ce7,OI,Senne,20150208,BACKUP_IOTA_20250207/OCUP-OB/OI-700/718c_OI_20150208-20150224_CHEVALLEY_SAPMER_BELLE ISLE/OI_20150208-20150224_CHEVALLEY_SAPMER_BELLE ISLE_Photos/PHOTOS/SAM_0061.JPG
KYV_a6b00a6773360a9cdd2c6a752c92e361_QUEMIN_TAAF.JPG,a6b00a6773360a9cdd2c6a752c92e361,KYV-Kyphosus-vaigiensis,a6b00a6773360a9cdd2c6a752c92e361,OI,Senne,20150330,BACKUP_IOTA_20250207/DCF Senne (TAAF)/2015/15-2a&b_Quemin_FRANCHETERRE/Copie CD/OI_20150330-20150520_QUEMIN_SAPMER_FRANCHETERRE_v2_IRD-Armement_Photos/Espèces/P5101190.JPG
KYV_aa108e5d088c5b5ab55f2bc61b64f1c8_COCONI_TAAF.JPG,aa108e5d088c5b5ab55f2bc61b64f1c8,KYV-Kyphosus-vaigiensis,aa108e5d088c5b5ab55f2bc61b64f1c8,OI,Senne,20180303,BACKUP_IOTA_20250207/DCF Senne (TAAF)/2018/18-1a_OI_20180303_20180329_COCONI_CFTO_GLENAN/OI_20180303_20180329_COCONI_CFTO_GLENAN_Photos/P3210730.JPG
KYV_af9027b5eed4e5adc25a47fd4ad6b218_MISTOIHI_ORTHONGEL.JPG,af9027b5eed4e5adc25a47fd4ad6b218,KYV-Kyphosus-vaigiensis,af9027b5eed4e5adc25a47fd4ad6b218,OI,Senne,20150801,BACKUP_IOTA_20250207/OCUP-OB/OI-700/734a_OI_20150801-20150821_MISTOIHI_SAP_FRANCHE TERRE/OI_20150801-20150821_MISTOIHI_SAP_FRANCHE TERRE_Photos/DSCF0223.JPG
KYV_b41a165e654f820a9c31da37cf838ed2_KAUFFMAN_TAAF.JPG,b41a165e654f820a9c31da37cf838ed2,KYV-Kyphosus-vaigiensis,b41a165e654f820a9c31da37cf838ed2,OI,Senne,20130305,BACKUP_IOTA_20250207/DCF Senne (TAAF)/2013/TAAF2013-1 MANAPANY Kauffmann/OI_20130305-20130424_TAAF_KAUFFMAN_MANAPANY_Photos/MARS/27.03/Calée 12/P3270009.JPG
KYV_df2322a61731a3cf93b15546804e6544_MISTOIHI_ORTHONGEL.JPG,df2322a61731a3cf93b15546804e6544,KYV-Kyphosus-vaigiensis,df2322a61731a3cf93b15546804e6544,OI,Senne,20150801,BACKUP_IOTA_20250207/OCUP-OB/OI-700/734a_OI_20150801-20150821_MISTOIHI_SAP_FRANCHE TERRE/OI_20150801-20150821_MISTOIHI_SAP_FRANCHE TERRE_Photos/DSCF0256.JPG
KYV_fc094937d2c344f7ca2ef5f60df7862b_COCONI_TAAF.JPG,fc094937d2c344f7ca2ef5f60df7862b,KYV-Kyphosus-vaigiensis,fc094937d2c344f7ca2ef5f60df7862b,OI,Senne,20180403,BACKUP_IOTA_20250207/DCF Senne (TAAF)/2018/18-1b_OI_20180403_20180423_COCONI_CFTO_GLENAN/OI_20180403_20180423_COCONI_CFTO_GLENAN_Photos/P4101443.JPG
KYV_fedc2f18a4f633f65138925eb8a49e59_TIRANT_ORTHONGEL.JPG,fedc2f18a4f633f65138925eb8a49e59,KYV-Kyphosus-vaigiensis,fedc2f18a4f633f65138925eb8a49e59,OI,Senne,20160805,BACKUP_IOTA_20250207/OCUP-OB/OI-700/773b_OI_20160805-20160902_TIRANT_SAP_BELLE ISLE/OI_20160805-20160902_TIRANT_SAP_BELLE ISLE_Photos/DSCF0316.JPG
LGH_1e4970157e0a57b75b2acff96d44f9a4_DAO_ORTHONGEL.JPG,1e4970157e0a57b75b2acff96d44f9a4,LGH-Lagocephalus-lagocephalus,1e4970157e0a57b75b2acff96d44f9a4,OA,Senne,20141214,BACKUP_IOTA_20250207/OCUP-OB/OA-300/358a_OA_20141214-20150114_DAO_SAUPIQUET_VIA EUROS/OA_20141214-20150114_DAO_SAUPIQUET_VIA EUROS_Photos/PHOTOS/SAM_1632.JPG
LGH_323b7396f05bf8fc53978c01b9947757_TORRES_IRD.jpg,323b7396f05bf8fc53978c01b9947757,LGH-Lagocephalus-lagocephalus,323b7396f05bf8fc53978c01b9947757,OI,Senne,20090525,BACKUP_IOTA_20250207/DCF Senne (IRD)/OI-200/239_OI_20090525-20090628_TORRES_CMB_CAP ST VINCENT/OI_20090525_20090628_Torres_CMB_CAP ST VINCENT_Photos/09.06.24/PHOTOS18/3/Photosp 011.jpg
LGH_4b011f6cfa69e2d7cc5c35d2ddb6a9e3_MONSET_IRD.jpg,4b011f6cfa69e2d7cc5c35d2ddb6a9e3,LGH-Lagocephalus-lagocephalus,4b011f6cfa69e2d7cc5c35d2ddb6a9e3,OA,Senne,20100511,BACKUP_IOTA_20250207/DCF Senne (IRD)/OA-100/120_OA_20100511-20100619_MONSET_CMB_GUEOTEC/OA_20100511-20100619_MONSET_CMB_GUEOTEC_Photos/10.jpg
LGH_69adc63448f1daf1f0552f730c94f662_TORRES_IRD.jpg,69adc63448f1daf1f0552f730c94f662,LGH-Lagocephalus-lagocephalus,69adc63448f1daf1f0552f730c94f662,OI,Senne,20090525,BACKUP_IOTA_20250207/DCF Senne (IRD)/OI-200/239_OI_20090525-20090628_TORRES_CMB_CAP ST VINCENT/OI_20090525_20090628_Torres_CMB_CAP ST VINCENT_Photos/09.06.24/PHOTOS18/3/Photosp 013.jpg
LGH_69c85e74710157a74eb8d264fc1df21f_HIMIDI_ORTHONGEL.JPG,69c85e74710157a74eb8d264fc1df21f,LGH-Lagocephalus-lagocephalus,69c85e74710157a74eb8d264fc1df21f,OI,Senne,20160731,BACKUP_IOTA_20250207/OCUP-OB/OI-700/768_OI_20160731-20160908_HIMIDI_SAP_MANAPANY/OI_20160731-20161003_HIMIDI_SAP_MANAPANY_Photos/101_FUJI/DSCF1079.JPG
LGH_7f5fe0372663ffb3039b32f9213f2450_CISSE_ORTHONGEL.jpg,7f5fe0372663ffb3039b32f9213f2450,LGH-Lagocephalus-lagocephalus,7f5fe0372663ffb3039b32f9213f2450,OA,Senne,20190809,BACKUP_IOTA_20250207/OCUP-OB/OA-300/606b_OA_20190809-20190828_CISSE_CFTO_PENDRUC/OA_20190809-20190828_CISSE_CFTO_PENDRUC_Photos/IMG_20190819_173951.jpg
LGH_8a6424180963cf7d90c7f8eee5a1a1d5_KERVAREC_IRD.JPG,8a6424180963cf7d90c7f8eee5a1a1d5,LGH-Lagocephalus-lagocephalus,8a6424180963cf7d90c7f8eee5a1a1d5,OI,Senne,20160824,BACKUP_IOTA_20250207/DCF Senne (IRD)/OI-200/280b_OI_20160824-20160927_KERVAREC_SAPMER_DOLOMIEU/OI_20160824-20160927_KERVAREC_SAPMER_DOLOMIEU_Photos/Calée 5/LGH 39/DSCF1777.JPG
LGH_8b36aa96bcca0fa9aa18faaf8083298c_LEMERDY_ORTHONGEL.JPG,8b36aa96bcca0fa9aa18faaf8083298c,LGH-Lagocephalus-lagocephalus,8b36aa96bcca0fa9aa18faaf8083298c,OI,Senne,20160917,BACKUP_IOTA_20250207/OCUP-OB/OI-700/770a_OI_20160917-20161010_LE MERDY_SAP_BELLERIVE/OI_20160917-20161018_LE MERDY_SAP_BELLE RIVE_Photos/DSCF2492.JPG
LGH_8de368f7b9918128c20a74f5a88aa60b_VARENNE_ORTHONGEL.JPG,8de368f7b9918128c20a74f5a88aa60b,LGH-Lagocephalus-lagocephalus,8de368f7b9918128c20a74f5a88aa60b,OI,Senne,20131101,BACKUP_IOTA_20250207/OCUP-OB/OI-700/701a_OI_20131101-20131208_VARENNE_SAP_FRANCHE TERRE/OI_20131101-20131208_Varenne_SAP_FRANCHE TERRE_Photos/Calée 8 26.11.2013 09h43/7 (1).JPG
LGH_8fcf877fdd561f58730dbe048eec7ac5_EKPO_ORTHONGEL.jpg,8fcf877fdd561f58730dbe048eec7ac5,LGH-Lagocephalus-lagocephalus,8fcf877fdd561f58730dbe048eec7ac5,OI,Senne,20200118,BACKUP_IOTA_20250207/OCUP-OB/OI-700/908b_OI_ 20200118-20200224_EKPO_SAPMER_BERNICA/OI_ 20200118-20200224_EKPO_SAPMER_BERNICA_Photos/Autres-Poissons/LGH.jpg
LGH_cc6022322c859740e24206c85f6aef18_EKPO_ORTHONGEL.jpg,cc6022322c859740e24206c85f6aef18,LGH-Lagocephalus-lagocephalus,cc6022322c859740e24206c85f6aef18,OA,Senne,20190813,BACKUP_IOTA_20250207/OCUP-OB/OA-300/611_OA_20190813-20190928_EKPO_CFTO_GUEOTEC/OA_ 20190813-20190928_EKPO_CFTO_GUEOTEC_Photos/LGH.jpg
LGH_d3f95f3b2f46cea1a1beec5412c495fa_TORRES_IRD.jpg,d3f95f3b2f46cea1a1beec5412c495fa,LGH-Lagocephalus-lagocephalus,d3f95f3b2f46cea1a1beec5412c495fa,OI,Senne,20090525,BACKUP_IOTA_20250207/DCF Senne (IRD)/OI-200/239_OI_20090525-20090628_TORRES_CMB_CAP ST VINCENT/OI_20090525_20090628_Torres_CMB_CAP ST VINCENT_Photos/09.06.24/PHOTOS18/3/Photosp 018.jpg
LGH_f6268a8f3da06455e39445ddbf68ec68_WILLAUME_IRD.JPG,f6268a8f3da06455e39445ddbf68ec68,LGH-Lagocephalus-lagocephalus,f6268a8f3da06455e39445ddbf68ec68,OI,Senne,20070723,BACKUP_IOTA_20250207/DCF Senne (IRD)/OI-200/217_OI_20070723-20070903_WILLAUME_CMB_STERENN/OI_20070723-20070903_WILLAUME_CMB_STERENN_Photos/17Lagocephalus logocephalus.JPG
LGH_fb66e785fc25cfe531aa375c695cd9d1_BOURASSEAU_TAAF.JPG,fb66e785fc25cfe531aa375c695cd9d1,LGH-Lagocephalus-lagocephalus,fb66e785fc25cfe531aa375c695cd9d1,OI,Senne,20160322,BACKUP_IOTA_20250207/DCF Senne (TAAF)/2016/16-1b_OI_20160322-20160510_BOURASSEAU_SAPMER_DOLOMIEU/OI_20160322-20160510_BOURASSEAU_SAPMER_DOLOMIEU_Photos/P1060122.JPG
LKV_1c7e982f38bc013b84bb425d0eb068c7_MELAN_IRD.JPG,1c7e982f38bc013b84bb425d0eb068c7,LKV-Lepidochelys-olivacea,1c7e982f38bc013b84bb425d0eb068c7,OA,Senne,20190525,BACKUP_IOTA_20250207/DCF Senne (IRD)/OA-100/1105_OA_20190525-20190715_MELAN_CFTO_PENDRUC/OA_20190525-20190715_MELAN_CFTO_PENDRUC_Photos/N°37.JPG
LKV_1e8f673138d8986d5235898c2d98559d_CAMARA_ORTHONGEL.JPG,1e8f673138d8986d5235898c2d98559d,LKV-Lepidochelys-olivacea,1e8f673138d8986d5235898c2d98559d,OA,Senne,20190616,BACKUP_IOTA_20250207/OCUP-OB/OA-300/601_OA_20190616-20190728_CAMARA_SPQT_VIAEUROS/OA_20190616-20190728_CAMARA_SPQT_VIAEUROS_Photos/DSCF8333.JPG
LKV_270b8e512b33f47fab368de6d3d48ae7_HUBERT_IRD.jpg,270b8e512b33f47fab368de6d3d48ae7,LKV-Lepidochelys-olivacea,270b8e512b33f47fab368de6d3d48ae7,OA,Senne,20100821,BACKUP_IOTA_20250207/DCF Senne (IRD)/OA-100/123_OA_20100821-20100930_HUBERT_CMB_GUEOTEC/OA_20100821-20100930_HUBERT_CMB_GUEOTEC_Photos/01-09-10/01-09-10 Calée 12 (1).jpg
LKV_2b1835036e3cd7d7157356cfa988a394_BOUTIGNY_TAAF.JPG,2b1835036e3cd7d7157356cfa988a394,LKV-Lepidochelys-olivacea,2b1835036e3cd7d7157356cfa988a394,OI,Senne,20160430,BACKUP_IOTA_20250207/DCF Senne (TAAF)/2016/16-2_OI_20160430-20160703_BOUTIGNY_SAPMER_BERNICA/OI_20160430-20160703_BOUTIGNY_SAPMER_BERNICA_Photos/P5130016.JPG
LKV_2d223331ef1dc10bfda1b6403ed5b680_KOUAKOU_IRD.jpg,2d223331ef1dc10bfda1b6403ed5b680,LKV-Lepidochelys-olivacea,2d223331ef1dc10bfda1b6403ed5b680,OA,Senne,20190210,BACKUP_IOTA_20250207/DCF Senne (IRD)/OA-100/1101_OA_20190210-20190328_KOUAKOU_SQT_VIAMISTRAL/OA_20190210-20190328_KOUAKOU_SQT_VIAMISTRAL_Photos/PHOTOS/20190320_131637.jpg
LKV_328053ff429aecf27983e9fcdccb9147_EKPO_ORTHONGEL.jpg,328053ff429aecf27983e9fcdccb9147,LKV-Lepidochelys-olivacea,328053ff429aecf27983e9fcdccb9147,OA,Senne,20190323,BACKUP_IOTA_20250207/OCUP-OB/OA-300/590a_OA_20190323-20190512_EKPO_CFTO_GUERIDEN/OA_20190323-20190512_EKPO_CFTO_GUERIDEN_Photos/LKV.jpg
LKV_32c7f5a12113b9173fcdfc068f7c4ed2_EKPO_ORTHONGEL.jpg,32c7f5a12113b9173fcdfc068f7c4ed2,LKV-Lepidochelys-olivacea,32c7f5a12113b9173fcdfc068f7c4ed2,OA,Senne,20190518,BACKUP_IOTA_20250207/OCUP-OB/OA-300/590b_OA_20190518-20190707_EKPO_CFTO_GUERIDEN/OA_20190518-20190707_EKPO_CFTO_GUERIDEN_Photos/LKV.jpg
LKV_33e580f78db55cf8f6de8a6a35beb425_WINKLER_IRD.JPG,33e580f78db55cf8f6de8a6a35beb425,LKV-Lepidochelys-olivacea,33e580f78db55cf8f6de8a6a35beb425,OA,Senne,20100206,BACKUP_IOTA_20250207/DCF Senne (IRD)/OA-100/117_OA_20100206_20100316_WINKLER_CMB_GUEOTEC/OA_20100206_20100316_WINKLER_CMB_GUEOTEC_Photos/Photos especes - OA- Winkler Joachim- Gueotec- 100206_100316/2.JPG
LKV_39bf3a6c9ccbb60628e38c7afe069fa4_GBOGBO_ORTHONGEL.jpg,39bf3a6c9ccbb60628e38c7afe069fa4,LKV-Lepidochelys-olivacea,39bf3a6c9ccbb60628e38c7afe069fa4,OA,Senne,20190608,BACKUP_IOTA_20250207/OCUP-OB/OA-300/599_OA_20190608-20190729_GBOGBO_CFTO_CAPBOJADOR/OA_20190608-20190729_GBOGBO_CFTO_CAPBOJADOR_Photos/IMG_20190609_160016.jpg
LKV_3a0b7ed6549ce15385937051726faa14_KOUASSI_ORTHONGEL.JPG,3a0b7ed6549ce15385937051726faa14,LKV-Lepidochelys-olivacea,3a0b7ed6549ce15385937051726faa14,OA,Senne,20190529,BACKUP_IOTA_20250207/OCUP-OB/OA-300/595_OA_20190529-20190710_KOUASSI_SPQT_VIA MISTRAL/OA_20190529-20190710_KOUASSI_SPQT_VIA MISTRAL_Photos/DSCF4129.JPG
LKV_4b324c99e878e047431cf54303f43bfb_PERNACK_TAAF.JPG,4b324c99e878e047431cf54303f43bfb,LKV-Lepidochelys-olivacea,4b324c99e878e047431cf54303f43bfb,OI,Senne,20180912,BACKUP_IOTA_20250207/DCF Senne (TAAF)/2018/18-2b_OI_20180912-20181018_PERNAK_SAPMER_BERNICA/OI_20180912-20181018_PERNAK_SAPMER_BERNICA_Photos/LKV (5).JPG
LKV_65d2b7523652979fdf1efae6913ccfa1_MELAN_IRD.JPG,65d2b7523652979fdf1efae6913ccfa1,LKV-Lepidochelys-olivacea,65d2b7523652979fdf1efae6913ccfa1,OA,Senne,20190525,BACKUP_IOTA_20250207/DCF Senne (IRD)/OA-100/1105_OA_20190525-20190715_MELAN_CFTO_PENDRUC/OA_20190525-20190715_MELAN_CFTO_PENDRUC_Photos/N°24.JPG
LKV_6dbcda95283528e761f49549ec6dfdac_AMARILLO_ORTHONGEL.JPG,6dbcda95283528e761f49549ec6dfdac,LKV-Lepidochelys-olivacea,6dbcda95283528e761f49549ec6dfdac,OA,Senne,20181127,BACKUP_IOTA_20250207/OCUP-OB/OA-300/569b_OA_20181127-20181204_DO ESPIRITO_CFTO_PENDRUC/OA_20181127-20181204_DO ESPIRITO_CFTO_PENDRUC_Photos/SDC16009.JPG
LKV_737c8a4a3fbe16b58586585072b3fba4_COCONI_IRD.JPG,737c8a4a3fbe16b58586585072b3fba4,LKV-Lepidochelys-olivacea,737c8a4a3fbe16b58586585072b3fba4,OI,Senne,20180930,BACKUP_IOTA_20250207/DCF Senne (IRD)/OI-200/297b_OI_20180930-20181105_COCONI_SAP_DOLOMIEU/OI_20180930-20181105_COCONI_SAP_DOLOMIEU_Photos/pêche 22/PA253548.JPG
LKV_7415dc4137dc70394d5268fb7d439990_PERNACK_TAAF.JPG,7415dc4137dc70394d5268fb7d439990,LKV-Lepidochelys-olivacea,7415dc4137dc70394d5268fb7d439990,OI,Senne,20180912,BACKUP_IOTA_20250207/DCF Senne (TAAF)/2018/18-2b_OI_20180912-20181018_PERNAK_SAPMER_BERNICA/OI_20180912-20181018_PERNAK_SAPMER_BERNICA_Photos/LKV (4).JPG
LKV_74fb541664dd37ef888a76b6051b9010_AFONSO_ORTHONGEL.jpg,74fb541664dd37ef888a76b6051b9010,LKV-Lepidochelys-olivacea,74fb541664dd37ef888a76b6051b9010,OA,Senne,20190509,BACKUP_IOTA_20250207/OCUP-OB/OA-300/597a_OA_20190509-20190612_AFONSO_CFTO_AVELVOR/OA_20190509-20190612_AFONSO_CFTO_AVELVOR_Photos/20190526_152609.jpg
LKV_77149599d524d53c5af819715d5c062d_PERNACK_TAAF.JPG,77149599d524d53c5af819715d5c062d,LKV-Lepidochelys-olivacea,77149599d524d53c5af819715d5c062d,OI,Senne,20180912,BACKUP_IOTA_20250207/DCF Senne (TAAF)/2018/18-2b_OI_20180912-20181018_PERNAK_SAPMER_BERNICA/OI_20180912-20181018_PERNAK_SAPMER_BERNICA_Photos/LKV (3).JPG
LKV_78bcee5c1c2d1207e77d488c673e03f0_KOUAKOU_IRD.jpg,78bcee5c1c2d1207e77d488c673e03f0,LKV-Lepidochelys-olivacea,78bcee5c1c2d1207e77d488c673e03f0,OA,Senne,20190210,BACKUP_IOTA_20250207/DCF Senne (IRD)/OA-100/1101_OA_20190210-20190328_KOUAKOU_SQT_VIAMISTRAL/OA_20190210-20190328_KOUAKOU_SQT_VIAMISTRAL_Photos/PHOTOS/Bonnes pratique (2).jpg
LKV_7edeab904046566d9f3018bb409835df_MONIN_IRD.jpg,7edeab904046566d9f3018bb409835df,LKV-Lepidochelys-olivacea,7edeab904046566d9f3018bb409835df,OA,Senne,20190502,BACKUP_IOTA_20250207/DCF Senne (IRD)/OA-100/1104_OA_20190502-20190622_MONIN_CFTO_GEVRED/OA_20190502-20190622_MONIN_CFTO_GEVRED_Photos/photo du 19062019/Calée 43  (6).jpg
LKV_8741ebcc39fe90841d5a060b0f713aa8_MELAN_IRD.JPG,8741ebcc39fe90841d5a060b0f713aa8,LKV-Lepidochelys-olivacea,8741ebcc39fe90841d5a060b0f713aa8,OA,Senne,20190525,BACKUP_IOTA_20250207/DCF Senne (IRD)/OA-100/1105_OA_20190525-20190715_MELAN_CFTO_PENDRUC/OA_20190525-20190715_MELAN_CFTO_PENDRUC_Photos/N°26.JPG
LKV_954434b82ed0efa7c82222a08802148d_WINKLER_IRD.JPG,954434b82ed0efa7c82222a08802148d,LKV-Lepidochelys-olivacea,954434b82ed0efa7c82222a08802148d,OA,Senne,20100206,BACKUP_IOTA_20250207/DCF Senne (IRD)/OA-100/117_OA_20100206_20100316_WINKLER_CMB_GUEOTEC/OA_20100206_20100316_WINKLER_CMB_GUEOTEC_Photos/Photos especes - OA- Winkler Joachim- Gueotec- 100206_100316/3.JPG
LKV_a29cabbc12be1a38ed74aa6279cb4bfe_MELAN_IRD.JPG,a29cabbc12be1a38ed74aa6279cb4bfe,LKV-Lepidochelys-olivacea,a29cabbc12be1a38ed74aa6279cb4bfe,OA,Senne,20190525,BACKUP_IOTA_20250207/DCF Senne (IRD)/OA-100/1105_OA_20190525-20190715_MELAN_CFTO_PENDRUC/OA_20190525-20190715_MELAN_CFTO_PENDRUC_Photos/N°36.JPG
LKV_a656b81524c4c400721d972740d61f82_AFONSO_ORTHONGEL.JPG,a656b81524c4c400721d972740d61f82,LKV-Lepidochelys-olivacea,a656b81524c4c400721d972740d61f82,OA,Senne,20170513,BACKUP_IOTA_20250207/OCUP-OB/OA-300/501_OA_20170513-20170620_AFONSO_SQT_VIAAVENIR/OA_20170513-20170620_AFONSO_SQT_VIAAVENIR_Photos/SAM_4451.JPG
LKV_a8c39cdcf124221178ff78f71c8d3719_COCONI_IRD.JPG,a8c39cdcf124221178ff78f71c8d3719,LKV-Lepidochelys-olivacea,a8c39cdcf124221178ff78f71c8d3719,OI,Senne,20180930,BACKUP_IOTA_20250207/DCF Senne (IRD)/OI-200/297b_OI_20180930-20181105_COCONI_SAP_DOLOMIEU/OI_20180930-20181105_COCONI_SAP_DOLOMIEU_Photos/pêche 22/PA253550.JPG
LKV_b8f0ca3c8ee8097e3e703f1cf2eb95ae_MELAN_IRD.JPG,b8f0ca3c8ee8097e3e703f1cf2eb95ae,LKV-Lepidochelys-olivacea,b8f0ca3c8ee8097e3e703f1cf2eb95ae,OA,Senne,20190525,BACKUP_IOTA_20250207/DCF Senne (IRD)/OA-100/1105_OA_20190525-20190715_MELAN_CFTO_PENDRUC/OA_20190525-20190715_MELAN_CFTO_PENDRUC_Photos/N°25.JPG
LKV_c8a4f8743445ee0087342ce6810a312f_RAKOTONIRINA_ORTHONGEL.JPG,c8a4f8743445ee0087342ce6810a312f,LKV-Lepidochelys-olivacea,c8a4f8743445ee0087342ce6810a312f,OI,Senne,20180820,BACKUP_IOTA_20250207/OCUP-OB/OI-700/857c_OI_20180820-20180907_SAP_RAKOTONIRINA_BELLERIVE/OI_20180820-20180907_SAP_RAKOTONIRINA_BELLERIVE_Photos/Tortue imbriquée.JPG
LKV_c92bdc32a16e8c6b8ea50f8de5b27bfb_COCONI_IRD.JPG,c92bdc32a16e8c6b8ea50f8de5b27bfb,LKV-Lepidochelys-olivacea,c92bdc32a16e8c6b8ea50f8de5b27bfb,OI,Senne,20180930,BACKUP_IOTA_20250207/DCF Senne (IRD)/OI-200/297b_OI_20180930-20181105_COCONI_SAP_DOLOMIEU/OI_20180930-20181105_COCONI_SAP_DOLOMIEU_Photos/pêche 22/PA253552.JPG
LKV_cadc27a17bc9a13f2ba77466a64c05c3_COCONI_IRD.JPG,cadc27a17bc9a13f2ba77466a64c05c3,LKV-Lepidochelys-olivacea,cadc27a17bc9a13f2ba77466a64c05c3,OI,Senne,20180930,BACKUP_IOTA_20250207/DCF Senne (IRD)/OI-200/297b_OI_20180930-20181105_COCONI_SAP_DOLOMIEU/OI_20180930-20181105_COCONI_SAP_DOLOMIEU_Photos/pêche 22/PA253547.JPG
LKV_d2f3e30bcbc2b0f8052e8dec79a47a29_KOUASSI_ORTHONGEL.JPG,d2f3e30bcbc2b0f8052e8dec79a47a29,LKV-Lepidochelys-olivacea,d2f3e30bcbc2b0f8052e8dec79a47a29,OA,Senne,20190529,BACKUP_IOTA_20250207/OCUP-OB/OA-300/595_OA_20190529-20190710_KOUASSI_SPQT_VIA MISTRAL/OA_20190529-20190710_KOUASSI_SPQT_VIA MISTRAL_Photos/DSCF4130.JPG
LKV_d3ae9356c71fdce604a67df218885d3f_SOW_ORTHONGEL.JPG,d3ae9356c71fdce604a67df218885d3f,LKV-Lepidochelys-olivacea,d3ae9356c71fdce604a67df218885d3f,OA,Senne,20180920,BACKUP_IOTA_20250207/OCUP-OB/OA-300/567_OA_20180920-20181112_SOW_CFTO_GEVRED/OA_20180920-20181112_SOW_CFTO_GEVRED_Photos/SAM_2795.JPG
LKV_e8546a07b46a8760e7caeb140bee0811-PANGNE_ORTHONGEL.JPG,e8546a07b46a8760e7caeb140bee0811,LKV-Lepidochelys-olivacea,e8546a07b46a8760e7caeb140bee0811,OA,Senne,20190301,BACKUP_IOTA_20250207/OCUP-OB/OA-300/586_OA_20190301-20190327_PANGNE_CFTO_PENDRUC/OA_20190301-20190327_PANGNE_CFTO_PENDRUC_Photos/DSCF0577.JPG
LKV_ed83d58564cfa797fdbdfa4973661247_JEZEQUEL_ORTHONGEL.JPG,ed83d58564cfa797fdbdfa4973661247,LKV-Lepidochelys-olivacea,ed83d58564cfa797fdbdfa4973661247,OI,Senne,20150129,"BACKUP_IOTA_20250207/OCUP-OB/OI-700/724_OI_20150129-20150331_JEZEQUEL_SAPMER_BELLE RIVE/OI_20150129-20150331_JEZEQUEL_SAPMER_BELLE RIVE_Photos/Photos, films/Espèces communes/TTH 28.03.2015 (3).JPG"
LKV_f6a3a3d1029c3475dd304597a9619a4d_SOW_ORTHONGEL.JPG,f6a3a3d1029c3475dd304597a9619a4d,LKV-Lepidochelys-olivacea,f6a3a3d1029c3475dd304597a9619a4d,OA,Senne,20180920,BACKUP_IOTA_20250207/OCUP-OB/OA-300/567_OA_20180920-20181112_SOW_CFTO_GEVRED/OA_20180920-20181112_SOW_CFTO_GEVRED_Photos/SAM_2809.JPG
LKV_fc16123f3a48f6a3eb33cb628c92874d_MONIN_IRD.jpg,fc16123f3a48f6a3eb33cb628c92874d,LKV-Lepidochelys-olivacea,fc16123f3a48f6a3eb33cb628c92874d,OA,Senne,20190502,BACKUP_IOTA_20250207/DCF Senne (IRD)/OA-100/1104_OA_20190502-20190622_MONIN_CFTO_GEVRED/OA_20190502-20190622_MONIN_CFTO_GEVRED_Photos/photo du 19062019/Calée 43  (3).jpg
LMA_460335d5830b16129e3309b0fde0a8f2_SHARP_IRD.jpeg,460335d5830b16129e3309b0fde0a8f2,LMA-Isurus-paucus,,OI,Longline,,
LMA_46845096ed7fb10f34e289fb3f4dfde9_SHARP_IRD.jpeg,46845096ed7fb10f34e289fb3f4dfde9,LMA-Isurus-paucus,,OI,Longline,,
LMA_6d804a73937962ae45831218dcafc5a5_GROMBERG_IRD.JPG,6d804a73937962ae45831218dcafc5a5,LMA-Isurus-paucus,,OI,Longline,,
LMA_6f69b33cac06345e679dfa5a2cdd9b3d_SHARP_IRD.jpeg,6f69b33cac06345e679dfa5a2cdd9b3d,LMA-Isurus-paucus,,OI,Longline,,
LMA_796a76ef095ca11d9e7ec53cd8df902e_SHARP_IRD.jpeg,796a76ef095ca11d9e7ec53cd8df902e,LMA-Isurus-paucus,,OI,Longline,,
LMA_ec5f5bf985d304b985c630ae20ef5bf3_GROMBERG_IRD.JPG,ec5f5bf985d304b985c630ae20ef5bf3,LMA-Isurus-paucus,,OI,Longline,,
LOB_09423f1729773648b96e9771138329e6_PERNAK_IRD.JPG,09423f1729773648b96e9771138329e6,LOB-Lobotes-surinamensis,09423f1729773648b96e9771138329e6,OI,Senne,20141025,BACKUP_IOTA_20250207/DCF Senne (IRD)/OI-200/265a_OI_20141025-20141124_PERNAK_SAPMER_FRANCHE TERRE/OI_20141025-20141124_PERNAK_SAPMER_FRANCHE TERRE_ Photos/PHOTOS/espèces pêchées/LOB.JPG
LOB_11ca8c61987905c7a5bec116934550c0_CUILLANDRE_IRD.jpg,11ca8c61987905c7a5bec116934550c0,LOB-Lobotes-surinamensis,11ca8c61987905c7a5bec116934550c0,OA,Senne,20080926,BACKUP_IOTA_20250207/DCF Senne (IRD)/OA-100/110_OA_20080926_20081105_CUILLANDRE_CMB_SANTA MARIA/OA_20080926_20081105_CUILLANDRE_CMB_SANTA MARIA_Photos/photo 113.jpg
LOB_15910b59c362e420f18e7c5250a08fdd_ZOUZOUGBO_IRD.JPG,15910b59c362e420f18e7c5250a08fdd,LOB-Lobotes-surinamensis,15910b59c362e420f18e7c5250a08fdd,OA,Senne,20141106,BACKUP_IOTA_20250207/DCF Senne (IRD)/OA-100/165_OA_20141106_20141228_ZOUZOUGBO_CFTO_CAPBOJADOR/OA_20141106_20141228_ZOUZOUGBO_CFTO_CAPBOJADOR_Photos/IMG_1060.JPG
LOB_231c0c2b5853565b2c0cf8b280ea07a5_DAO_ORTHONGEL.JPG,231c0c2b5853565b2c0cf8b280ea07a5,LOB-Lobotes-surinamensis,231c0c2b5853565b2c0cf8b280ea07a5,OA,Senne,20141214,BACKUP_IOTA_20250207/OCUP-OB/OA-300/358a_OA_20141214-20150114_DAO_SAUPIQUET_VIA EUROS/OA_20141214-20150114_DAO_SAUPIQUET_VIA EUROS_Photos/PHOTOS/SAM_1525.JPG
LOB_2ed8c1e9a4bc4557d7f9923e7895bb05_KOSSONOU_ORTHONGEL.jpg,2ed8c1e9a4bc4557d7f9923e7895bb05,LOB-Lobotes-surinamensis,2ed8c1e9a4bc4557d7f9923e7895bb05,OA,Senne,20160925,BACKUP_IOTA_20250207/OCUP-OB/OA-300/455_OA_20160925-20161101_KOSSONOU_CFTO_GEVRED/OA_20160925-20161101_KOSSONOU_CFTO_GEVRED_Photos/20161001_105628.jpg
LOB_33aefffccf093fee523da45c9de122c6_TIRANT_ORTHONGEL.JPG,33aefffccf093fee523da45c9de122c6,LOB-Lobotes-surinamensis,33aefffccf093fee523da45c9de122c6,OI,Senne,20160805,BACKUP_IOTA_20250207/OCUP-OB/OI-700/773b_OI_20160805-20160902_TIRANT_SAP_BELLE ISLE/OI_20160805-20160902_TIRANT_SAP_BELLE ISLE_Photos/DSCF0349.JPG
LOB_35f1afd9f16122114f53d12012a72c47_TIRANT_ORTHONGEL.JPG,35f1afd9f16122114f53d12012a72c47,LOB-Lobotes-surinamensis,35f1afd9f16122114f53d12012a72c47,OI,Senne,20140809,BACKUP_IOTA_20250207/OCUP-OB/OI-700/716a_OI_20140809-20140903_TIRANT_SAPMER_BERNICA/OI_20140809-20140903_TIRANT_SAPMER_BERNICA_Photos/Mark Tiran Pic/DSCF0042.JPG
LOB_366a6cf7215b24068801408087328198_MELAN_IRD.JPG,366a6cf7215b24068801408087328198,LOB-Lobotes-surinamensis,366a6cf7215b24068801408087328198,OA,Senne,20190525,BACKUP_IOTA_20250207/DCF Senne (IRD)/OA-100/1105_OA_20190525-20190715_MELAN_CFTO_PENDRUC/OA_20190525-20190715_MELAN_CFTO_PENDRUC_Photos/N°14.JPG
LOB_3d6fac434769cd2f267cb68c2f411580_COULIBALY_ORTHONGEL.JPG,3d6fac434769cd2f267cb68c2f411580,LOB-Lobotes-surinamensis,3d6fac434769cd2f267cb68c2f411580,OA,Senne,20150302,BACKUP_IOTA_20250207/DCF Senne (IRD)/OA-100/167b_OA_20150302_20150316_KOSSONOU_CFTO_AVELVOR/OA_20150302-20150316_KOSSONOU_CFTO_AVEL VOR_Photos/PHOTOS/SAM_1747.JPG
LOB_408948c6d4ecceacf27f08851b5ca901_LEMERDY_ORTHONGEL.JPG,408948c6d4ecceacf27f08851b5ca901,LOB-Lobotes-surinamensis,408948c6d4ecceacf27f08851b5ca901,OI,Senne,20161130,BACKUP_IOTA_20250207/OCUP-OB/OI-700/780b_OI_20161130-20170103_LEMERDY_SAP_MORNSESELWA/OI_20161029-20170103_LEMERDY_SAP_MORNSESELWA_Photos/DSCF3030.JPG
LOB_4f3653c10870a4ce68cc43153abfd18f_BOUTIGNY_TAAF.JPG,4f3653c10870a4ce68cc43153abfd18f,LOB-Lobotes-surinamensis,4f3653c10870a4ce68cc43153abfd18f,OI,Senne,20160430,BACKUP_IOTA_20250207/DCF Senne (TAAF)/2016/16-2_OI_20160430-20160703_BOUTIGNY_SAPMER_BERNICA/OI_20160430-20160703_BOUTIGNY_SAPMER_BERNICA_Photos/P5060017.JPG
LOB_6064fbb32acb0bb2de405f831cb11bcb_RADEGONDE_ORTHONGEL.JPG,6064fbb32acb0bb2de405f831cb11bcb,LOB-Lobotes-surinamensis,6064fbb32acb0bb2de405f831cb11bcb,OI,Senne,20180914,BACKUP_IOTA_20250207/OCUP-OB/OI-700/874a_OI_20180914-20181008_RADEGONDE_SAP_BELOUVE/OI_20180914-20181008_RADEGONDE_SAP_BELOUVE_Photos/DSCF0806.JPG
LOB_66dfa8cfc5e5e0c644a5ada04b88541c_EKPO_ORHTONGEL.jpg,66dfa8cfc5e5e0c644a5ada04b88541c,LOB-Lobotes-surinamensis,66dfa8cfc5e5e0c644a5ada04b88541c,OI,Senne,20200118,BACKUP_IOTA_20250207/OCUP-OB/OI-700/908b_OI_ 20200118-20200224_EKPO_SAPMER_BERNICA/OI_ 20200118-20200224_EKPO_SAPMER_BERNICA_Photos/Autres-Poissons/LOB.jpg
LOB_7e081d670cefe8214e921fcc5bec19d0_RICHARD_TAAF.JPG,7e081d670cefe8214e921fcc5bec19d0,LOB-Lobotes-surinamensis,7e081d670cefe8214e921fcc5bec19d0,OI,Senne,20110428,BACKUP_IOTA_20250207/DCF Senne (TAAF)/2011/TAAF11-4_OI_20110428-20110529_SAP_FRANCHE TERRE_Richard/OI_20110428-20110529_SAP_TAAF11_FRANCHE TERRE_Richard_Photos/Poissons/260511FT4.jpg.JPG
LOB_83bee450fe6ddb95f9e84e359ee3dc45_WILLAUME_IRD.JPG,83bee450fe6ddb95f9e84e359ee3dc45,LOB-Lobotes-surinamensis,83bee450fe6ddb95f9e84e359ee3dc45,OI,Senne,20070723,BACKUP_IOTA_20250207/DCF Senne (IRD)/OI-200/217_OI_20070723-20070903_WILLAUME_CMB_STERENN/OI_20070723-20070903_WILLAUME_CMB_STERENN_Photos/4lobotessurinamensis.JPG
LOB_93b17af29676a96c801bab6d92fa66a6_DERRIDJ_IRD.jpg,93b17af29676a96c801bab6d92fa66a6,LOB-Lobotes-surinamensis,93b17af29676a96c801bab6d92fa66a6,OA,Senne,20090705,BACKUP_IOTA_20250207/DCF Senne (IRD)/OA-100/112_OA_20090705_20090821_DERRIDJ_CMB_MEN GOE/OA_20090705_20090821_Derridj_CMB_MEN GOE_Photos/PHOTO 18 LOB Lobotes surinamensis.jpg
LOB_9b51a83668afdb7e7884fd08959b9027_BAIDAI_ORTHONGEL.JPG,9b51a83668afdb7e7884fd08959b9027,LOB-Lobotes-surinamensis,9b51a83668afdb7e7884fd08959b9027,OI,Senne,20141010,BACKUP_IOTA_20250207/OCUP-OB/OI-700/711_OI_20141010-20141108_BAIDAI_SAPMER_BELLE ISLE/OI_20141010-20141108_BAIDAI_SAPMER_BELLE ISLE_Photos/PHOTOS/Especes/IMG_2119.JPG
LOB_9c16f96f94d8ac01141e900a0185f7fb_RADEGONDE_ORTHONGEL.JPG,9c16f96f94d8ac01141e900a0185f7fb,LOB-Lobotes-surinamensis,9c16f96f94d8ac01141e900a0185f7fb,OI,Senne,20191105,BACKUP_IOTA_20250207/OCUP-OB/OI-700/913b_OI_20191105-20191130_RADEGONDE_SAP_BELLEISLE/OI_20191105-20191130_RADEGONDE_SAP_BELLEISLE_Photos/DSCF1222.JPG
LOB_b67865ab344b9d53216ea15cd1b55a30_HUILLLIER_IRD.JPG,b67865ab344b9d53216ea15cd1b55a30,LOB-Lobotes-surinamensis,b67865ab344b9d53216ea15cd1b55a30,OA,Senne,20110813,BACKUP_IOTA_20250207/DCF Senne (IRD)/OA-100/132_OA_20110813-20110927_HUILLIER_CFTO_AVEL VOR/OA_20110813-20110927_Huillier_CFTO_AVEL VOR_Photos/Espèces/23.JPG
LOB_c3d3c256ba6152abd278496d4baa6747_WINKLER_IRD.JPG,c3d3c256ba6152abd278496d4baa6747,LOB-Lobotes-surinamensis,c3d3c256ba6152abd278496d4baa6747,OA,Senne,20100206,BACKUP_IOTA_20250207/DCF Senne (IRD)/OA-100/117_OA_20100206_20100316_WINKLER_CMB_GUEOTEC/OA_20100206_20100316_WINKLER_CMB_GUEOTEC_Photos/Photos especes - OA- Winkler Joachim- Gueotec- 100206_100316/16.JPG
LOB_c7dd615be213992fd7ff321e2315775a_TIRANT_ORTHONGEL.JPG,c7dd615be213992fd7ff321e2315775a,LOB-Lobotes-surinamensis,c7dd615be213992fd7ff321e2315775a,OI,Senne,20140809,BACKUP_IOTA_20250207/OCUP-OB/OI-700/716a_OI_20140809-20140903_TIRANT_SAPMER_BERNICA/OI_20140809-20140903_TIRANT_SAPMER_BERNICA_Photos/Mark Tiran Pic/DSCF0041.JPG
LOB_ca9ec4918cf8ac8043d6cc338a4541cc_MOEC_IRD.JPG,ca9ec4918cf8ac8043d6cc338a4541cc,LOB-Lobotes-surinamensis,ca9ec4918cf8ac8043d6cc338a4541cc,OA,Senne,20081201,BACKUP_IOTA_20250207/DCF Senne (IRD)/OA-100/111_OA_20081201_20090105_MOEC_CMB_AVEL VOR/OA_20081201_20090105_MOEC_CMB_AVEL VOR_Photos/photo 5.JPG
LOB_d42c95cc876e784ea3c9bf75b047a305_KOUAME_ORTHONGEL.JPG,d42c95cc876e784ea3c9bf75b047a305,LOB-Lobotes-surinamensis,d42c95cc876e784ea3c9bf75b047a305,OA,Senne,20150408,BACKUP_IOTA_20250207/OCUP-OB/OA-300/377_OA_20150408-20150517_KOUAME_SAUPIQUET_VIAHARMATTAN/OA_20150408-20150517_KOUAME_SAUPIQUET_VIAHARMATTAN_Photos/PHOTOS/Opération de pêche/LOB.JPG
LOB_feacb6336755e4528d4a273c0314d507_RADEGONDE_ORTHONGEL.JPG,feacb6336755e4528d4a273c0314d507,LOB-Lobotes-surinamensis,feacb6336755e4528d4a273c0314d507,OI,Senne,20191105,BACKUP_IOTA_20250207/OCUP-OB/OI-700/913b_OI_20191105-20191130_RADEGONDE_SAP_BELLEISLE/OI_20191105-20191130_RADEGONDE_SAP_BELLEISLE_Photos/DSCF1211.JPG
LTA_1d13b0041b8cd0077476f518cd8a8295_DAO_IRD.jpg,1d13b0041b8cd0077476f518cd8a8295,LTA-Euthynnus-alletteratus,1d13b0041b8cd0077476f518cd8a8295,OA,Senne,20140824,BACKUP_IOTA_20250207/DCF Senne (IRD)/OA-100/163a_OA_20140824-20140923_DAO_SAUPIQUET_VIA MISTRAL/OA_20140824-20140923_DAO_SAUPIQUET_VIAMISTRAL_Photos/PHOTOS/LTA.jpg
LTA_3a997deb88ff66a94c63f2175fa0dc60_HUILLIER_IRD.JPG,3a997deb88ff66a94c63f2175fa0dc60,LTA-Euthynnus-alletteratus,3a997deb88ff66a94c63f2175fa0dc60,OA,Senne,20110813,BACKUP_IOTA_20250207/DCF Senne (IRD)/OA-100/132_OA_20110813-20110927_HUILLIER_CFTO_AVEL VOR/OA_20110813-20110927_Huillier_CFTO_AVEL VOR_Photos/Espèces/103.JPG
LTA_4768a33b3d9ee3dff1a8335f3ac03fa7_DERRIDJ_IRD.jpg,4768a33b3d9ee3dff1a8335f3ac03fa7,LTA-Euthynnus-alletteratus,4768a33b3d9ee3dff1a8335f3ac03fa7,OA,Senne,20090705,BACKUP_IOTA_20250207/DCF Senne (IRD)/OA-100/112_OA_20090705_20090821_DERRIDJ_CMB_MEN GOE/OA_20090705_20090821_Derridj_CMB_MEN GOE_Photos/PHOTO 17 KAW Euthynnus affinis.jpg
LTA_4caf17722b1588a1a60608372aa679f0_KOFFI_ORTHONGEL.JPG,4caf17722b1588a1a60608372aa679f0,LTA-Euthynnus-alletteratus,4caf17722b1588a1a60608372aa679f0,OA,Senne,20131005,BACKUP_IOTA_20250207/OCUP-OB/OA-300/308a_OA_20131005-20131101_KOFFI_CAPBOJADOR/OA_KOFFI_CAPBOJADOR_20131005-20131101_Photos/PHOTOS & VIDEOS/Photos/Espèces/SAM_0860.JPG
LTA_8784fede129e067d8119b4f1a9736fc1_KOUAME_IRD.JPG,8784fede129e067d8119b4f1a9736fc1,LTA-Euthynnus-alletteratus,8784fede129e067d8119b4f1a9736fc1,OA,Senne,20190906,BACKUP_IOTA_20250207/DCF Senne (IRD)/OA-100/1108_OA_20190906-20191021_KOUAME_CFTO_AVELVOR/OA_20190906-20191021_KOUAME_CFTO_AVELVOR_Photos/DIVERS/thonidés/LTA.JPG
LTA_96581a20551bf8be2a4f5148a0ac8270_CUILLANDRE_IRD.JPG,96581a20551bf8be2a4f5148a0ac8270,LTA-Euthynnus-alletteratus,96581a20551bf8be2a4f5148a0ac8270,OA,Senne,20121107,BACKUP_IOTA_20250207/DCF Senne (IRD)/OA-100/143_OA_20121107-20121126_CUILLANDRE_CFTO_GUERIDEN/OA_20121107-20121126_Cuillandre_CFTO_GUERIDEN_Photos/DSC_0167.JPG
LTA_985184b9cc95b6f2fe4f1ac0bff3ead0_THELLIER_IRD.JPG,985184b9cc95b6f2fe4f1ac0bff3ead0,LTA-Euthynnus-alletteratus,985184b9cc95b6f2fe4f1ac0bff3ead0,OA,Senne,20110107,BACKUP_IOTA_20250207/DCF Senne (IRD)/OA-100/127_OA_20110107-20110302_THELLIER_CMB_STERENN/OA_20110107-20110228_Thellier_CMB_STERENN_Photos/Photos Thonines/DSCF0394.JPG
LTA_a4923e9f3c1bf34ee16782fc4adfd3ba_ASSOUGBA_IRD.jpg,a4923e9f3c1bf34ee16782fc4adfd3ba,LTA-Euthynnus-alletteratus,a4923e9f3c1bf34ee16782fc4adfd3ba,OA,Senne,20160603,BACKUP_IOTA_20250207/DCF Senne (IRD)/OA-100/177a_OA_20160603-20160624_ASSOUGBA_CFTO_GEVRED/OA_20160603-20160624_ASSOUGBA_CFTO_GEVRED_Photos/PHOTOS/20160619_111522.jpg
LTA_c0c39c2abcaef29f73bb5efa6066e2f0_THELLIER_IRD.JPG,c0c39c2abcaef29f73bb5efa6066e2f0,LTA-Euthynnus-alletteratus,c0c39c2abcaef29f73bb5efa6066e2f0,OA,Senne,20110107,BACKUP_IOTA_20250207/DCF Senne (IRD)/OA-100/127_OA_20110107-20110302_THELLIER_CMB_STERENN/OA_20110107-20110228_Thellier_CMB_STERENN_Photos/Photos Thonines/DSCF0201.JPG
LTA_cc930ee2b85766bfb02f76c8894189cf_MELAN_IRD.JPG,cc930ee2b85766bfb02f76c8894189cf,LTA-Euthynnus-alletteratus,cc930ee2b85766bfb02f76c8894189cf,OA,Senne,20190525,BACKUP_IOTA_20250207/DCF Senne (IRD)/OA-100/1105_OA_20190525-20190715_MELAN_CFTO_PENDRUC/OA_20190525-20190715_MELAN_CFTO_PENDRUC_Photos/N°15.JPG
LTA_ddd2b752561f3029d10a71f5dee9012a_DAO_ORTHONGEL.JPG,ddd2b752561f3029d10a71f5dee9012a,LTA-Euthynnus-alletteratus,ddd2b752561f3029d10a71f5dee9012a,OA,Senne,20160526,BACKUP_IOTA_20250207/OCUP-OB/OA-300/437a_OA_20160526-20160608_DAO_CFTO_STERENN/OA_20160526-20160608_DAO_CFTO_STERENN_Photos & vidéos/PHOTOS/SAM_3022.JPG
LXR_05e7fa09bdb655e4946decfff4695ae0_LEGUILLOU_IRD.JPG,05e7fa09bdb655e4946decfff4695ae0,LXR-Platax-orbicularis,05e7fa09bdb655e4946decfff4695ae0,OI,Senne,20150219,BACKUP_IOTA_20250207/DCF Senne (IRD)/OI-200/270_OI_20150219-20150407_LE GUILLOU_CFTO_TORRE GIULIA/OI_20150219-20150407_LE GUILLOU_CFTO_TORRE GIULIA_Photos/PHOTOS/DSCF9543.JPG
LXR_0831b78857eedad6fbf9a1760634fa79_CAUQUIL_IRD.JPG,0831b78857eedad6fbf9a1760634fa79,LXR-Platax-orbicularis,0831b78857eedad6fbf9a1760634fa79,OI,Senne,20120705,BACKUP_IOTA_20250207/DCF Senne (IRD)/OI-200/251_OI_20120705_20120808_CAUQUIL_CFTO_TORRE GIULIA/OI_20120705_20120808_CAUQUIL_CFTO_TORRE GIULIA_Photos/IMG_4354.JPG
LXR_2d86b5dcdcb79b18790841c5f261b756_GUILLON_TAAF.JPG,2d86b5dcdcb79b18790841c5f261b756,LXR-Platax-orbicularis,2d86b5dcdcb79b18790841c5f261b756,OI,Senne,20160507,BACKUP_IOTA_20250207/DCF Senne (TAAF)/2016/16-4_OI_20160507-20160712_GUILLON_SAPMER_FRANCHETERRE/OI_20160507-20160712_GUILLON_SAPMER_FRANCHETERRE_Photos/Espèces accessoires/BAO.JPG
LXR_3cc5ba864bdaab46d5abf5941fa788c7_LEDANTEC_IRD.JPG,3cc5ba864bdaab46d5abf5941fa788c7,LXR-Platax-orbicularis,3cc5ba864bdaab46d5abf5941fa788c7,OI,Senne,20140716,BACKUP_IOTA_20250207/DCF Senne (IRD)/OI-200/262b_OI_20140716-20140818_LE DANTEC_SAP_DOLOMIEU/OI_20140716-20140818_LE DANTEC_SAPMER_DOLOMIEU_Photos/Photos poissons rejet/6_BAO2.JPG
LXR_3d6c845b650a26ed56497ae7d0c15c9f_DERRIDJ_IRD.jpg,3d6c845b650a26ed56497ae7d0c15c9f,LXR-Platax-orbicularis,3d6c845b650a26ed56497ae7d0c15c9f,OA,Senne,20090705,BACKUP_IOTA_20250207/DCF Senne (IRD)/OA-100/112_OA_20090705_20090821_DERRIDJ_CMB_MEN GOE/OA_20090705_20090821_Derridj_CMB_MEN GOE_Photos/PHOTO 11 PLT Platax teira.jpg
LXR_5b44f7fa05c76ad29c44f808a8bc445f_MISTOIHI_ORTHONGEL.JPG,5b44f7fa05c76ad29c44f808a8bc445f,LXR-Platax-orbicularis,5b44f7fa05c76ad29c44f808a8bc445f,OI,Senne,20150801,BACKUP_IOTA_20250207/OCUP-OB/OI-700/734a_OI_20150801-20150821_MISTOIHI_SAP_FRANCHE TERRE/OI_20150801-20150821_MISTOIHI_SAP_FRANCHE TERRE_Photos/DSCF0236.JPG
LXR_5c4ddb280cc24f5abfdd50e034db46af_CAUQUIL_IRD.JPG,5c4ddb280cc24f5abfdd50e034db46af,LXR-Platax-orbicularis,5c4ddb280cc24f5abfdd50e034db46af,OI,Senne,20120705,BACKUP_IOTA_20250207/DCF Senne (IRD)/OI-200/251_OI_20120705_20120808_CAUQUIL_CFTO_TORRE GIULIA/OI_20120705_20120808_CAUQUIL_CFTO_TORRE GIULIA_Photos/IMG_4498.JPG
LXR_6d504e0299bad92a6dcc3a93c4c354a9_LEGUILLOU_IRD.JPG,6d504e0299bad92a6dcc3a93c4c354a9,LXR-Platax-orbicularis,6d504e0299bad92a6dcc3a93c4c354a9,OI,Senne,20150219,BACKUP_IOTA_20250207/DCF Senne (IRD)/OI-200/270_OI_20150219-20150407_LE GUILLOU_CFTO_TORRE GIULIA/OI_20150219-20150407_LE GUILLOU_CFTO_TORRE GIULIA_Photos/PHOTOS/DSCF9541.JPG
LXR_76649b48934c4409413004beb990683c_KAUFFMAN_TAAF.JPG,76649b48934c4409413004beb990683c,LXR-Platax-orbicularis,76649b48934c4409413004beb990683c,OI,Senne,20130305,BACKUP_IOTA_20250207/DCF Senne (TAAF)/2013/TAAF2013-1 MANAPANY Kauffmann/OI_20130305-20130424_TAAF_KAUFFMAN_MANAPANY_Photos/MARS/27.03/Calée 13/P3270029.JPG
LXR_945b8509a1be852553e3ccf70020f36f_LEGUILLOU_IRD.JPG,945b8509a1be852553e3ccf70020f36f,LXR-Platax-orbicularis,945b8509a1be852553e3ccf70020f36f,OI,Senne,20150219,BACKUP_IOTA_20250207/DCF Senne (IRD)/OI-200/270_OI_20150219-20150407_LE GUILLOU_CFTO_TORRE GIULIA/OI_20150219-20150407_LE GUILLOU_CFTO_TORRE GIULIA_Photos/PHOTOS/DSCF9837.JPG
LXR_b28b23c4b502f3cac4bcb935e871c9b3_DABAKUYO_ORTHONGEL.JPG,b28b23c4b502f3cac4bcb935e871c9b3,LXR-Platax-orbicularis,b28b23c4b502f3cac4bcb935e871c9b3,OI,Senne,20190603,BACKUP_IOTA_20250207/OCUP-OB/OI-700/890a_OI_20190603-20190617_DABAKUYO_SAPMER_FRANCHETERRE/OI_20190603-20190617_DABAKUYO_SAPMER_FRANCHETERRE_Photos/SAM_1720.JPG
LXR_cf44b73ff710d4593c18d46d07e2ed12_BOURASSEAU_TAAF.JPG,cf44b73ff710d4593c18d46d07e2ed12,LXR-Platax-orbicularis,cf44b73ff710d4593c18d46d07e2ed12,OI,Senne,20150310,BACKUP_IOTA_20250207/DCF Senne (TAAF)/2015/15-1_Bourasseau_BERNICA/OI_20150310-20150425_BOURASSEAU_BERNICA_Photos/Shiftage calée 14/P1030667.JPG
LXR_d6b46c86a30f76355795b2a3d676ca42_TORRES_IRD.jpg,d6b46c86a30f76355795b2a3d676ca42,LXR-Platax-orbicularis,d6b46c86a30f76355795b2a3d676ca42,OI,Senne,20090403,BACKUP_IOTA_20250207/DCF Senne (IRD)/OI-200/238_OI_20090403-20090508_TORRES_CMB_CAP ST VINCENT/OI_20090403_20090508_Torres_CMB_CAP ST VINCENT_Photos/25.04.09/calée26/photos/1/Photo 040.jpg
LXR_e4065650a9bbd15d9c9db3ce95870134_LEMERDY_ORTHONGEL.JPG,e4065650a9bbd15d9c9db3ce95870134,LXR-Platax-orbicularis,e4065650a9bbd15d9c9db3ce95870134,OI,Senne,20160917,BACKUP_IOTA_20250207/OCUP-OB/OI-700/770a_OI_20160917-20161010_LE MERDY_SAP_BELLERIVE/OI_20160917-20161018_LE MERDY_SAP_BELLE RIVE_Photos/DSCF2466.JPG
LXR_e87192a71b449e87827df85588ba6ddc_SINON_ORTHONGEL.JPG,e87192a71b449e87827df85588ba6ddc,LXR-Platax-orbicularis,e87192a71b449e87827df85588ba6ddc,OI,Senne,20150926,BACKUP_IOTA_20250207/OCUP-OB/OI-700/740a_OI_20150926-20151028_SINON_SAP_BELLE ISLE/OI_20150926-20151028_SINON_SAP_BELLE ISLE_Photos-pb-dates/DSCF0153.JPG
LXR_fc775c518cfd40f88e175ae061e148fc_LEDANTEC_IRD.JPG,fc775c518cfd40f88e175ae061e148fc,LXR-Platax-orbicularis,fc775c518cfd40f88e175ae061e148fc,OI,Senne,20140716,BACKUP_IOTA_20250207/DCF Senne (IRD)/OI-200/262b_OI_20140716-20140818_LE DANTEC_SAP_DOLOMIEU/OI_20140716-20140818_LE DANTEC_SAPMER_DOLOMIEU_Photos/Photos poissons rejet/6_BAO.JPG
MLS_0280030bbbcab31251251e3f6bc72cbb_SHARP_IRD.jpeg,0280030bbbcab31251251e3f6bc72cbb,MLS-Kajikia-audax,,OI,Longline,,
MLS_05e29f8cb2997618a255c54bd42d2e02_VARENNE_IRD.JPG,05e29f8cb2997618a255c54bd42d2e02,MLS-Kajikia-audax,05e29f8cb2997618a255c54bd42d2e02,OI,Senne,20130125,BACKUP_IOTA_20250207/DCF Senne (IRD)/OI-200/257a_OI_20130125-20130227_VARENNE_SAP_BERNICA/OI_20131025-20130227_Varenne_SAP_BERNICA_Photos/calée 24.02.2013/25.JPG
MLS_095d22c3a37dce7463d2ae541772ab9a_VARENNE_IRD.JPG,095d22c3a37dce7463d2ae541772ab9a,MLS-Kajikia-audax,095d22c3a37dce7463d2ae541772ab9a,OI,Senne,20130125,BACKUP_IOTA_20250207/DCF Senne (IRD)/OI-200/257a_OI_20130125-20130227_VARENNE_SAP_BERNICA/OI_20131025-20130227_Varenne_SAP_BERNICA_Photos/calée 24.02.2013/25 (1).JPG
MLS_107425e94d2c17bb04fcaf4ec9f82083_DELPONT_IRD.JPG,107425e94d2c17bb04fcaf4ec9f82083,MLS-Kajikia-audax,,OI,Longline,,
MLS_16edb0f243cad0cdb1f12e2223929579_BERTRAND_IRD.JPG,16edb0f243cad0cdb1f12e2223929579,MLS-Kajikia-audax,,OI,Longline,,
MLS_21bbbe87762466f0c2550a9c048538ac_VARENNE_IRD.JPG,21bbbe87762466f0c2550a9c048538ac,MLS-Kajikia-audax,21bbbe87762466f0c2550a9c048538ac,OI,Senne,20130125,BACKUP_IOTA_20250207/DCF Senne (IRD)/OI-200/257a_OI_20130125-20130227_VARENNE_SAP_BERNICA/OI_20131025-20130227_Varenne_SAP_BERNICA_Photos/calée 23.02.2013/23 (1).JPG
MLS_2c1546b9ae8050ea45f074a77926dcd6_GROULT_IRD.JPG,2c1546b9ae8050ea45f074a77926dcd6,MLS-Kajikia-audax,,OI,Longline,,
MLS_34f3c20da30757e5b126dd1829e36e0d_BERTRAND_IRD.JPG,34f3c20da30757e5b126dd1829e36e0d,MLS-Kajikia-audax,,OI,Longline,,
MLS_4f6a666f9652d4c59d9f468a72832cb0_BEATRIX_IRD.JPG,4f6a666f9652d4c59d9f468a72832cb0,MLS-Kajikia-audax,,OI,Longline,,
MLS_53b98c62d163b5ad1c3f5ce7e198f283_VARENNE_IRD.JPG,53b98c62d163b5ad1c3f5ce7e198f283,MLS-Kajikia-audax,53b98c62d163b5ad1c3f5ce7e198f283,OI,Senne,20130125,BACKUP_IOTA_20250207/DCF Senne (IRD)/OI-200/257a_OI_20130125-20130227_VARENNE_SAP_BERNICA/OI_20131025-20130227_Varenne_SAP_BERNICA_Photos/calée 23.02.2013/23.JPG
MLS_592bc73ded60c722602868be17d07903_DELPONT_IRD.JPG,592bc73ded60c722602868be17d07903,MLS-Kajikia-audax,,OI,Longline,,
MLS_5eeb95f54399e457c4b6ccd76b7650aa_DELPONT_IRD.JPG,5eeb95f54399e457c4b6ccd76b7650aa,MLS-Kajikia-audax,,OI,Longline,,
MLS_6ce22cb6c4056fa8e21c1d652863029f_POIROUT_IRD.jpeg,6ce22cb6c4056fa8e21c1d652863029f,MLS-Kajikia-audax,,OI,Longline,,
MLS_7aff31d56b6dbcde9033c02b61748d03_POIROUT_IRD.jpeg,7aff31d56b6dbcde9033c02b61748d03,MLS-Kajikia-audax,,OI,Longline,,
MLS_830e610a478ccaf30d714db6a194bd28_BEATRIX_IRD.JPG,830e610a478ccaf30d714db6a194bd28,MLS-Kajikia-audax,,OI,Longline,,
MLS_99b606ce0dc34bfc542d24ce579f32dc_PUECH_IRD.JPG,99b606ce0dc34bfc542d24ce579f32dc,MLS-Kajikia-audax,,OI,Longline,,
MLS_9e89a4c7685128c099851601795d2fb5_POIROUT_IRD.jpeg,9e89a4c7685128c099851601795d2fb5,MLS-Kajikia-audax,,OI,Longline,,
MLS_9e8b61fed1b5c31969a0d7f3fe7d8003_BERTRAND_IRD.JPG,9e8b61fed1b5c31969a0d7f3fe7d8003,MLS-Kajikia-audax,,OI,Longline,,
MLS_b9a6d66d471fa5db2cfe76a715fcade0_PUECH_IRD.JPG,b9a6d66d471fa5db2cfe76a715fcade0,MLS-Kajikia-audax,,OI,Longline,,
MLS_bb94253aa191f68827ac0427e7f3f634_BEATRIX_IRD.JPG,bb94253aa191f68827ac0427e7f3f634,MLS-Kajikia-audax,,OI,Longline,,
MLS_bc5f7f31c4f3bba36ea54b696c43ba3a_POIROUT_IRD.jpeg,bc5f7f31c4f3bba36ea54b696c43ba3a,MLS-Kajikia-audax,,OI,Longline,,
MLS_d303279407eeb063908390612fde70ea_BERTRAND_IRD.JPG,d303279407eeb063908390612fde70ea,MLS-Kajikia-audax,,OI,Longline,,
MLS_d89a29d5f4d932f94d9c448f2028f15f_VARENNE_IRD.JPG,d89a29d5f4d932f94d9c448f2028f15f,MLS-Kajikia-audax,d89a29d5f4d932f94d9c448f2028f15f,OI,Senne,20130125,BACKUP_IOTA_20250207/DCF Senne (IRD)/OI-200/257a_OI_20130125-20130227_VARENNE_SAP_BERNICA/OI_20131025-20130227_Varenne_SAP_BERNICA_Photos/calée 24.02.2013/24.JPG
MLS_dbf8abec6b091b847b0976f0d75adfd0_PUECH_IRD.JPG,dbf8abec6b091b847b0976f0d75adfd0,MLS-Kajikia-audax,,OI,Longline,,
MLS_e6a5007ab4b8adb23f3629c249e8942c_DELPONT_IRD.JPG,e6a5007ab4b8adb23f3629c249e8942c,MLS-Kajikia-audax,,OI,Longline,,
MLS_ed33562741e6e837c018f076166e0d00_DELPONT_IRD.JPG,ed33562741e6e837c018f076166e0d00,MLS-Kajikia-audax,,OI,Longline,,
MLS_f5cc7efca8263c2a4b465e5e1c9d9a37_DELPONT_IRD.JPG,f5cc7efca8263c2a4b465e5e1c9d9a37,MLS-Kajikia-audax,,OI,Longline,,
MLS_f90fd014f03e8b303d9d7e3e1fc8bbd2_POIROUT_IRD.jpeg,f90fd014f03e8b303d9d7e3e1fc8bbd2,MLS-Kajikia-audax,,OI,Longline,,
MOP_0b7d45b69c6ff7112b81da923812655d_EKPO_ORTHONGEL.JPG,0b7d45b69c6ff7112b81da923812655d,MOP-Mola-alexandrini,0b7d45b69c6ff7112b81da923812655d,OA,Senne,20180809,BACKUP_IOTA_20250207/OCUP-OB/OA-300/562_OA_20180809-20181002_EKPO_CFTO_GUERIDEN/OA_20180809-20181002_EKPO_CFTO_GUERIDEN_Photos/08-Espèces/Autres-Poissons/MOX.JPG
MOP_1138f95b2b967bbeb732de0a922b3d62_BLE_ORTHONGEL.JPG,1138f95b2b967bbeb732de0a922b3d62,MOP-Mola-alexandrini,1138f95b2b967bbeb732de0a922b3d62,OA,Senne,20140810,BACKUP_IOTA_20250207/OCUP-OB/OA-300/336b_OA_20140810-20140901_BLE_CFTO_CAP BOJADOR/OA_20140810-20140901_BLE_CFTO_CAP BOJADOR_Photos/PHOTOS/espèces/autres photos/Mola mola_calée 15 (2).JPG
MOP_15f6beababbda35e8ceb66a41c5375e6_AMANDE_IRD.JPG,15f6beababbda35e8ceb66a41c5375e6,MOP-Mola-alexandrini,15f6beababbda35e8ceb66a41c5375e6,OA,Senne,20100706,BACKUP_IOTA_20250207/DCF Senne (IRD)/OA-100/122_OA_20100706-20100817_AMANDE_CMB_STERENN/OA_20100706-20100817_AMANDE_CMB_STERENN_Photos/2010-08-07/SDC10246.JPG
MOP_1c758f700db7210a1ba01b8ab89c99d1_ZOUZOUGBO_ORTHONGEL.JPG,1c758f700db7210a1ba01b8ab89c99d1,MOP-Mola-alexandrini,1c758f700db7210a1ba01b8ab89c99d1,OA,Senne,20200313,BACKUP_IOTA_20250207/OCUP-OB/OA-300/640b_OA_20200313-20200428_ZOUZOUGBO_CFTO_GEVRED/OA_20200313-20200428_ZOUZOUGBO_CFTO_GEVRED_Photos/Calée33-MOX-a2.JPG
MOP_3c9ac912a2682a6e39d279b59e769f46_BLE_ORTHONGEL.JPG,3c9ac912a2682a6e39d279b59e769f46,MOP-Mola-alexandrini,3c9ac912a2682a6e39d279b59e769f46,OA,Senne,20140522,BACKUP_IOTA_20250207/OCUP-OB/OA-300/330_OA_20140522-20140710_BLE_CFTO_CAP BOJADOR/OA_20140522-20140710_BLE_CFTO_CAPBOJADOR_Photos/5-PHOTOS/espèces/photo espèce numérotée/N°18_calée 52.JPG
MOP_9e1b62c60bf49d60bb2d551f885c2cc6_DABAKUYO_ORTHONGEL.JPG,9e1b62c60bf49d60bb2d551f885c2cc6,MOP-Mola-alexandrini,9e1b62c60bf49d60bb2d551f885c2cc6,OA,Senne,20190404,BACKUP_IOTA_20250207/OCUP-OB/OA-300/588b_OA_20190404-20190424_DABAKUYO_CFTO_STERENN/OA_20190404-20190424_DABAKUYO_CFTO_STERENN_Photos/SAM_1664.JPG
MOP_9feece1d636ee7767f70d1833a94020a_CAMARA_ORTHONGEL.jpg,9feece1d636ee7767f70d1833a94020a,MOP-Mola-alexandrini,9feece1d636ee7767f70d1833a94020a,OA,Senne,20220526,BACKUP_IOTA_20250207/OCUP-OB/OA-300/1337a_OA_20220526-20220711_CAMARA_CFTO_GUEOTEC/OA_20220526-20220711_CAMARA_CFTO_GUEOTEC_Photos/CALEE 23/MOP.jpg
MOP_a65e461ef55b69a54f2a9cafebf2233e_BLE_ORTHONGEL.JPG,a65e461ef55b69a54f2a9cafebf2233e,MOP-Mola-alexandrini,a65e461ef55b69a54f2a9cafebf2233e,OA,Senne,20140810,BACKUP_IOTA_20250207/OCUP-OB/OA-300/336b_OA_20140810-20140901_BLE_CFTO_CAP BOJADOR/OA_20140810-20140901_BLE_CFTO_CAP BOJADOR_Photos/PHOTOS/espèces/autres photos/Mola mola_calée 15.JPG
MOP_b203188a2c91bbe6ed9edff79749c259_WINKLER_IRD.JPG,b203188a2c91bbe6ed9edff79749c259,MOP-Mola-alexandrini,b203188a2c91bbe6ed9edff79749c259,OA,Senne,20100318,BACKUP_IOTA_20250207/DCF Senne (IRD)/OA-100/118_OA_20100318_20100422_WINKLER_CMB_CAP BOJADOR/OA_20100318_20100422_WINKLER_CMB_CAP BOJADOR_Photo especes-OA-Winkler Joachim-Cap Bojador-100318_100422/6.JPG
MOP_b3179777086d6e26d7000f0b3abd3482_MELAN_ORTHONGEL.jpg,b3179777086d6e26d7000f0b3abd3482,MOP-Mola-alexandrini,,OI,Longline,,
MOP_b5d76c6c2ceb58232ded1fe5fbd385c7_AFONSO_ORTHONGEL.jpg,b5d76c6c2ceb58232ded1fe5fbd385c7,MOP-Mola-alexandrini,,OI,Longline,,
MOP_c1dd4dc4752f7cead0cb6d553c7b9fac_HUBERT_IRD.jpg,c1dd4dc4752f7cead0cb6d553c7b9fac,MOP-Mola-alexandrini,c1dd4dc4752f7cead0cb6d553c7b9fac,OA,Senne,20100821,BACKUP_IOTA_20250207/DCF Senne (IRD)/OA-100/123_OA_20100821-20100930_HUBERT_CMB_GUEOTEC/OA_20100821-20100930_HUBERT_CMB_GUEOTEC_Photos/04-09-10 Matin/Calée 16 (3).jpg
MOP_d1baefa80328b83fc5612e083ff9ef91_KOUAME_ORTHONGEL.JPG,d1baefa80328b83fc5612e083ff9ef91,MOP-Mola-alexandrini,d1baefa80328b83fc5612e083ff9ef91,OA,Senne,20140722,BACKUP_IOTA_20250207/OCUP-OB/OA-300/339c_OA_20140722-20140903_KOUAME_SAUPIQUET_VIA EUROS/OA_20140722-20140903_KOUAME_SAUPIQUET_VIAEUROS_Photos/PHOTOS/MOX (1).JPG
MOP_f61f1d24fdc55b88bcadbd7d75881cf5_KOUAME_IRD.jpg,f61f1d24fdc55b88bcadbd7d75881cf5,MOP-Mola-alexandrini,f61f1d24fdc55b88bcadbd7d75881cf5,OA,Senne,20200315,BACKUP_IOTA_20250207/DCF Senne (IRD)/OA-100/1114a_OA_20200315-20200426_KOUAME_SQT_VIAMISTRAL/OA_20200315-20200426_KOUAME_SQT_VIAMISTRAL_Photos/photos autres poissons/Calée31_MOX_01a.jpg
MOX_078e00c9530e06f8fa6908fb3d488e92_ALLANGBA_IRD.JPG,078e00c9530e06f8fa6908fb3d488e92,MOX-Mola-mola,078e00c9530e06f8fa6908fb3d488e92,OA,Senne,20150815,BACKUP_IOTA_20250207/DCF Senne (IRD)/OA-100/171_OA_20150815_20150925_ALLANGBA_CFTO_CAPBOJADOR/OA_20150815-20150927_ALLANGBA_CFTO_CAP BOJADOR_Photos/5-PHOTOS/Especes/autres poissons/IMG_3244.JPG
MOX_1a690b71e6b5415b64c8e188897c24ee_DOSRAMOS_ORTHONGEL.JPG,1a690b71e6b5415b64c8e188897c24ee,MOX-Mola-mola,1a690b71e6b5415b64c8e188897c24ee,OA,Senne,20180805,BACKUP_IOTA_20250207/OCUP-OB/OA-300/559_OA_20180805-20180924_DOSRAMOS_CFTO_AVEL VOR/OA_20180805-20180924_DOSRAMOS_CFTO_AVEL VOR_Photos/SDC15971.JPG
MOX_1f4b03223cf929a9e91645592ca55443_CISSE_ORTHONGEL.jpg,1f4b03223cf929a9e91645592ca55443,MOX-Mola-mola,1f4b03223cf929a9e91645592ca55443,OA,Senne,20190809,BACKUP_IOTA_20250207/OCUP-OB/OA-300/606b_OA_20190809-20190828_CISSE_CFTO_PENDRUC/OA_20190809-20190828_CISSE_CFTO_PENDRUC_Photos/MicrosoftTeams-image.png
MOX_27134c58b15091a9c69c6525e1f28505_RANDRIAMIHAJA_ORTHONGEL.JPG,27134c58b15091a9c69c6525e1f28505,MOX-Mola-mola,27134c58b15091a9c69c6525e1f28505,OI,Senne,20190117,BACKUP_IOTA_20250207/OCUP-OB/OI-700/876a_OI_20190117-20190219_RANDRIAMIHAJA_SAP_DOLOMIEU/OI_20190117-20190219_RANDRIAMIHAJA_SAP_DOLOMIEU_Photos/DSCF0351.JPG
MOX_2aaa5fc6a091b6ce6a05f94a945511b2_THELLIER_IRD.JPG,2aaa5fc6a091b6ce6a05f94a945511b2,MOX-Mola-mola,2aaa5fc6a091b6ce6a05f94a945511b2,OA,Senne,20101127,BACKUP_IOTA_20250207/DCF Senne (IRD)/OA-100/126_OA_20101127-20110106_THELLIER_SPQ_VIA EUROS/OA_20101127-20110106_Thellier_SPQ_VIA EUROS_Photos/Tibo_ViaEuros 17C.JPG
MOX_34b6e41237534d2515652e68716356c9_MONSET_IRD.jpg,34b6e41237534d2515652e68716356c9,MOX-Mola-mola,34b6e41237534d2515652e68716356c9,OA,Senne,20100624,BACKUP_IOTA_20250207/DCF Senne (IRD)/OA-100/121_OA_20100624-20100807_MONSET_CMB_CAP BOJADOR/OA_20100624-20100807_MONSET_CMB_CAP BOJADOR_Photos/28.jpg
MOX_3585b2e165915d59e1bcb6bbd8cca34a_ZOUZOUGBO_IRD.JPG,3585b2e165915d59e1bcb6bbd8cca34a,MOX-Mola-mola,3585b2e165915d59e1bcb6bbd8cca34a,OA,Senne,20200624,BACKUP_IOTA_20250207/DCF Senne (IRD)/OA-100/1116_OA_20200624-20200726_ZOUZOUGBO_CFTO_GEVRED/OA_20200624-20200726_ZOUZOUGBO_CFTO_GEVRED_Photos/Calée12-MOX-a1.JPG
MOX_3aa1e0947e7742b4b5963bd2e6c22bda_DAO_ORTHONGEL.jpg,3aa1e0947e7742b4b5963bd2e6c22bda,MOX-Mola-mola,3aa1e0947e7742b4b5963bd2e6c22bda,OA,Senne,20181129,BACKUP_IOTA_20250207/OCUP-OB/OA-300/580a_OA_20181129-20190104_DAO_CFTO_AVELVOR/OA_20181129-20190104_DAO_CFTO_AVELVOR_Photos/20181220_110101.jpg
MOX_3ee41862a0934dbd33b86b3be188152c_THELLIER_IRD.JPG,3ee41862a0934dbd33b86b3be188152c,MOX-Mola-mola,3ee41862a0934dbd33b86b3be188152c,OA,Senne,20101127,BACKUP_IOTA_20250207/DCF Senne (IRD)/OA-100/126_OA_20101127-20110106_THELLIER_SPQ_VIA EUROS/OA_20101127-20110106_Thellier_SPQ_VIA EUROS_Photos/Tibo_ViaEuros 17A.JPG
MOX_449a9badcc281f3cb5a61f7e10aa5745_EKPO_ORTHONGEL.jpg,449a9badcc281f3cb5a61f7e10aa5745,MOX-Mola-mola,449a9badcc281f3cb5a61f7e10aa5745,OA,Senne,20190518,BACKUP_IOTA_20250207/OCUP-OB/OA-300/590b_OA_20190518-20190707_EKPO_CFTO_GUERIDEN/OA_20190518-20190707_EKPO_CFTO_GUERIDEN_Photos/MOX.jpg
MOX_5f7d2ddc7368e9e1d3f436533ef48a96_CISSE_ORTHONGEL.jpg,5f7d2ddc7368e9e1d3f436533ef48a96,MOX-Mola-mola,5f7d2ddc7368e9e1d3f436533ef48a96,OA,Senne,20180902,BACKUP_IOTA_20250207/OCUP-OB/OA-300/563a_OA_20180902-20181013_CISSE_CFTO_CAPBOJADOR/OA_20180902-20181013_CISSE_CFTO_CAPBOJADOR_Photos/IMG_20180923_140405.jpg
MOX_880cdb63610e8e2df58e566afaf59f0b_ADRINGA_IRD.JPG,880cdb63610e8e2df58e566afaf59f0b,MOX-Mola-mola,880cdb63610e8e2df58e566afaf59f0b,OA,Senne,20180916,BACKUP_IOTA_20250207/DCF Senne (IRD)/OA-100/196_OA_20180916-20181029_ADINGRA_SQT_VIAMISTRAL/OA_20180916-20181029_ADINGRA_SQT_VIAMISTRAL_Photos/22.JPG
MOX_8d8b62d6bd63bf353adaba1887542f04_GBOGBO_ORTHONGEL.JPG,8d8b62d6bd63bf353adaba1887542f04,MOX-Mola-mola,8d8b62d6bd63bf353adaba1887542f04,OA,Senne,20181013,BACKUP_IOTA_20250207/OCUP-OB/OA-300/570_OA_20181013-20181120_GBOGBO_SQT_VIAEUROS/OA_20181013-20181120_GBOGBO_SQT_VIAEUROS_Photos/DSCF9668.JPG
MOX_a48e8af0dc93ba1cbca7700648e7152c_ORIOT_IRD.jpg,a48e8af0dc93ba1cbca7700648e7152c,MOX-Mola-mola,a48e8af0dc93ba1cbca7700648e7152c,OA,Senne,20080221,BACKUP_IOTA_20250207/DCF Senne (IRD)/OA-100/107_OA_20080221-20080327_ORIOT_SPQ_PERE BRIANT/OA_20080221-20080327_ORIOT_SPQ_PERE BRIANT_Photos/12-03-08 027.jpg
MOX_c3e6196456679984630dd76653ac73ef_ALLANGBA_IRD.JPG,c3e6196456679984630dd76653ac73ef,MOX-Mola-mola,c3e6196456679984630dd76653ac73ef,OA,Senne,20150815,BACKUP_IOTA_20250207/DCF Senne (IRD)/OA-100/171_OA_20150815_20150925_ALLANGBA_CFTO_CAPBOJADOR/OA_20150815-20150927_ALLANGBA_CFTO_CAP BOJADOR_Photos/5-PHOTOS/Especes/autres poissons/IMG_3306.JPG
MOX_cd036a6472915a325a7d18d874f2d9db_ADINGRA_ORTHONGEL.JPG,cd036a6472915a325a7d18d874f2d9db,MOX-Mola-mola,cd036a6472915a325a7d18d874f2d9db,OA,Senne,20171230,BACKUP_IOTA_20250207/OCUP-OB/OA-300/535a_OA_20171230-20180201_ADINGRA_CFTO_GUERIDEN/OA_20171230-20180201_ADINGRA_CFTO_GUERIDEN_Photos/5-PHOTOS/Espäces (Conflit lié au codage Unicode)/13.JPG
MOX_d3be1ec6622123164a378ef30528b3b4_DAO_ORTHONGEL.jpg,d3be1ec6622123164a378ef30528b3b4,MOX-Mola-mola,d3be1ec6622123164a378ef30528b3b4,OA,Senne,20181129,BACKUP_IOTA_20250207/OCUP-OB/OA-300/580a_OA_20181129-20190104_DAO_CFTO_AVELVOR/OA_20181129-20190104_DAO_CFTO_AVELVOR_Photos/20181220_110136.jpg
MOX_dee4d4269eb382bbb6b04b8d1b32542d_WILLAUME_IRD.JPG,dee4d4269eb382bbb6b04b8d1b32542d,MOX-Mola-mola,dee4d4269eb382bbb6b04b8d1b32542d,OI,Senne,20070723,BACKUP_IOTA_20250207/DCF Senne (IRD)/OI-200/217_OI_20070723-20070903_WILLAUME_CMB_STERENN/OI_20070723-20070903_WILLAUME_CMB_STERENN_Photos/14Masturuslanceolatus.JPG
MOX_f3709a08df29ae11ca06bc96f00a3e8b_KOFFI_ORTHONGEL.JPG,f3709a08df29ae11ca06bc96f00a3e8b,MOX-Mola-mola,f3709a08df29ae11ca06bc96f00a3e8b,OA,Senne,20140913,BACKUP_IOTA_20250207/OCUP-OB/OA-300/346_OA_20140913-20141031_KOFFI_CFTO_GUEOTEC/OA_20140913-20141031_KOFFI_CFTO_GUEOTEC_Photos/PHOTOS/photo_marée_Guéotec/1 (2).JPG
MRW_17516f81fdad5b99d3b530b7cfe0a691_EKPO_ORTHONGEL.JPG,17516f81fdad5b99d3b530b7cfe0a691,MRW-Masturus-lanceolatus,17516f81fdad5b99d3b530b7cfe0a691,OA,Senne,20180809,BACKUP_IOTA_20250207/OCUP-OB/OA-300/562_OA_20180809-20181002_EKPO_CFTO_GUERIDEN/OA_20180809-20181002_EKPO_CFTO_GUERIDEN_Photos/08-Espèces/Autres-Poissons/MRW.JPG
MRW_295c9317077139790447e8d37c5e9abb_KAUFFMAN_TAAF.JPG,295c9317077139790447e8d37c5e9abb,MRW-Masturus-lanceolatus,295c9317077139790447e8d37c5e9abb,OI,Senne,20130305,BACKUP_IOTA_20250207/DCF Senne (TAAF)/2013/TAAF2013-1 MANAPANY Kauffmann/OI_20130305-20130424_TAAF_KAUFFMAN_MANAPANY_Photos/MARS/31.03/Calée 16/Q44.JPG
MRW_4087fbec8cf574d143d2220e75c473c5_KAUFFMAN_TAAF.JPG,4087fbec8cf574d143d2220e75c473c5,MRW-Masturus-lanceolatus,4087fbec8cf574d143d2220e75c473c5,OI,Senne,20130305,BACKUP_IOTA_20250207/DCF Senne (TAAF)/2013/TAAF2013-1 MANAPANY Kauffmann/OI_20130305-20130424_TAAF_KAUFFMAN_MANAPANY_Photos/MARS/31.03/Calée 16/P3310020.JPG
MRW_43cf439e3c82c8c1e64df0bde413c50f_FORESTIER_IRD.jpg,43cf439e3c82c8c1e64df0bde413c50f,MRW-Masturus-lanceolatus,43cf439e3c82c8c1e64df0bde413c50f,OA,Senne,20110507,BACKUP_IOTA_20250207/DCF Senne (IRD)/OA-100/130_OA_20110507-20110620_FORESTIER_CFTO_AVEL VOR/OA_20110507-20110620_Forestier_CFTO_AVEL VOR_Photos/Photo 230_2.jpg
MRW_4ed22cc7830aa5c2d332866b61560585_COULIBALY_ORTHONGEL.jpg,4ed22cc7830aa5c2d332866b61560585,MRW-Masturus-lanceolatus,4ed22cc7830aa5c2d332866b61560585,OA,Senne,20140704,BACKUP_IOTA_20250207/OCUP-OB/OA-300/335_OA_20140704-20140819_COULIBALY_SAUPIQUET_VIA MISTRAL/OA_20140704-20140819_COULIBALY_SAUPIQUET_VIAMISTRAL_Photos/PHOTOS/IMG_0902.jpg
MRW_5535917dda9a5c9f4769112b9a676413_HUBERT_IRD.jpg,5535917dda9a5c9f4769112b9a676413,MRW-Masturus-lanceolatus,5535917dda9a5c9f4769112b9a676413,OA,Senne,20100821,BACKUP_IOTA_20250207/DCF Senne (IRD)/OA-100/123_OA_20100821-20100930_HUBERT_CMB_GUEOTEC/OA_20100821-20100930_HUBERT_CMB_GUEOTEC_Photos/05-09-10/lancé 18 (4).jpg
MRW_557ba26f03bf54cdb39b91533690d998_BADIANE_ORTHONGEL.JPG,557ba26f03bf54cdb39b91533690d998,MRW-Masturus-lanceolatus,557ba26f03bf54cdb39b91533690d998,OA,Senne,20140909,BACKUP_IOTA_20250207/OCUP-OB/OA-300/345_OA_20140909-20141013_BADIANE_SAUPIQUET_VIAEUROS/OA_20140909-20141013_BADIANE_SAUPIQUET_VIAEUROS_Photos/PHOTOS/SAM_1329.JPG
MRW_55f5b883c4258cc4db5f009d986c0a2b_ALLANGBA_IRD.JPG,55f5b883c4258cc4db5f009d986c0a2b,MRW-Masturus-lanceolatus,55f5b883c4258cc4db5f009d986c0a2b,OA,Senne,20150815,BACKUP_IOTA_20250207/DCF Senne (IRD)/OA-100/171_OA_20150815_20150925_ALLANGBA_CFTO_CAPBOJADOR/OA_20150815-20150927_ALLANGBA_CFTO_CAP BOJADOR_Photos/5-PHOTOS/Especes/autres poissons/IMG_2928.JPG
MRW_5e35c6c2ba10d884e41c25ca2d8bf9d4_BLE_ORTHONGEL.JPG,5e35c6c2ba10d884e41c25ca2d8bf9d4,MRW-Masturus-lanceolatus,5e35c6c2ba10d884e41c25ca2d8bf9d4,OA,Senne,20140522,BACKUP_IOTA_20250207/OCUP-OB/OA-300/330_OA_20140522-20140710_BLE_CFTO_CAP BOJADOR/OA_20140522-20140710_BLE_CFTO_CAPBOJADOR_Photos/5-PHOTOS/espèces/photo espèce numérotée/N°10_calée 25 (2).JPG
MRW_7107bf46e5dd801790be1a79492e6c7e_WINKLER_IRD.JPG,7107bf46e5dd801790be1a79492e6c7e,MRW-Masturus-lanceolatus,7107bf46e5dd801790be1a79492e6c7e,OA,Senne,20100318,BACKUP_IOTA_20250207/DCF Senne (IRD)/OA-100/118_OA_20100318_20100422_WINKLER_CMB_CAP BOJADOR/OA_20100318_20100422_WINKLER_CMB_CAP BOJADOR_Photo especes-OA-Winkler Joachim-Cap Bojador-100318_100422/10.JPG
MRW_bed065e56733bab27dbee83e3e530732_KAUFFMAN_TAAF.JPG,bed065e56733bab27dbee83e3e530732,MRW-Masturus-lanceolatus,bed065e56733bab27dbee83e3e530732,OI,Senne,20130305,BACKUP_IOTA_20250207/DCF Senne (TAAF)/2013/TAAF2013-1 MANAPANY Kauffmann/OI_20130305-20130424_TAAF_KAUFFMAN_MANAPANY_Photos/MARS/31.03/Calée 16/P3310018.JPG
MRW_c430308ed9a42e3d645ef1372e8c7fc9_ALLANGBA_IRD.JPG,c430308ed9a42e3d645ef1372e8c7fc9,MRW-Masturus-lanceolatus,c430308ed9a42e3d645ef1372e8c7fc9,OA,Senne,20150815,BACKUP_IOTA_20250207/DCF Senne (IRD)/OA-100/171_OA_20150815_20150925_ALLANGBA_CFTO_CAPBOJADOR/OA_20150815-20150927_ALLANGBA_CFTO_CAP BOJADOR_Photos/5-PHOTOS/Especes/autres poissons/IMG_3330.JPG
MRW_c6f67678238de4ea5417dcbc218170c9_ALLANGBA_IRD.JPG,c6f67678238de4ea5417dcbc218170c9,MRW-Masturus-lanceolatus,c6f67678238de4ea5417dcbc218170c9,OA,Senne,20150815,BACKUP_IOTA_20250207/DCF Senne (IRD)/OA-100/171_OA_20150815_20150925_ALLANGBA_CFTO_CAPBOJADOR/OA_20150815-20150927_ALLANGBA_CFTO_CAP BOJADOR_Photos/5-PHOTOS/Especes/autres poissons/IMG_3152.JPG
MRW_c90112a6b67ab93b7f3ec25c602d7ab1_IVIERA_IRD.JPG,c90112a6b67ab93b7f3ec25c602d7ab1,MRW-Masturus-lanceolatus,c90112a6b67ab93b7f3ec25c602d7ab1,OI,Senne,20051028,BACKUP_IOTA_20250207/DCF Senne (IRD)/OI-200/200_OI_20051028-20051207_VIERA_CMB_TORRE GIULIA/OI_051028-060118_Viera_CMB_TorreGiulia+MenCren_Photos/PB180119.JPG
MRW_dce9384c3b5a1936199ecd9b6c997f57_KAUFFMAN_TAAF.JPG,dce9384c3b5a1936199ecd9b6c997f57,MRW-Masturus-lanceolatus,dce9384c3b5a1936199ecd9b6c997f57,OI,Senne,20130305,BACKUP_IOTA_20250207/DCF Senne (TAAF)/2013/TAAF2013-1 MANAPANY Kauffmann/OI_20130305-20130424_TAAF_KAUFFMAN_MANAPANY_Photos/MARS/31.03/Calée 16/Q41.JPG
MRW_dfb07656e5eb8316190055f91e88f0ca_KRAMO_ORTHONGEL.JPG,dfb07656e5eb8316190055f91e88f0ca,MRW-Masturus-lanceolatus,dfb07656e5eb8316190055f91e88f0ca,OA,Senne,20190919,BACKUP_IOTA_20250207/OCUP-OB/OA-300/609b_OA_20190919-20191007_KRAMO_CFTO_STERENN/OA_20190919-20191007_KRAMO_CFTO_STERENN_Photos/SAM_1895.JPG
MRW_e15388d484d942014a61412113bf78c0_RICHARD_TAAF.JPG,e15388d484d942014a61412113bf78c0,MRW-Masturus-lanceolatus,e15388d484d942014a61412113bf78c0,OI,Senne,20110428,BACKUP_IOTA_20250207/DCF Senne (TAAF)/2011/TAAF11-4_OI_20110428-20110529_SAP_FRANCHE TERRE_Richard/OI_20110428-20110529_SAP_TAAF11_FRANCHE TERRE_Richard_Photos/Poissons/150511FT3.jpg.JPG
MRW_e88466c51a46d3c96c0c62f81a3e052c_SIMON_IRD.JPG,e88466c51a46d3c96c0c62f81a3e052c,MRW-Masturus-lanceolatus,e88466c51a46d3c96c0c62f81a3e052c,OI,Senne,20111204,BACKUP_IOTA_20250207/DCF Senne (IRD)/OI-200/246_OI_20111204-20111222_SIMON_SAP_BERNICA/OI_20111204-20111222_Simon_SAP_BERNICA_Photos/Photos poissons M1/22.JPG
MRW_ed936a2ad8475d8c8e87d441792e0b29_RANDRIAMIHAJA_ORTHONGEL.JPG,ed936a2ad8475d8c8e87d441792e0b29,MRW-Masturus-lanceolatus,ed936a2ad8475d8c8e87d441792e0b29,OI,Senne,20181006,BACKUP_IOTA_20250207/OCUP-OB/OI-700/863c_OI_20181006-20181027_RANDRIAMIHAJA_SAP_FRANCHE TERRE/OI_20181006-20181027_RANDRIAMIHAJA_SAP_FRANCHE TERRE_Photos/DSCF0209.JPG
MSD_373c850b05f0dedef4db4e0ff9be2717_TORRES_IRD.jpg,373c850b05f0dedef4db4e0ff9be2717,MSD-Decapterus-macarellus,373c850b05f0dedef4db4e0ff9be2717,OI,Senne,20090403,BACKUP_IOTA_20250207/DCF Senne (IRD)/OI-200/238_OI_20090403-20090508_TORRES_CMB_CAP ST VINCENT/OI_20090403_20090508_Torres_CMB_CAP ST VINCENT_Photos/01.05.09/photos/1/Photo 082.jpg
MSD_37e06b5a56b2cb882f53d19d96864370_LAJOURNADE_IRD.jpg,37e06b5a56b2cb882f53d19d96864370,MSD-Decapterus-macarellus,37e06b5a56b2cb882f53d19d96864370,OI,Senne,20081018,BACKUP_IOTA_20250207/DCF Senne (IRD)/OI-200/233_OI_20081018-20081201_LAJOURNARDE_CMB_ AVEL VAD/OI_20081018_20081201_LAJOURNADE_CMB_ AVEL VAD_Photos/Photos calee 6/6-09.jpg
MSD_45dff675550cbca0ec8cea5b1d41e22f_DERRIDJ_IRD.jpg,45dff675550cbca0ec8cea5b1d41e22f,MSD-Decapterus-macarellus,45dff675550cbca0ec8cea5b1d41e22f,OA,Senne,20090705,BACKUP_IOTA_20250207/DCF Senne (IRD)/OA-100/112_OA_20090705_20090821_DERRIDJ_CMB_MEN GOE/OA_20090705_20090821_Derridj_CMB_MEN GOE_Photos/PHOTO 14 CLM Decapterus macarellus.jpg
MSD_4e0602c9f668541e04e14ac227a62987_RADEGONDE_ORTHONGEL.JPG,4e0602c9f668541e04e14ac227a62987,MSD-Decapterus-macarellus,4e0602c9f668541e04e14ac227a62987,OI,Senne,20180914,BACKUP_IOTA_20250207/OCUP-OB/OI-700/874a_OI_20180914-20181008_RADEGONDE_SAP_BELOUVE/OI_20180914-20181008_RADEGONDE_SAP_BELOUVE_Photos/DSCF0871.JPG
MSD_4e95c387d9088ec7dd1248990787adb6_BOUTIGNY_TAAF.JPG,4e95c387d9088ec7dd1248990787adb6,MSD-Decapterus-macarellus,4e95c387d9088ec7dd1248990787adb6,OI,Senne,20160430,BACKUP_IOTA_20250207/DCF Senne (TAAF)/2016/16-2_OI_20160430-20160703_BOUTIGNY_SAPMER_BERNICA/OI_20160430-20160703_BOUTIGNY_SAPMER_BERNICA_Photos/P6300064.JPG
MSD_501f58edde77bd8675384a5d83c85bce_HUVIER_TAAF.JPG,501f58edde77bd8675384a5d83c85bce,MSD-Decapterus-macarellus,501f58edde77bd8675384a5d83c85bce,OI,Senne,20140412,BACKUP_IOTA_20250207/DCF Senne (TAAF)/2014/TAAF_14-5_OI_20140412-20140617_HUVIER_MANAPANY/TAAF_OI_20140412-20140617_14-5 HUVIER_MANAPANY_OBSPEC_Photos/Faune ichtyologique/Comète maquereau (Decapterus macarellus; MSD)/P1020836.JPG
MSD_6243e5787fa639ccf4b28d7fb6714a43_BAIDAI_ORTHONGEL.JPG,6243e5787fa639ccf4b28d7fb6714a43,MSD-Decapterus-macarellus,6243e5787fa639ccf4b28d7fb6714a43,OI,Senne,20141010,BACKUP_IOTA_20250207/OCUP-OB/OI-700/711_OI_20141010-20141108_BAIDAI_SAPMER_BELLE ISLE/OI_20141010-20141108_BAIDAI_SAPMER_BELLE ISLE_Photos/PHOTOS/Especes/IMG_2052.JPG
MSD_6fe09fe730066e9aa1eec27c964f85d0_BOURASSEAU_TAAF.JPG,6fe09fe730066e9aa1eec27c964f85d0,MSD-Decapterus-macarellus,6fe09fe730066e9aa1eec27c964f85d0,OI,Senne,20150310,BACKUP_IOTA_20250207/DCF Senne (TAAF)/2015/15-1_Bourasseau_BERNICA/OI_20150310-20150425_BOURASSEAU_BERNICA_Photos/Calée 37/P1030812.JPG
MSD_8525c2d06a90d7fba18e01f883205497_TOUSSAINT_TAAF.JPG,8525c2d06a90d7fba18e01f883205497,MSD-Decapterus-macarellus,8525c2d06a90d7fba18e01f883205497,OI,Senne,20170228,BACKUP_IOTA_20250207/DCF Senne (TAAF)/2017/17-4a_OI_20170228-20170330_TOUSSAINT_SAPMER_MANAPANY_IRD/OI_20170228-20170330_TOUSSAINT_SAPMER_MANAPANY_IRD_Photos/MSD.JPG
MSD_87412806f026ae2416e392ec0d6fdbd6_LEBORGNE_IRD.JPG,87412806f026ae2416e392ec0d6fdbd6,MSD-Decapterus-macarellus,87412806f026ae2416e392ec0d6fdbd6,OI,Senne,20140126,BACKUP_IOTA_20250207/DCF Senne (IRD)/OI-200/261_OI_20140126-20140311_LE BORGNE_CFTO_TORREGIULIA/OI_20140126-20140311_LEBORGNE_CFTO_TorreGiulia_Photos/Espèces/2.JPG
MSD_948ec536369ef74996d6d8f96789dabf_COCONI_IRD.JPG,948ec536369ef74996d6d8f96789dabf,MSD-Decapterus-macarellus,948ec536369ef74996d6d8f96789dabf,OI,Senne,20180930,BACKUP_IOTA_20250207/DCF Senne (IRD)/OI-200/297b_OI_20180930-20181105_COCONI_SAP_DOLOMIEU/OI_20180930-20181105_COCONI_SAP_DOLOMIEU_Photos/pêche 15/PA203408.JPG
MSD_98370300ac0c31875e88ce4c5da00c2d_WILLAUME_IRD.JPG,98370300ac0c31875e88ce4c5da00c2d,MSD-Decapterus-macarellus,98370300ac0c31875e88ce4c5da00c2d,OI,Senne,20070723,BACKUP_IOTA_20250207/DCF Senne (IRD)/OI-200/217_OI_20070723-20070903_WILLAUME_CMB_STERENN/OI_20070723-20070903_WILLAUME_CMB_STERENN_Photos/11carangidaechinchard.JPG
MSD_9d4647a5b4a0da072960591b02de5fb0_COCONI_IRD.JPG,9d4647a5b4a0da072960591b02de5fb0,MSD-Decapterus-macarellus,9d4647a5b4a0da072960591b02de5fb0,OI,Senne,20180930,BACKUP_IOTA_20250207/DCF Senne (IRD)/OI-200/297b_OI_20180930-20181105_COCONI_SAP_DOLOMIEU/OI_20180930-20181105_COCONI_SAP_DOLOMIEU_Photos/pêche 15/PA203406.JPG
MSD_ab5438483d961182d6c464abc3f47eef_AIRAUD_ORTHONGEL.JPG,ab5438483d961182d6c464abc3f47eef,MSD-Decapterus-macarellus,ab5438483d961182d6c464abc3f47eef,OI,Senne,20190119,BACKUP_IOTA_20250207/OCUP-OB/OI-700/877a_OI_20190119-20190218_AIRAUD_CFTO_CAPSTVINCENT/OI_20190119-20190218_AIRAUD_CFTO_CAPSTVINCENT_Photos/calÇe 3/3bis.JPG
MSD_aeb77aa686c552242a3a26fb281a4afd_HUVIER_TAAF.JPG,aeb77aa686c552242a3a26fb281a4afd,MSD-Decapterus-macarellus,aeb77aa686c552242a3a26fb281a4afd,OI,Senne,20140412,BACKUP_IOTA_20250207/DCF Senne (TAAF)/2014/TAAF_14-5_OI_20140412-20140617_HUVIER_MANAPANY/TAAF_OI_20140412-20140617_14-5 HUVIER_MANAPANY_OBSPEC_Photos/Faune ichtyologique/Comète maquereau (Decapterus macarellus; MSD)/P1020799.JPG
MSD_b0e8a1e39a4e97589a9f74e21fa6148e_BAIDAI_ORTHONGEL.JPG,b0e8a1e39a4e97589a9f74e21fa6148e,MSD-Decapterus-macarellus,b0e8a1e39a4e97589a9f74e21fa6148e,OI,Senne,20141010,BACKUP_IOTA_20250207/OCUP-OB/OI-700/711_OI_20141010-20141108_BAIDAI_SAPMER_BELLE ISLE/OI_20141010-20141108_BAIDAI_SAPMER_BELLE ISLE_Photos/PHOTOS/Especes/IMG_2053.JPG
MSD_b3dcada37d7cc4d0fe1bda4eafffe581_EKPO_ORTHONGEL.jpg,b3dcada37d7cc4d0fe1bda4eafffe581,MSD-Decapterus-macarellus,b3dcada37d7cc4d0fe1bda4eafffe581,OI,Senne,20200118,BACKUP_IOTA_20250207/OCUP-OB/OI-700/908b_OI_ 20200118-20200224_EKPO_SAPMER_BERNICA/OI_ 20200118-20200224_EKPO_SAPMER_BERNICA_Photos/Autres-Poissons/MSD.jpg
MSD_ba59857a0e492c6786b315fa1c27a82f_AIRAUD_ORTHONGEL.JPG,ba59857a0e492c6786b315fa1c27a82f,MSD-Decapterus-macarellus,ba59857a0e492c6786b315fa1c27a82f,OI,Senne,20190119,BACKUP_IOTA_20250207/OCUP-OB/OI-700/877a_OI_20190119-20190218_AIRAUD_CFTO_CAPSTVINCENT/OI_20190119-20190218_AIRAUD_CFTO_CAPSTVINCENT_Photos/calÇe 3/3ter.JPG
MSD_cc63df458055c7e9ceb6927bae95f1d1_COCONI_TAAF.JPG,cc63df458055c7e9ceb6927bae95f1d1,MSD-Decapterus-macarellus,cc63df458055c7e9ceb6927bae95f1d1,OI,Senne,20180303,BACKUP_IOTA_20250207/DCF Senne (TAAF)/2018/18-1a_OI_20180303_20180329_COCONI_CFTO_GLENAN/OI_20180303_20180329_COCONI_CFTO_GLENAN_Photos/P3190679.JPG
MSD_d7c5a78cde920f55a450129f0bfee50f_SAMSON_ORTHONGEL.JPG,d7c5a78cde920f55a450129f0bfee50f,MSD-Decapterus-macarellus,d7c5a78cde920f55a450129f0bfee50f,OI,Senne,20190811,BACKUP_IOTA_20250207/OCUP-OB/OI-700/910_OI_20190811-20190921_SAMSON_CFTO_TORRE GIULIA/OI_20190811-20190921_SAMSON_CFTO_TORRE GIULIA_Photos/DSCF1233.JPG
MSD_db8feff864994af7f144985b09b87367_LEDANTEC_IRD.JPG,db8feff864994af7f144985b09b87367,MSD-Decapterus-macarellus,db8feff864994af7f144985b09b87367,OI,Senne,20141219,BACKUP_IOTA_20250207/DCF Senne (IRD)/OI-200/266b_OI_20141219-20150119_LE DANTEC_SAPMER_BELOUVE/OI_20141219-20150119_LE DANTEC_SAPMER_BELOUVE_Photos/Images_141117-141215_BELOUVE/Photos poissons rejet/DSCF0806.JPG
MSD_e3b6490eb3ae7aee6c74f1d9a8c7990b_QUEMIN_TAAF.JPG,e3b6490eb3ae7aee6c74f1d9a8c7990b,MSD-Decapterus-macarellus,e3b6490eb3ae7aee6c74f1d9a8c7990b,OI,Senne,20150330,BACKUP_IOTA_20250207/DCF Senne (TAAF)/2015/15-2a&b_Quemin_FRANCHETERRE/Copie CD/OI_20150330-20150520_QUEMIN_SAPMER_FRANCHETERRE_v2_IRD-Armement_Photos/Espèces/Comète maquereau.JPG
MSD_e59d82062f97f60564c71ebb6a457fe1_PERNAK_IRD.JPG,e59d82062f97f60564c71ebb6a457fe1,MSD-Decapterus-macarellus,e59d82062f97f60564c71ebb6a457fe1,OI,Senne,20141025,BACKUP_IOTA_20250207/DCF Senne (IRD)/OI-200/265a_OI_20141025-20141124_PERNAK_SAPMER_FRANCHE TERRE/OI_20141025-20141124_PERNAK_SAPMER_FRANCHE TERRE_ Photos/PHOTOS/espèces pêchées/MSD.JPG
MSD_f977d0ffac8d13a429f7ef24b82b81e5_KSSONOU_ORTHONGEL.JPG,f977d0ffac8d13a429f7ef24b82b81e5,MSD-Decapterus-macarellus,f977d0ffac8d13a429f7ef24b82b81e5,OI,Senne,20170318,BACKUP_IOTA_20250207/OCUP-OB/OI-700/799a_OI_20170318-20170408_KOSSONOU_CFTO_CAPSAINTVINCENT/OI_20170318-20170408_KOSSONOU_CFTO_CAPSAINTVINCENT_Photos/5-PHOTOS/SAM_1012.JPG
NAU_0b448984f6f5840c9ec2134bdaa873df_TOUSSAINT_TAAF.JPG,0b448984f6f5840c9ec2134bdaa873df,NAU-Naucrates-ductor,0b448984f6f5840c9ec2134bdaa873df,OI,Senne,20170228,BACKUP_IOTA_20250207/DCF Senne (TAAF)/2017/17-4a_OI_20170228-20170330_TOUSSAINT_SAPMER_MANAPANY_IRD/OI_20170228-20170330_TOUSSAINT_SAPMER_MANAPANY_IRD_Photos/NAU.JPG
NAU_3525821cf631bafa74a91034c5e6dfcb_ALLANGBA_IRD.JPG,3525821cf631bafa74a91034c5e6dfcb,NAU-Naucrates-ductor,3525821cf631bafa74a91034c5e6dfcb,OA,Senne,20150815,BACKUP_IOTA_20250207/DCF Senne (IRD)/OA-100/171_OA_20150815_20150925_ALLANGBA_CFTO_CAPBOJADOR/OA_20150815-20150927_ALLANGBA_CFTO_CAP BOJADOR_Photos/5-PHOTOS/Especes/autres poissons/IMG_3183.JPG
NAU_4e3ba77157fb661ce923a7bd68fd2828_KONAN_ORTHONGEL.JPG,4e3ba77157fb661ce923a7bd68fd2828,NAU-Naucrates-ductor,4e3ba77157fb661ce923a7bd68fd2828,OA,Senne,20140727,BACKUP_IOTA_20250207/OCUP-OB/OA-300/340_OA_20140727-20140909_KONAN_SAUPIQUET_VIA HARMATTAN/OA_20140727_20140909_KONAN_SAUPIQUET_VIAHARMATTAN_Photos/PHOTOS/DSC01014.JPG
NAU_54c4db20f1d73f57f1a7c728226753a5_COCONI_IRD.JPG,54c4db20f1d73f57f1a7c728226753a5,NAU-Naucrates-ductor,54c4db20f1d73f57f1a7c728226753a5,OI,Senne,20180901,BACKUP_IOTA_20250207/DCF Senne (IRD)/OI-200/297a_OI_20180901-20180927_COCONI_SAP_DOLOMIEU/OI_20180901-20180927_COCONI_SAP_DOLOMIEU_Photos/pêche 5/P9082792.JPG
NAU_5f59af675f48a6c5c6e0c481c6935a9b_COCONI_IRD.JPG,5f59af675f48a6c5c6e0c481c6935a9b,NAU-Naucrates-ductor,5f59af675f48a6c5c6e0c481c6935a9b,OI,Senne,20180901,BACKUP_IOTA_20250207/DCF Senne (IRD)/OI-200/297a_OI_20180901-20180927_COCONI_SAP_DOLOMIEU/OI_20180901-20180927_COCONI_SAP_DOLOMIEU_Photos/pêche 5/P9082781.JPG
NAU_621ece44fa3c68695dfd42043ee77485_EKPO_ORHTONGEL.jpg,621ece44fa3c68695dfd42043ee77485,NAU-Naucrates-ductor,621ece44fa3c68695dfd42043ee77485,OI,Senne,20200118,BACKUP_IOTA_20250207/OCUP-OB/OI-700/908b_OI_ 20200118-20200224_EKPO_SAPMER_BERNICA/OI_ 20200118-20200224_EKPO_SAPMER_BERNICA_Photos/Autres-Poissons/NAU.jpg
NAU_66505009506e948f5b8cac1e0cada5e6_MONSET_IRD.jpg,66505009506e948f5b8cac1e0cada5e6,NAU-Naucrates-ductor,66505009506e948f5b8cac1e0cada5e6,OA,Senne,20100624,BACKUP_IOTA_20250207/DCF Senne (IRD)/OA-100/121_OA_20100624-20100807_MONSET_CMB_CAP BOJADOR/OA_20100624-20100807_MONSET_CMB_CAP BOJADOR_Photos/23.jpg
NAU_883c11ea9963109d2ef020cefb698d4c_GOUE_ORTHONGEL.JPG,883c11ea9963109d2ef020cefb698d4c,NAU-Naucrates-ductor,883c11ea9963109d2ef020cefb698d4c,OA,Senne,20140530,BACKUP_IOTA_20250207/OCUP-OB/OA-300/332_OA_20140530-20140715_GOUE_CFTO_STERENN/OA_20140530_20140715_GOUE_CFTO_STERENN_Photos/5-PHOTOS/SAM_0143.JPG
NAU_95eec4e22ee718f3e159402e3e0aa0f6_ADINGRA_IRD.JPG,95eec4e22ee718f3e159402e3e0aa0f6,NAU-Naucrates-ductor,95eec4e22ee718f3e159402e3e0aa0f6,OA,Senne,20180222,BACKUP_IOTA_20250207/DCF Senne (IRD)/OA-100/188_OA_20180222-20180415_ADINGRA_CFTO_GUERIDEN/OA_20180222-20180415_ADINGRA_CFTO_GUERIDEN_Photos/2.JPG
NAU_96eed5c3ace19db42299645b48726f92_LEDANTEC_IRD.JPG,96eed5c3ace19db42299645b48726f92,NAU-Naucrates-ductor,96eed5c3ace19db42299645b48726f92,OI,Senne,20140716,BACKUP_IOTA_20250207/DCF Senne (IRD)/OI-200/262b_OI_20140716-20140818_LE DANTEC_SAP_DOLOMIEU/OI_20140716-20140818_LE DANTEC_SAPMER_DOLOMIEU_Photos/Photos poissons rejet/18_NAU.JPG
NAU_9e43c315ab1b06b12b264542564fb553_SPADONI_IRD.JPG,9e43c315ab1b06b12b264542564fb553,NAU-Naucrates-ductor,9e43c315ab1b06b12b264542564fb553,OI,Senne,20190921,BACKUP_IOTA_20250207/DCF Senne (IRD)/OI-200/1209b_OI_20190921-20191027_SPADONI_SAP_MANAPANY/OI_20190921-20191027_SPADONI_SAP_MANAPANY_Photos/NAU_081019_04.JPG
NAU_c9010ddc1b6dd14f52e12d160722fd33_GUILLON_TAAF.JPG,c9010ddc1b6dd14f52e12d160722fd33,NAU-Naucrates-ductor,c9010ddc1b6dd14f52e12d160722fd33,OI,Senne,20160507,BACKUP_IOTA_20250207/DCF Senne (TAAF)/2016/16-4_OI_20160507-20160712_GUILLON_SAPMER_FRANCHETERRE/OI_20160507-20160712_GUILLON_SAPMER_FRANCHETERRE_Photos/Espèces accessoires/NAU.JPG
NAU_cc0ecc0f417c20037b82baf44e1a2ccf_COULIBALY_ORTHONGEL.jpg,cc0ecc0f417c20037b82baf44e1a2ccf,NAU-Naucrates-ductor,cc0ecc0f417c20037b82baf44e1a2ccf,OA,Senne,20140704,BACKUP_IOTA_20250207/OCUP-OB/OA-300/335_OA_20140704-20140819_COULIBALY_SAUPIQUET_VIA MISTRAL/OA_20140704-20140819_COULIBALY_SAUPIQUET_VIAMISTRAL_Photos/PHOTOS/IMG_0824.jpg
NAU_d9cc6df829f767bccc65868be7332ded_WILLAUME_IRD.JPG,d9cc6df829f767bccc65868be7332ded,NAU-Naucrates-ductor,d9cc6df829f767bccc65868be7332ded,OI,Senne,20070723,BACKUP_IOTA_20250207/DCF Senne (IRD)/OI-200/217_OI_20070723-20070903_WILLAUME_CMB_STERENN/OI_20070723-20070903_WILLAUME_CMB_STERENN_Photos/16Poissonpilote.JPG
NAU_ec0cce3900f0fb0d714795aafdfc35b6_COCONI_IRD.JPG,ec0cce3900f0fb0d714795aafdfc35b6,NAU-Naucrates-ductor,ec0cce3900f0fb0d714795aafdfc35b6,OI,Senne,20180901,BACKUP_IOTA_20250207/DCF Senne (IRD)/OI-200/297a_OI_20180901-20180927_COCONI_SAP_DOLOMIEU/OI_20180901-20180927_COCONI_SAP_DOLOMIEU_Photos/pêche 5/P9082789.JPG
NAU_ff505fa8c4314431d8e76a93471ef24a_VEGA_IRD.JPG,ff505fa8c4314431d8e76a93471ef24a,NAU-Naucrates-ductor,ff505fa8c4314431d8e76a93471ef24a,OI,Senne,20180922,BACKUP_IOTA_20250207/DCF Senne (IRD)/OI-200/296a_OI_20180922-20181023_VEGA_CFTO_TREVIGNON/OI_20180922-20181023_VEGA_CFTO_TREVIGNON_Photos/DSCF0654.JPG
NBH_2daf82a5f0ab64c3697bdccc717cf350_LAURET_TAAF.jpg,2daf82a5f0ab64c3697bdccc717cf350,NBH-Naso-annulatus,2daf82a5f0ab64c3697bdccc717cf350,OI,Senne,20110402,BACKUP_IOTA_20250207/DCF Senne (TAAF)/2011/TAAF11-2_OI_20110402-20110430_SAP_BERNICA_Lauret/OI_20110402-20110430_SAP_TAAF11-2_BERNICA_Photos/Poissons/SNC00107.jpg
NBH_8ab6e62046bb916255a771ae1ee3bb70_HUILLIER_TAAF.JPG,8ab6e62046bb916255a771ae1ee3bb70,NBH-Naso-annulatus,8ab6e62046bb916255a771ae1ee3bb70,OI,Senne,20130408,BACKUP_IOTA_20250207/DCF Senne (TAAF)/2013/TAAF2013-4 BERNICA Huillier/OI_20130408-20130507_TAAF_HUILLIER_BERNICA_Photos/Archive photo/C1.JPG
NBH_b4eb9dadd015b87fe7cf238610fd817b_ALLANGBA_ORTHONGEL.JPG,b4eb9dadd015b87fe7cf238610fd817b,NBH-Naso-annulatus,b4eb9dadd015b87fe7cf238610fd817b,OI,Senne,20151219,BACKUP_IOTA_20250207/OCUP-OB/OI-700/748a_OI_20151219-20160113_ALLANGBA_SAPMER_FRANCHETERRE/OI_20151219-20160113_ALLANGBA_SAPMER_FRANCHETERRE_Photos/PHOTOS/AUTRES POISSONS/SAM_0757.JPG
NBH_cbf4cbd98236f113691465c8748cb93f_MISTOIHI_ORTHONGEL.JPG,cbf4cbd98236f113691465c8748cb93f,NBH-Naso-annulatus,cbf4cbd98236f113691465c8748cb93f,OI,Senne,20161229,BACKUP_IOTA_20250207/OCUP-OB/OI-700/785b_OI_20161229-20170130_MISTOIHI_SAP_BERNICA/OI_20161229-20170130_MISTOIHI_SAP_BERNICA_Photos/DSCF1580.JPG
NGT_184d04d8eaf4c83f4f0ea9b143c9a2cd_TORRES_IRD.jpg,184d04d8eaf4c83f4f0ea9b143c9a2cd,NGT-Carangoides-orthogrammus,184d04d8eaf4c83f4f0ea9b143c9a2cd,OI,Senne,20090525,BACKUP_IOTA_20250207/DCF Senne (IRD)/OI-200/239_OI_20090525-20090628_TORRES_CMB_CAP ST VINCENT/OI_20090525_20090628_Torres_CMB_CAP ST VINCENT_Photos/09.06.23/PHOTOS17/3/Photosp 010.jpg
NGT_329982dd70bf0a2961974634408acf28_SPADONI_IRD.JPG,329982dd70bf0a2961974634408acf28,NGT-Carangoides-orthogrammus,329982dd70bf0a2961974634408acf28,OI,Senne,20190921,BACKUP_IOTA_20250207/DCF Senne (IRD)/OI-200/1209b_OI_20190921-20191027_SPADONI_SAP_MANAPANY/OI_20190921-20191027_SPADONI_SAP_MANAPANY_Photos/NGT_061019_03.JPG
NGT_340c662be08b0716930fcf45c62775fb_VIERA_IRD.JPG,340c662be08b0716930fcf45c62775fb,NGT-Carangoides-orthogrammus,340c662be08b0716930fcf45c62775fb,OI,Senne,20051028,BACKUP_IOTA_20250207/DCF Senne (IRD)/OI-200/200_OI_20051028-20051207_VIERA_CMB_TORRE GIULIA/OI_051028-060118_Viera_CMB_TorreGiulia+MenCren_Photos/P1040129.JPG
NGT_3c4dfa18c9bbde0019f59841f983d2d0_COCONI_IRD.JPG,3c4dfa18c9bbde0019f59841f983d2d0,NGT-Carangoides-orthogrammus,3c4dfa18c9bbde0019f59841f983d2d0,OI,Senne,20180901,BACKUP_IOTA_20250207/DCF Senne (IRD)/OI-200/297a_OI_20180901-20180927_COCONI_SAP_DOLOMIEU/OI_20180901-20180927_COCONI_SAP_DOLOMIEU_Photos/pêche 23/P9252993.JPG
NGT_4b8393aff2d90332e588ead0cfa00caa_COCONI_IRD.JPG,4b8393aff2d90332e588ead0cfa00caa,NGT-Carangoides-orthogrammus,4b8393aff2d90332e588ead0cfa00caa,OI,Senne,20180901,BACKUP_IOTA_20250207/DCF Senne (IRD)/OI-200/297a_OI_20180901-20180927_COCONI_SAP_DOLOMIEU/OI_20180901-20180927_COCONI_SAP_DOLOMIEU_Photos/pêche 23/P9252995.JPG
NGT_67f4ef5b7e4e6b4e5bb33935322e0466_KERVAREC_IRD.JPG,67f4ef5b7e4e6b4e5bb33935322e0466,NGT-Carangoides-orthogrammus,67f4ef5b7e4e6b4e5bb33935322e0466,OI,Senne,20160824,BACKUP_IOTA_20250207/DCF Senne (IRD)/OI-200/280b_OI_20160824-20160927_KERVAREC_SAPMER_DOLOMIEU/OI_20160824-20160927_KERVAREC_SAPMER_DOLOMIEU_Photos/Calée 16/NGT/DSCF1806.JPG
NGT_75ed1f16dfbd99f1612b1867af2003b2_LEMERDY_ORTHONGEL.JPG,75ed1f16dfbd99f1612b1867af2003b2,NGT-Carangoides-orthogrammus,75ed1f16dfbd99f1612b1867af2003b2,OI,Senne,20160917,BACKUP_IOTA_20250207/OCUP-OB/OI-700/770a_OI_20160917-20161010_LE MERDY_SAP_BELLERIVE/OI_20160917-20161018_LE MERDY_SAP_BELLE RIVE_Photos/DSCF2836.JPG
NGT_89b39f745963d5742f2a5561d2467ac0_KERVAREC_IRD.JPG,89b39f745963d5742f2a5561d2467ac0,NGT-Carangoides-orthogrammus,89b39f745963d5742f2a5561d2467ac0,OI,Senne,20160724,BACKUP_IOTA_20250207/DCF Senne (IRD)/OI-200/280a_OI_20160724-20160822_KERVAREC_SAPMER_DOLOMIEU/OI_20160724-20160822_KERVAREC_SAPMER_DOLOMIEU_Photos/calée 8/NGT/DSCF1735.JPG
NGT_8a29e61395ee91c15abdca90da26437c_DERRIDJ_IRD.jpg,8a29e61395ee91c15abdca90da26437c,NGT-Carangoides-orthogrammus,8a29e61395ee91c15abdca90da26437c,OA,Senne,20090705,BACKUP_IOTA_20250207/DCF Senne (IRD)/OA-100/112_OA_20090705_20090821_DERRIDJ_CMB_MEN GOE/OA_20090705_20090821_Derridj_CMB_MEN GOE_Photos/PHOTO 5 CRS Caranx sexfasciatus.jpg
NGT_8fec84059ca19c2944e204b22f3cc7de_RADEGONDE_ORTHONGEL.JPG,8fec84059ca19c2944e204b22f3cc7de,NGT-Carangoides-orthogrammus,8fec84059ca19c2944e204b22f3cc7de,OI,Senne,20191004,BACKUP_IOTA_20250207/OCUP-OB/OI-700/913a_OI_20191004-20191030_RADEGONDE_SAP_BELLEISLE/OI_20191004-20191030_RADEGONDE_SAP_BELLEISLE_Photos/DSCF1127.JPG
NGT_a79c3ae4e1ecbcf8dc2dc20cff1dd63c_PERNACK_TAAF.jpg,a79c3ae4e1ecbcf8dc2dc20cff1dd63c,NGT-Carangoides-orthogrammus,a79c3ae4e1ecbcf8dc2dc20cff1dd63c,OI,Senne,20180912,BACKUP_IOTA_20250207/DCF Senne (TAAF)/2018/18-2b_OI_20180912-20181018_PERNAK_SAPMER_BERNICA/OI_20180912-20181018_PERNAK_SAPMER_BERNICA_Photos/NGT.jpg
NGT_a92337fa88ab4aed0307ccf9e5a49a5f_VARENNE_ORTHONGEL.JPG,a92337fa88ab4aed0307ccf9e5a49a5f,NGT-Carangoides-orthogrammus,a92337fa88ab4aed0307ccf9e5a49a5f,OI,Senne,20131101,BACKUP_IOTA_20250207/OCUP-OB/OI-700/701a_OI_20131101-20131208_VARENNE_SAP_FRANCHE TERRE/OI_20131101-20131208_Varenne_SAP_FRANCHE TERRE_Photos/Toutes photosOI_Varenne_Franche-Terre_131108-131208/16 (1).JPG
NGT_b08e0d9ce208b736507bda8f1224e6ac_COCONI_IRD.JPG,b08e0d9ce208b736507bda8f1224e6ac,NGT-Carangoides-orthogrammus,b08e0d9ce208b736507bda8f1224e6ac,OI,Senne,20190127,BACKUP_IOTA_20250207/DCF Senne (IRD)/OI-200/1201a_OI_20190127-20190227_COCONI_SAP_MANAPANY/OI_20190127-20190227_COCONI_SAP_MANAPANY_Photos/17_02_19/P2180293.JPG
NGT_c11618fed78dac071573da2bd94052b4_COCONI_IRD.JPG,c11618fed78dac071573da2bd94052b4,NGT-Carangoides-orthogrammus,c11618fed78dac071573da2bd94052b4,OI,Senne,20190127,BACKUP_IOTA_20250207/DCF Senne (IRD)/OI-200/1201a_OI_20190127-20190227_COCONI_SAP_MANAPANY/OI_20190127-20190227_COCONI_SAP_MANAPANY_Photos/17_02_19/P2180292.JPG
NGT_c24f1c2cc3d9a8b3ae3a41a0731da701_COCONI_ORTHONGEL.JPG,c24f1c2cc3d9a8b3ae3a41a0731da701,NGT-Carangoides-orthogrammus,c24f1c2cc3d9a8b3ae3a41a0731da701,OI,Senne,20150801,BACKUP_IOTA_20250207/OCUP-OB/OI-700/734a_OI_20150801-20150821_MISTOIHI_SAP_FRANCHE TERRE/OI_20150801-20150821_MISTOIHI_SAP_FRANCHE TERRE_Photos/DSCF0271.JPG
NGT_f2513314bd379c1808f0e9718731851f_GUILLON_TAAF.JPG,f2513314bd379c1808f0e9718731851f,NGT-Carangoides-orthogrammus,f2513314bd379c1808f0e9718731851f,OI,Senne,20160507,BACKUP_IOTA_20250207/DCF Senne (TAAF)/2016/16-4_OI_20160507-20160712_GUILLON_SAPMER_FRANCHETERRE/OI_20160507-20160712_GUILLON_SAPMER_FRANCHETERRE_Photos/Espèces accessoires/CGX indéterminée.JPG
NHR_095882e2a2ec1822baec1a1bc2d20612_CAUQUIL_IRD.JPG,095882e2a2ec1822baec1a1bc2d20612,NHR-Canthidermis-macrolepis,095882e2a2ec1822baec1a1bc2d20612,OI,Senne,20120705,BACKUP_IOTA_20250207/DCF Senne (IRD)/OI-200/251_OI_20120705_20120808_CAUQUIL_CFTO_TORRE GIULIA/OI_20120705_20120808_CAUQUIL_CFTO_TORRE GIULIA_Photos/IMG_4361.JPG
NHR_1a1823bdf40ca4c75c5fd16b3cad4fb9_BUR_IRD.JPG,1a1823bdf40ca4c75c5fd16b3cad4fb9,NHR-Canthidermis-macrolepis,1a1823bdf40ca4c75c5fd16b3cad4fb9,OI,Senne,20140621,"BACKUP_IOTA_20250207/DCF Senne (IRD)/OI-200/263a_OI_20140621-20140716_BUR_SAP_MANAPANY/OI_20140621-20140716_BUR_SAPMER_MANAPANY_Photos/Photos classées par thème (especes, manoeuvres...)/Espèces rencontrées/08 CNT baliste ou caoutchouc/SDC13230.JPG"
NHR_26a0972767194086d6ed72c4df5d2717_EKPO_ORTHONGEL.jpg,26a0972767194086d6ed72c4df5d2717,NHR-Canthidermis-macrolepis,26a0972767194086d6ed72c4df5d2717,OI,Senne,20200118,BACKUP_IOTA_20250207/OCUP-OB/OI-700/908b_OI_ 20200118-20200224_EKPO_SAPMER_BERNICA/OI_ 20200118-20200224_EKPO_SAPMER_BERNICA_Photos/Autres-Poissons/CNT.jpg
NHR_45ce515d3680754896435cf48ed76ae8_LEBORGNE_IRD.JPG,45ce515d3680754896435cf48ed76ae8,NHR-Canthidermis-macrolepis,45ce515d3680754896435cf48ed76ae8,OI,Senne,20140126,BACKUP_IOTA_20250207/DCF Senne (IRD)/OI-200/261_OI_20140126-20140311_LE BORGNE_CFTO_TORREGIULIA/OI_20140126-20140311_LEBORGNE_CFTO_TorreGiulia_Photos/Espèces/6.JPG
NHR_49e4e1a4049fb826f5f94995f27c9e05_MOUSSY_IRD.JPG,49e4e1a4049fb826f5f94995f27c9e05,NHR-Canthidermis-macrolepis,49e4e1a4049fb826f5f94995f27c9e05,OI,Senne,20190913,BACKUP_IOTA_20250207/DCF Senne (IRD)/OI-200/1207b_OI_20190913-20191016_MOUSSY_SAP_FRANCHE TERRE/OI_20190913-20191016_MOUSSY_SAP_FRANCHE TERRE_Photos/Marée 2/Formulaire B2/P9151514.JPG
NHR_6554fde00da56d9f901bf2fdc0d64067_MOUSSY_IRD.JPG,6554fde00da56d9f901bf2fdc0d64067,NHR-Canthidermis-macrolepis,6554fde00da56d9f901bf2fdc0d64067,OI,Senne,20190816,BACKUP_IOTA_20250207/DCF Senne (IRD)/OI-200/1207a_OI_20190816-20190908_MOUSSY_SAP_FRANCHE TERRE/OI_20190816-20190908_MOUSSY_SAP_FRANCHE TERRE_Photos/Marée 1/Formulaire B22/P9031509.JPG
NHR_db1b8153ce1cd7321cfc63c3d0348794_RAKOTONIRINA_ORTHONGEL.JPG,db1b8153ce1cd7321cfc63c3d0348794,NHR-Canthidermis-macrolepis,db1b8153ce1cd7321cfc63c3d0348794,OI,Senne,20190725,BACKUP_IOTA_20250207/OCUP-OB/OI-700/891c_OI_20190725-20190818_RAKOTONIRINA_SAP_MANAPANY/OI_20190725-20190818_RAKOTONIRINA_SAP_MANAPANY_Photos/Calée 9/DSCF3995.JPG
NHR_e1ee0784d117bbff681fc111071353b0_BAIDAI_ORTHONGEL.JPG,e1ee0784d117bbff681fc111071353b0,NHR-Canthidermis-macrolepis,e1ee0784d117bbff681fc111071353b0,OI,Senne,20141010,BACKUP_IOTA_20250207/OCUP-OB/OI-700/711_OI_20141010-20141108_BAIDAI_SAPMER_BELLE ISLE/OI_20141010-20141108_BAIDAI_SAPMER_BELLE ISLE_Photos/PHOTOS/Especes/IMG_2112.JPG
NHR_ed558d0af30e5e40b347b2d1db397ff8_LEDANTEC_IRD.JPG,ed558d0af30e5e40b347b2d1db397ff8,NHR-Canthidermis-macrolepis,ed558d0af30e5e40b347b2d1db397ff8,OI,Senne,20140716,BACKUP_IOTA_20250207/DCF Senne (IRD)/OI-200/262b_OI_20140716-20140818_LE DANTEC_SAP_DOLOMIEU/OI_20140716-20140818_LE DANTEC_SAPMER_DOLOMIEU_Photos/Photos poissons rejet/1_CNT2.JPG
NHR_f3351be8baf5ccccb726225b3bac3ad8_JOGUET_ORTHONGEL.JPG,f3351be8baf5ccccb726225b3bac3ad8,NHR-Canthidermis-macrolepis,f3351be8baf5ccccb726225b3bac3ad8,OI,Senne,20150116,BACKUP_IOTA_20250207/OCUP-OB/OI-700/722a_OI_20150116-20150212_JOGUET_SAPMER_MANAPANY/OI_20150116-20150212_JOGUET_SAPMER_MANAPANY_Photos/espèces/ESP ACCESS/IMG_1131.JPG
NXI_4c84237959e722ac7ebd9086a9dc3645_VEGA_IRD.JPG,4c84237959e722ac7ebd9086a9dc3645,NXI-Caranx-ignobilis,4c84237959e722ac7ebd9086a9dc3645,OI,Senne,20191011,BACKUP_IOTA_20250207/DCF Senne (IRD)/OI-200/1210a_OI_20191011-20191106_VEGA_SAP_BERNICA/OI_20191011-20191106_VEGA_SAP_BERNICA_Photos/DSCF1547.JPG
NXI_63788accac0790f41db02ebd94559bcb_VEGA_IRD.JPG,63788accac0790f41db02ebd94559bcb,NXI-Caranx-ignobilis,63788accac0790f41db02ebd94559bcb,OI,Senne,20191011,BACKUP_IOTA_20250207/DCF Senne (IRD)/OI-200/1210a_OI_20191011-20191106_VEGA_SAP_BERNICA/OI_20191011-20191106_VEGA_SAP_BERNICA_Photos/DSCF1544.JPG
NXI_e97550b235cdf85a782f82a6f6689a2c_ABDOUREMANE_ORTHONGEL.JPG,e97550b235cdf85a782f82a6f6689a2c,NXI-Caranx-ignobilis,e97550b235cdf85a782f82a6f6689a2c,OI,Senne,20200328,BACKUP_IOTA_20250207/OCUP-OB/OI-700/920b_OI_20200328-20200503_ABDOUREMANE_CFTO_TORRE ITALIA/OI_20200328-20200503_ABDOUREMANE_CFTO_TORRE ITALIA_Photos/NXI.JPG
NXU_6d159655e646f4fc18bcb827610629c9_DAO_ORTHONGEL.JPG,6d159655e646f4fc18bcb827610629c9,NXU-Caranx-lugubris,6d159655e646f4fc18bcb827610629c9,OA,Senne,20140222,BACKUP_IOTA_20250207/OCUP-OB/OA-300/319b_OA_20140222-20140401_DAO_SAUPIQUET_VIA EUROS/OA_20140222_20140401_DAO_SAUPIQUET_VIAEUROS_Photos/photos poissons/IMG_1024.JPG
NXU_7d33ef73c1964fa8316e37b86c004a6f_NGEMA_ORTHONGEL.JPG,7d33ef73c1964fa8316e37b86c004a6f,NXU-Caranx-lugubris,7d33ef73c1964fa8316e37b86c004a6f,OA,Senne,20180713,BACKUP_IOTA_20250207/OCUP-OB/OA-300/565_OA_20180713-20180903_NGUEMA_CFTO_GUEOTEC/OA_20180713-20180903_NGUEMA_CFTO_GUEOTEC_Photos/DSCF7627.JPG
OCS_0264138cabd71987d2580a813f332709_RAKOTOMIRAHO_ORTHONGEL.JPG,0264138cabd71987d2580a813f332709,OCS-Carcharhinus-longimanus,0264138cabd71987d2580a813f332709,OI,Senne,20180911,BACKUP_IOTA_20250207/OCUP-OB/OI-700/862b_OI_20180911-20181008_RAKOTOMIRAHO_SAP_MANAPANY/OI_20180911-20181008_RAKOTOMIRAHO_SAP_MANAPANY_Photos/Vue laterale Requin oceanique.JPG
OCS_0c23bc63ee26d978118034e267182a14_COCONI_IRD.JPG,0c23bc63ee26d978118034e267182a14,OCS-Carcharhinus-longimanus,0c23bc63ee26d978118034e267182a14,OI,Senne,20190127,BACKUP_IOTA_20250207/DCF Senne (IRD)/OI-200/1201a_OI_20190127-20190227_COCONI_SAP_MANAPANY/OI_20190127-20190227_COCONI_SAP_MANAPANY_Photos/16_02_19/pêche 2/P2160272.JPG
OCS_13d875b4a10b795e29c6e1e014d45cc2_COCONI_IRD.JPG,13d875b4a10b795e29c6e1e014d45cc2,OCS-Carcharhinus-longimanus,13d875b4a10b795e29c6e1e014d45cc2,OI,Senne,20190127,BACKUP_IOTA_20250207/DCF Senne (IRD)/OI-200/1201a_OI_20190127-20190227_COCONI_SAP_MANAPANY/OI_20190127-20190227_COCONI_SAP_MANAPANY_Photos/16_02_19/pêche 2/P2160273.JPG
OCS_1ede12f9dc16bf88777a70463e0acc29_LEDANTEC_IRD.JPG,1ede12f9dc16bf88777a70463e0acc29,OCS-Carcharhinus-longimanus,1ede12f9dc16bf88777a70463e0acc29,OI,Senne,20140716,BACKUP_IOTA_20250207/DCF Senne (IRD)/OI-200/262b_OI_20140716-20140818_LE DANTEC_SAP_DOLOMIEU/OI_20140716-20140818_LE DANTEC_SAPMER_DOLOMIEU_Photos/Photos poissons rejet/10_OCS.JPG
OCS_208a7342ace05ba4fcf48bddc2da0ca2_RAKOTOMIRAHO_ORTHONGEL.JPG,208a7342ace05ba4fcf48bddc2da0ca2,OCS-Carcharhinus-longimanus,208a7342ace05ba4fcf48bddc2da0ca2,OI,Senne,20180911,BACKUP_IOTA_20250207/OCUP-OB/OI-700/862b_OI_20180911-20181008_RAKOTOMIRAHO_SAP_MANAPANY/OI_20180911-20181008_RAKOTOMIRAHO_SAP_MANAPANY_Photos/OCS mesure.JPG
OCS_2c6f6fdc44a53a287f8e73e9865350f1_LEDANTEC_IRD.JPG,2c6f6fdc44a53a287f8e73e9865350f1,OCS-Carcharhinus-longimanus,2c6f6fdc44a53a287f8e73e9865350f1,OI,Senne,20140716,BACKUP_IOTA_20250207/DCF Senne (IRD)/OI-200/262b_OI_20140716-20140818_LE DANTEC_SAP_DOLOMIEU/OI_20140716-20140818_LE DANTEC_SAPMER_DOLOMIEU_Photos/Photos poissons rejet/10_OCS5.JPG
OCS_48fc3b85b476faeb9da6ca0b383c6a46_GUILLON_TAAF.JPG,48fc3b85b476faeb9da6ca0b383c6a46,OCS-Carcharhinus-longimanus,48fc3b85b476faeb9da6ca0b383c6a46,OI,Senne,20160507,BACKUP_IOTA_20250207/DCF Senne (TAAF)/2016/16-4_OI_20160507-20160712_GUILLON_SAPMER_FRANCHETERRE/OI_20160507-20160712_GUILLON_SAPMER_FRANCHETERRE_Photos/Captures accidentelles/OCS 1.JPG
OCS_4ed4583b457638fc534080d54c021869_COCONI_IRD.JPG,4ed4583b457638fc534080d54c021869,OCS-Carcharhinus-longimanus,4ed4583b457638fc534080d54c021869,OI,Senne,20190127,BACKUP_IOTA_20250207/DCF Senne (IRD)/OI-200/1201a_OI_20190127-20190227_COCONI_SAP_MANAPANY/OI_20190127-20190227_COCONI_SAP_MANAPANY_Photos/19_02_19/pêche 1/P2190337.JPG
OCS_65741ac25d5f8d2596dd1a703ba36852_LABROSSE_IRD.JPG,65741ac25d5f8d2596dd1a703ba36852,OCS-Carcharhinus-longimanus,65741ac25d5f8d2596dd1a703ba36852,OI,Senne,20190423,BACKUP_IOTA_20250207/OCUP-OB/OI-700/885c_OI_20190423-20190512_LABROSSE_SAP_BELLERIVE/OI_20190423-20190512_LABROSSE_SAP_BELLERIVE_Photos/Set39 OCS 08.05.19/DSCF0663.JPG
OCS_67dfb534b3df463ee72e19f240d78336_COCONI_IRD.JPG,67dfb534b3df463ee72e19f240d78336,OCS-Carcharhinus-longimanus,67dfb534b3df463ee72e19f240d78336,OI,Senne,20180901,BACKUP_IOTA_20250207/DCF Senne (IRD)/OI-200/297a_OI_20180901-20180927_COCONI_SAP_DOLOMIEU/OI_20180901-20180927_COCONI_SAP_DOLOMIEU_Photos/pêche 17/P9192906.JPG
OCS_76f9dd7e77cf2f4a4825a6f48f30cf2a_RAKOTOMIRAHO_ORTHONGEL.JPG,76f9dd7e77cf2f4a4825a6f48f30cf2a,OCS-Carcharhinus-longimanus,76f9dd7e77cf2f4a4825a6f48f30cf2a,OI,Senne,20180911,BACKUP_IOTA_20250207/OCUP-OB/OI-700/862b_OI_20180911-20181008_RAKOTOMIRAHO_SAP_MANAPANY/OI_20180911-20181008_RAKOTOMIRAHO_SAP_MANAPANY_Photos/Requin oceanique male.JPG
OCS_77574fe6a53728adad6082d0a6a62ecc_COCONI_IRD.JPG,77574fe6a53728adad6082d0a6a62ecc,OCS-Carcharhinus-longimanus,77574fe6a53728adad6082d0a6a62ecc,OI,Senne,20190127,BACKUP_IOTA_20250207/DCF Senne (IRD)/OI-200/1201a_OI_20190127-20190227_COCONI_SAP_MANAPANY/OI_20190127-20190227_COCONI_SAP_MANAPANY_Photos/16_02_19/pêche 2/P2160276.JPG
OCS_83eb227de5aabad09d582141796ed732_LEDANTEC_IRD.JPG,83eb227de5aabad09d582141796ed732,OCS-Carcharhinus-longimanus,83eb227de5aabad09d582141796ed732,OI,Senne,20140716,BACKUP_IOTA_20250207/DCF Senne (IRD)/OI-200/262b_OI_20140716-20140818_LE DANTEC_SAP_DOLOMIEU/OI_20140716-20140818_LE DANTEC_SAPMER_DOLOMIEU_Photos/Photos poissons rejet/10_OCS4.JPG
OCS_8fb7708197d964a3425073d517f273cb_BOUTIGNY_TAAF.JPG,8fb7708197d964a3425073d517f273cb,OCS-Carcharhinus-longimanus,8fb7708197d964a3425073d517f273cb,OI,Senne,20160430,BACKUP_IOTA_20250207/DCF Senne (TAAF)/2016/16-2_OI_20160430-20160703_BOUTIGNY_SAPMER_BERNICA/OI_20160430-20160703_BOUTIGNY_SAPMER_BERNICA_Photos/P5260034.JPG
OCS_9a54a9a2b221f2735c56ddf3c26e7190_EKPO_ORTHONGEL.jpg,9a54a9a2b221f2735c56ddf3c26e7190,OCS-Carcharhinus-longimanus,9a54a9a2b221f2735c56ddf3c26e7190,OA,Senne,20190323,BACKUP_IOTA_20250207/OCUP-OB/OA-300/590a_OA_20190323-20190512_EKPO_CFTO_GUERIDEN/OA_20190323-20190512_EKPO_CFTO_GUERIDEN_Photos/OCS.jpg
OCS_9f0d6c33295e25abb36b4f3751fe0f46_FILY_IRD.JPG,9f0d6c33295e25abb36b4f3751fe0f46,OCS-Carcharhinus-longimanus,9f0d6c33295e25abb36b4f3751fe0f46,OI,Senne,20221112,BACKUP_IOTA_20250207/DCF Senne (IRD)/OI-200/1234b_OI_20221112-20221205_FILY_SAPMER_FRANCHETERRE/OI_20221112-20221205_FILY_SAPMER_FRANCHETERRE_Photos/20221121_Calée 7/DSCF9952_20221121_OCS.JPG
OCS_add7d560e24ce2c6148ba03d9de621a1_COCONI_IRD.JPG,add7d560e24ce2c6148ba03d9de621a1,OCS-Carcharhinus-longimanus,add7d560e24ce2c6148ba03d9de621a1,OI,Senne,20190127,BACKUP_IOTA_20250207/DCF Senne (IRD)/OI-200/1201a_OI_20190127-20190227_COCONI_SAP_MANAPANY/OI_20190127-20190227_COCONI_SAP_MANAPANY_Photos/19_02_19/pêche 1/P2190338.JPG
OCS_b021d1d3d021b922315fc65f1bdc10b5_COCONI_IRD.JPG,b021d1d3d021b922315fc65f1bdc10b5,OCS-Carcharhinus-longimanus,b021d1d3d021b922315fc65f1bdc10b5,OI,Senne,20190127,BACKUP_IOTA_20250207/DCF Senne (IRD)/OI-200/1201a_OI_20190127-20190227_COCONI_SAP_MANAPANY/OI_20190127-20190227_COCONI_SAP_MANAPANY_Photos/07_02_19/P2070102.JPG
OCS_b742bd607bfc69720bbe110bbfb60948_LEDANTEC_IRD.JPG,b742bd607bfc69720bbe110bbfb60948,OCS-Carcharhinus-longimanus,b742bd607bfc69720bbe110bbfb60948,OI,Senne,20140716,BACKUP_IOTA_20250207/DCF Senne (IRD)/OI-200/262b_OI_20140716-20140818_LE DANTEC_SAP_DOLOMIEU/OI_20140716-20140818_LE DANTEC_SAPMER_DOLOMIEU_Photos/Photos poissons rejet/10_OCS2.JPG
OCS_c022f95dccafd819919569bad6ece69e_SINON_ORTHONGEL.JPG,c022f95dccafd819919569bad6ece69e,OCS-Carcharhinus-longimanus,c022f95dccafd819919569bad6ece69e,OI,Senne,20150926,BACKUP_IOTA_20250207/OCUP-OB/OI-700/740a_OI_20150926-20151028_SINON_SAP_BELLE ISLE/OI_20150926-20151028_SINON_SAP_BELLE ISLE_Photos-pb-dates/DSCF0150.JPG
OCS_c630028bc21a8b08cbe8a8a4fb36aa03_COCONI_IRD.JPG,c630028bc21a8b08cbe8a8a4fb36aa03,OCS-Carcharhinus-longimanus,c630028bc21a8b08cbe8a8a4fb36aa03,OI,Senne,20180901,BACKUP_IOTA_20250207/DCF Senne (IRD)/OI-200/297a_OI_20180901-20180927_COCONI_SAP_DOLOMIEU/OI_20180901-20180927_COCONI_SAP_DOLOMIEU_Photos/pêche 17/P9192907.JPG
OCS_d39fb659a96a8c0ec4addd0d08a0227c_LEDANTEC_IRD.JPG,d39fb659a96a8c0ec4addd0d08a0227c,OCS-Carcharhinus-longimanus,d39fb659a96a8c0ec4addd0d08a0227c,OI,Senne,20140716,BACKUP_IOTA_20250207/DCF Senne (IRD)/OI-200/262b_OI_20140716-20140818_LE DANTEC_SAP_DOLOMIEU/OI_20140716-20140818_LE DANTEC_SAPMER_DOLOMIEU_Photos/Photos poissons rejet/10_OCS7.JPG
OCS_d4b061805ecae36b784c0aa9f5b7c438_LEDANTEC_IRD.JPG,d4b061805ecae36b784c0aa9f5b7c438,OCS-Carcharhinus-longimanus,d4b061805ecae36b784c0aa9f5b7c438,OI,Senne,20140716,BACKUP_IOTA_20250207/DCF Senne (IRD)/OI-200/262b_OI_20140716-20140818_LE DANTEC_SAP_DOLOMIEU/OI_20140716-20140818_LE DANTEC_SAPMER_DOLOMIEU_Photos/Photos poissons rejet/10_OCS3.JPG
OCS_e5f6d48c1d778abd87aec519eca66ea4_COCONI_IRD.JPG,e5f6d48c1d778abd87aec519eca66ea4,OCS-Carcharhinus-longimanus,e5f6d48c1d778abd87aec519eca66ea4,OI,Senne,20180901,BACKUP_IOTA_20250207/DCF Senne (IRD)/OI-200/297a_OI_20180901-20180927_COCONI_SAP_DOLOMIEU/OI_20180901-20180927_COCONI_SAP_DOLOMIEU_Photos/pêche 17/P9192911.JPG
OCS_e89a7953a7aa37a87ff6c918071b7e68_GUILLON_TAAF.JPG,e89a7953a7aa37a87ff6c918071b7e68,OCS-Carcharhinus-longimanus,e89a7953a7aa37a87ff6c918071b7e68,OI,Senne,20160507,BACKUP_IOTA_20250207/DCF Senne (TAAF)/2016/16-4_OI_20160507-20160712_GUILLON_SAPMER_FRANCHETERRE/OI_20160507-20160712_GUILLON_SAPMER_FRANCHETERRE_Photos/Captures accidentelles/OCS 2.JPG
OCS_e9372bcdbc71180d60c5043741602b09_LEMERDY_ORTHONGEL.JPG,e9372bcdbc71180d60c5043741602b09,OCS-Carcharhinus-longimanus,e9372bcdbc71180d60c5043741602b09,OI,Senne,20161130,BACKUP_IOTA_20250207/OCUP-OB/OI-700/780b_OI_20161130-20170103_LEMERDY_SAP_MORNSESELWA/OI_20161029-20170103_LEMERDY_SAP_MORNSESELWA_Photos/DSCF3209.JPG
OCS_fa0cd3dd7e871b913958a7d8035ae605_MOLLIER_ORTHONGEL.jpg,fa0cd3dd7e871b913958a7d8035ae605,OCS-Carcharhinus-longimanus,fa0cd3dd7e871b913958a7d8035ae605,OI,Senne,20220809,BACKUP_IOTA_20250207/OCUP-OB/OI-700/936_OI_20220809-20220905_MOLLIER_SAPMER_FRANCHE TERRE/OI_20220809-20220905_MOLLIER_SAPMER_FRANCHE TERRE_Photos/Calée 16_01 09/OCS_IMG_20220902_064259.jpg
OHH_4ba48de3ab37fdb2ac19fefdfb5bfab6_RADEGONDE_ORTHONGEL.JPG,4ba48de3ab37fdb2ac19fefdfb5bfab6,OHH-Arothron-hispidus,4ba48de3ab37fdb2ac19fefdfb5bfab6,OI,Senne,20191004,BACKUP_IOTA_20250207/OCUP-OB/OI-700/913a_OI_20191004-20191030_RADEGONDE_SAP_BELLEISLE/OI_20191004-20191030_RADEGONDE_SAP_BELLEISLE_Photos/DSCF1111.JPG
OHH_932a134ad46c5360131214a5e7ed9678_RADEGONDE_ORTHONGEL.JPG,932a134ad46c5360131214a5e7ed9678,OHH-Arothron-hispidus,932a134ad46c5360131214a5e7ed9678,OI,Senne,20191004,BACKUP_IOTA_20250207/OCUP-OB/OI-700/913a_OI_20191004-20191030_RADEGONDE_SAP_BELLEISLE/OI_20191004-20191030_RADEGONDE_SAP_BELLEISLE_Photos/DSCF1113.JPG
OLO_0b54b27358618c0d76e364de1c49300f_VARENNE_IRD.JPG,0b54b27358618c0d76e364de1c49300f,OLO-Lactoria-cornuta,0b54b27358618c0d76e364de1c49300f,OI,Senne,20130306,BACKUP_IOTA_20250207/DCF Senne (IRD)/OI-200/257b_OI_20130306-20130331_VARENNE_SAP_BERNICA/OI_20130306-20130331_Varenne_SAP_BERNICA_Photos/calée du 25.03.2013/shiftage du 25.03.2013/DSCF0150.JPG
OLO_3ed401ca2ad4831d2e9b57f13238ada8_CUILLANDRE_IRD.jpg,3ed401ca2ad4831d2e9b57f13238ada8,OLO-Lactoria-cornuta,3ed401ca2ad4831d2e9b57f13238ada8,OI,Senne,20090114,BACKUP_IOTA_20250207/DCF Senne (IRD)/OI-200/237_OI_20090114-20090225_CUILLANDRE_SPQ_VIA EUROS/OI_20090114_20090225_Cuillandre_SPQ_VIA EUROS_Photos/IMG_2084.jpg
OLO_687793d791289d41177c87f2b2b28de1_CUILLANDRE_IRD.jpg,687793d791289d41177c87f2b2b28de1,OLO-Lactoria-cornuta,687793d791289d41177c87f2b2b28de1,OI,Senne,20090114,BACKUP_IOTA_20250207/DCF Senne (IRD)/OI-200/237_OI_20090114-20090225_CUILLANDRE_SPQ_VIA EUROS/OI_20090114_20090225_Cuillandre_SPQ_VIA EUROS_Photos/IMG_2089.jpg
OLO_73bb0e0895396425716edd7da02039fa_VARENNE_IRD.JPG,73bb0e0895396425716edd7da02039fa,OLO-Lactoria-cornuta,73bb0e0895396425716edd7da02039fa,OI,Senne,20130306,BACKUP_IOTA_20250207/DCF Senne (IRD)/OI-200/257b_OI_20130306-20130331_VARENNE_SAP_BERNICA/OI_20130306-20130331_Varenne_SAP_BERNICA_Photos/calée du 25.03.2013/shiftage du 25.03.2013/DSCF0152.JPG
OLO_872e56d23aabd1bc8ee8753d63596594_VARENNE_IRD.JPG,872e56d23aabd1bc8ee8753d63596594,OLO-Lactoria-cornuta,872e56d23aabd1bc8ee8753d63596594,OI,Senne,20130306,BACKUP_IOTA_20250207/DCF Senne (IRD)/OI-200/257b_OI_20130306-20130331_VARENNE_SAP_BERNICA/OI_20130306-20130331_Varenne_SAP_BERNICA_Photos/calée du 25.03.2013/shiftage du 25.03.2013/DSCF0153.JPG
OLO_947ba7f6bf9a0e8e63f15d48c77df635_VARENNE_IRD.JPG,947ba7f6bf9a0e8e63f15d48c77df635,OLO-Lactoria-cornuta,947ba7f6bf9a0e8e63f15d48c77df635,OI,Senne,20130306,BACKUP_IOTA_20250207/DCF Senne (IRD)/OI-200/257b_OI_20130306-20130331_VARENNE_SAP_BERNICA/OI_20130306-20130331_Varenne_SAP_BERNICA_Photos/calée du 25.03.2013/shiftage du 25.03.2013/DSCF0154.JPG
OLO_d9334fea4ecffd9339d1335ee2e34d81_CUILLANDRE_IRD.jpg,d9334fea4ecffd9339d1335ee2e34d81,OLO-Lactoria-cornuta,d9334fea4ecffd9339d1335ee2e34d81,OI,Senne,20090114,BACKUP_IOTA_20250207/DCF Senne (IRD)/OI-200/237_OI_20090114-20090225_CUILLANDRE_SPQ_VIA EUROS/OI_20090114_20090225_Cuillandre_SPQ_VIA EUROS_Photos/IMG_2080.jpg
OLO_ea495c8694508161452dc533f837d5d3_CUILLANDRE_IRD.jpg,ea495c8694508161452dc533f837d5d3,OLO-Lactoria-cornuta,ea495c8694508161452dc533f837d5d3,OI,Senne,20090114,BACKUP_IOTA_20250207/DCF Senne (IRD)/OI-200/237_OI_20090114-20090225_CUILLANDRE_SPQ_VIA EUROS/OI_20090114_20090225_Cuillandre_SPQ_VIA EUROS_Photos/IMG_2087.jpg
OLO_fb7908925a14b44dabfe10366db8528b_CUILLANDRE_IRD.jpg,fb7908925a14b44dabfe10366db8528b,OLO-Lactoria-cornuta,fb7908925a14b44dabfe10366db8528b,OI,Senne,20090114,BACKUP_IOTA_20250207/DCF Senne (IRD)/OI-200/237_OI_20090114-20090225_CUILLANDRE_SPQ_VIA EUROS/OI_20090114_20090225_Cuillandre_SPQ_VIA EUROS_Photos/IMG_2085.jpg
OZP_38163f1045653be11e4dfbd05c775c39_TORRES_IRD.jpg,38163f1045653be11e4dfbd05c775c39,OZP-Lactoria-diaphana,38163f1045653be11e4dfbd05c775c39,OI,Senne,20090525,BACKUP_IOTA_20250207/DCF Senne (IRD)/OI-200/239_OI_20090525-20090628_TORRES_CMB_CAP ST VINCENT/OI_20090525_20090628_Torres_CMB_CAP ST VINCENT_Photos/09.06.23/PHOTOS17/1/Photosp 004.jpg
OZP_e4f29d55a8cca6852ec1e6653c1310dd_TORRES_IRD.jpg,e4f29d55a8cca6852ec1e6653c1310dd,OZP-Lactoria-diaphana,e4f29d55a8cca6852ec1e6653c1310dd,OI,Senne,20090525,BACKUP_IOTA_20250207/DCF Senne (IRD)/OI-200/239_OI_20090525-20090628_TORRES_CMB_CAP ST VINCENT/OI_20090525_20090628_Torres_CMB_CAP ST VINCENT_Photos/09.06.23/PHOTOS17/1/Photosp 002.jpg
OZP_faf7db884f52ca0a6d06fb2736cd6f18_PRIOUL_IRD.JPG,faf7db884f52ca0a6d06fb2736cd6f18,OZP-Lactoria-diaphana,faf7db884f52ca0a6d06fb2736cd6f18,OI,Senne,20081105,BACKUP_IOTA_20250207/DCF Senne (IRD)/OI-200/234_OI_20081105-20081216_PRIOUL_ CMB_MEN GOE/OI_20081105_20081216_PRIOUL_ CMB_MEN GOE_Photos/16 Lactoria diaphana (Tetraodon - Poisson coffre).JPG
PLS_0f98164b8af74e76f4510a560db61b09_KOUASSI_ORTHONGEL.JPG,0f98164b8af74e76f4510a560db61b09,PLS-Dasyatis-violacea,0f98164b8af74e76f4510a560db61b09,OA,Senne,20190529,BACKUP_IOTA_20250207/OCUP-OB/OA-300/595_OA_20190529-20190710_KOUASSI_SPQT_VIA MISTRAL/OA_20190529-20190710_KOUASSI_SPQT_VIA MISTRAL_Photos/DSCF4093.JPG
PLS_1e68a467f4a699842c24e2b10c02adba_COCONI_IRD.JPG,1e68a467f4a699842c24e2b10c02adba,PLS-Dasyatis-violacea,1e68a467f4a699842c24e2b10c02adba,OI,Senne,20190127,BACKUP_IOTA_20250207/DCF Senne (IRD)/OI-200/1201a_OI_20190127-20190227_COCONI_SAP_MANAPANY/OI_20190127-20190227_COCONI_SAP_MANAPANY_Photos/17_02_19/P2180305.JPG
PLS_32af335f80d6ea7d5c07433f3744a71e_KOFFI_ORTHONGEL.JPG,32af335f80d6ea7d5c07433f3744a71e,PLS-Dasyatis-violacea,32af335f80d6ea7d5c07433f3744a71e,OA,Senne,20140913,BACKUP_IOTA_20250207/OCUP-OB/OA-300/346_OA_20140913-20141031_KOFFI_CFTO_GUEOTEC/OA_20140913-20141031_KOFFI_CFTO_GUEOTEC_Photos/PHOTOS/photo_marée_Guéotec/9.JPG
PLS_3c27d7191337965bbc5dd583ad34ae8d_EKPO_ORTHONGEL(femelle).jpg,3c27d7191337965bbc5dd583ad34ae8d,PLS-Dasyatis-violacea,3c27d7191337965bbc5dd583ad34ae8d,OA,Senne,20190518,BACKUP_IOTA_20250207/OCUP-OB/OA-300/590b_OA_20190518-20190707_EKPO_CFTO_GUERIDEN/OA_20190518-20190707_EKPO_CFTO_GUERIDEN_Photos/PLS Femelle.jpg
PLS_520d0deb9495fb3366fbb3f516cbbd76_ZWADSKI_TAAF.JPG,520d0deb9495fb3366fbb3f516cbbd76,PLS-Dasyatis-violacea,520d0deb9495fb3366fbb3f516cbbd76,OI,Senne,20160312,BACKUP_IOTA_20250207/DCF Senne (TAAF)/2016/16-5a_OI_20160312-20160415_ZAWADZKI_SAPMER_MANAPANY--BLM/OI_20160312-20160415_ZAWADZKI_SAPMER_MANAPANY_Photos/P1010439.JPG
PLS_65c6bef20e12562ae0854bc4c20d7f8a_COCONI_IRD.JPG,65c6bef20e12562ae0854bc4c20d7f8a,PLS-Dasyatis-violacea,65c6bef20e12562ae0854bc4c20d7f8a,OI,Senne,20190127,BACKUP_IOTA_20250207/DCF Senne (IRD)/OI-200/1201a_OI_20190127-20190227_COCONI_SAP_MANAPANY/OI_20190127-20190227_COCONI_SAP_MANAPANY_Photos/17_02_19/P2180309.JPG
PLS_7ef194099c70b3ff4db9471514f93689_LEDANTEC_IRD.JPG,7ef194099c70b3ff4db9471514f93689,PLS-Dasyatis-violacea,7ef194099c70b3ff4db9471514f93689,OI,Senne,20141219,BACKUP_IOTA_20250207/DCF Senne (IRD)/OI-200/266b_OI_20141219-20150119_LE DANTEC_SAPMER_BELOUVE/OI_20141219-20150119_LE DANTEC_SAPMER_BELOUVE_Photos/Images_141117-141215_BELOUVE/Photos poissons rejet/IMG_1103.JPG
PLS_940af550e2216810bbc9123d4138be39_AIRAUD_ORTHONGEL.JPG,940af550e2216810bbc9123d4138be39,PLS-Dasyatis-violacea,940af550e2216810bbc9123d4138be39,OI,Senne,20190119,BACKUP_IOTA_20250207/OCUP-OB/OI-700/877a_OI_20190119-20190218_AIRAUD_CFTO_CAPSTVINCENT/OI_20190119-20190218_AIRAUD_CFTO_CAPSTVINCENT_Photos/calÇe 3/4 pastenague2.JPG
PLS_95777e7163bb2882b5fada6db5bca3b9_COCONI_IRD.JPG,95777e7163bb2882b5fada6db5bca3b9,PLS-Dasyatis-violacea,95777e7163bb2882b5fada6db5bca3b9,OI,Senne,20180930,BACKUP_IOTA_20250207/DCF Senne (IRD)/OI-200/297b_OI_20180930-20181105_COCONI_SAP_DOLOMIEU/OI_20180930-20181105_COCONI_SAP_DOLOMIEU_Photos/pêche 6 shiftage/PA093222.JPG
PLS_9b40cbfab336f5dab40757a55e883966_EKPO_ORTHONGEL (mâle).jpg,9b40cbfab336f5dab40757a55e883966,PLS-Dasyatis-violacea,9b40cbfab336f5dab40757a55e883966,OA,Senne,20190518,BACKUP_IOTA_20250207/OCUP-OB/OA-300/590b_OA_20190518-20190707_EKPO_CFTO_GUERIDEN/OA_20190518-20190707_EKPO_CFTO_GUERIDEN_Photos/PLS mâle.jpg
PLS_a53b67bdcb4f9730904fdae6f02d5b14_COCONI_IRD.JPG,a53b67bdcb4f9730904fdae6f02d5b14,PLS-Dasyatis-violacea,a53b67bdcb4f9730904fdae6f02d5b14,OI,Senne,20180930,BACKUP_IOTA_20250207/DCF Senne (IRD)/OI-200/297b_OI_20180930-20181105_COCONI_SAP_DOLOMIEU/OI_20180930-20181105_COCONI_SAP_DOLOMIEU_Photos/pêche 6 shiftage/PA093224.JPG
PLS_a98ad0176e64d78f86c0455bca5a268a_COCONI_IRD.JPG,a98ad0176e64d78f86c0455bca5a268a,PLS-Dasyatis-violacea,a98ad0176e64d78f86c0455bca5a268a,OI,Senne,20180930,BACKUP_IOTA_20250207/DCF Senne (IRD)/OI-200/297b_OI_20180930-20181105_COCONI_SAP_DOLOMIEU/OI_20180930-20181105_COCONI_SAP_DOLOMIEU_Photos/pêche 6 shiftage/PA093219.JPG
PLS_b12b13d2a02aa8fafb7f23281f5932f9_COCONI_IRD.JPG,b12b13d2a02aa8fafb7f23281f5932f9,PLS-Dasyatis-violacea,b12b13d2a02aa8fafb7f23281f5932f9,OI,Senne,20190127,BACKUP_IOTA_20250207/DCF Senne (IRD)/OI-200/1201a_OI_20190127-20190227_COCONI_SAP_MANAPANY/OI_20190127-20190227_COCONI_SAP_MANAPANY_Photos/17_02_19/P2180308.JPG
PLS_bc430e0e9002296bc615a225ea0c0b5b_COCONI_IRD.JPG,bc430e0e9002296bc615a225ea0c0b5b,PLS-Dasyatis-violacea,bc430e0e9002296bc615a225ea0c0b5b,OI,Senne,20190127,BACKUP_IOTA_20250207/DCF Senne (IRD)/OI-200/1201a_OI_20190127-20190227_COCONI_SAP_MANAPANY/OI_20190127-20190227_COCONI_SAP_MANAPANY_Photos/17_02_19/P2180310.JPG
PLS_c5d562d7e3ee35e92632a0c42cff283a_AIRAUD_ORTHONGEL.JPG,c5d562d7e3ee35e92632a0c42cff283a,PLS-Dasyatis-violacea,c5d562d7e3ee35e92632a0c42cff283a,OI,Senne,20190119,BACKUP_IOTA_20250207/OCUP-OB/OI-700/877a_OI_20190119-20190218_AIRAUD_CFTO_CAPSTVINCENT/OI_20190119-20190218_AIRAUD_CFTO_CAPSTVINCENT_Photos/calÇe 3/4 pastenague.JPG
PLS_cd9dfef3e1cf1182ad72d42ebf4f33d0_KOUAME_ORTHONGEL.JPG,cd9dfef3e1cf1182ad72d42ebf4f33d0,PLS-Dasyatis-violacea,cd9dfef3e1cf1182ad72d42ebf4f33d0,OA,Senne,20160919,BACKUP_IOTA_20250207/OCUP-OB/OA-300/454_OA_20160919-20161025_KOUAME_SQT_VIAMISTRAL/OA_20160919-20161025_KOUAME_SQT_VIAMISTRAL_Photos/5-PHOTOS/Espèce/PLS.JPG
PLS_d7f53c2d6b616c2a228a6a5d404d8088_KOUASSI_ORTHONGEL.JPG,d7f53c2d6b616c2a228a6a5d404d8088,PLS-Dasyatis-violacea,d7f53c2d6b616c2a228a6a5d404d8088,OA,Senne,20190529,BACKUP_IOTA_20250207/OCUP-OB/OA-300/595_OA_20190529-20190710_KOUASSI_SPQT_VIA MISTRAL/OA_20190529-20190710_KOUASSI_SPQT_VIA MISTRAL_Photos/DSCF4094.JPG
PLS_f0ce510fdfe118581dc6321d35947cde_MELAN_IRD.JPG,f0ce510fdfe118581dc6321d35947cde,PLS-Dasyatis-violacea,f0ce510fdfe118581dc6321d35947cde,OA,Senne,20190525,BACKUP_IOTA_20250207/DCF Senne (IRD)/OA-100/1105_OA_20190525-20190715_MELAN_CFTO_PENDRUC/OA_20190525-20190715_MELAN_CFTO_PENDRUC_Photos/N°20.JPG
POR_10e18723e2d0e2b3e6477b418d083dca_PUECH_IRD.JPG,10e18723e2d0e2b3e6477b418d083dca,POR-Lamna-nasus,,OI,Longline,,
POR_d73925fd2a971bdef2d60b88112c7893_PUECH_IRD.JPG,d73925fd2a971bdef2d60b88112c7893,POR-Lamna-nasus,,OI,Longline,,
POR_dacdafc92f7713314ecd883975310aae_PUECH_IRD.JPG,dacdafc92f7713314ecd883975310aae,POR-Lamna-nasus,,OI,Longline,,
POR_ef2a691dc8a7f7e6953aca1ff7581e4c_PUECH_IRD.JPG,ef2a691dc8a7f7e6953aca1ff7581e4c,POR-Lamna-nasus,,OI,Longline,,
PSC_4179bb369766d5f1ffa92adb7fe9c2f7_LEFOL_IRD.JPG,4179bb369766d5f1ffa92adb7fe9c2f7,PSC-Psenes-cyanophrys,4179bb369766d5f1ffa92adb7fe9c2f7,OA,Senne,20090913,BACKUP_IOTA_20250207/DCF Senne (IRD)/OA-100/113_OA_20090913-20091021_LEFOL_SPQ_VIA EUROS/OA_20090913-20091021_Le Fol_SPQ_VIA EUROS_Photos/photos especes/POA/POA1.JPG
PTH_22675d1c26aac219265d3552f37258a9_SHARP_IRD.jpeg,22675d1c26aac219265d3552f37258a9,PTH-Alopias-pelagicus,,OI,Longline,,
PTH_2ef373ccfade2dd80d97eb6444df4e3b_EKPO_ORTHONGEL.jpg,2ef373ccfade2dd80d97eb6444df4e3b,PTH-Alopias-pelagicus,2ef373ccfade2dd80d97eb6444df4e3b,OI,Senne,20200118,BACKUP_IOTA_20250207/OCUP-OB/OI-700/908b_OI_ 20200118-20200224_EKPO_SAPMER_BERNICA/OI_ 20200118-20200224_EKPO_SAPMER_BERNICA_Photos/Requins/PHT.jpg
PTH_3bbd6e69ccde38f7600cb70ec9b0d7ea_SHARP_IRD.jpeg,3bbd6e69ccde38f7600cb70ec9b0d7ea,PTH-Alopias-pelagicus,,OI,Longline,,
PTH_6bac16cae9a6f8b4f527e3dd5a46111e_EKPO_ORTHONGEL.jpg,6bac16cae9a6f8b4f527e3dd5a46111e,PTH-Alopias-pelagicus,6bac16cae9a6f8b4f527e3dd5a46111e,OI,Senne,20200118,BACKUP_IOTA_20250207/OCUP-OB/OI-700/908b_OI_ 20200118-20200224_EKPO_SAPMER_BERNICA/OI_ 20200118-20200224_EKPO_SAPMER_BERNICA_Photos/Requins/PHT'.jpg
PTH_8718505abf55902a6f4ded0934e3aaed_EKPO_ORTHONGEL.jpg,8718505abf55902a6f4ded0934e3aaed,PTH-Alopias-pelagicus,8718505abf55902a6f4ded0934e3aaed,OI,Senne,20200118,BACKUP_IOTA_20250207/OCUP-OB/OI-700/908b_OI_ 20200118-20200224_EKPO_SAPMER_BERNICA/OI_ 20200118-20200224_EKPO_SAPMER_BERNICA_Photos/Requins/PHT''.jpg
PTH_960bb5e13b1605292deca85a6ee51fc1_SHARP_IRD.jpeg,960bb5e13b1605292deca85a6ee51fc1,PTH-Alopias-pelagicus,,OI,Longline,,
PTH_a43c3d77487d5d2296cad58cab879326_EKPO_ORTHONGEL.jpg,a43c3d77487d5d2296cad58cab879326,PTH-Alopias-pelagicus,a43c3d77487d5d2296cad58cab879326,OI,Senne,20200118,BACKUP_IOTA_20250207/OCUP-OB/OI-700/908b_OI_ 20200118-20200224_EKPO_SAPMER_BERNICA/OI_ 20200118-20200224_EKPO_SAPMER_BERNICA_Photos/Requins/PHT'''.jpg
PTH_bc7a3c87822866944724844d777dc750_PIERRE_ORTHONGEL.jpg,bc7a3c87822866944724844d777dc750,PTH-Alopias-pelagicus,bc7a3c87822866944724844d777dc750,OI,Senne,20180505,BACKUP_IOTA_20250207/OCUP-OB/OI-700/846a_OI_20180505-20180605_PIERRE_SAP_BERNICA/OI_20180505-20180605_PIERRE_SAP_BERNICA_Photos/20180515_114042.jpg
PTH_d31d8479c1287037c7e3aa00d281cb8f_ADINGRA_ORTHONGEL.JPG,d31d8479c1287037c7e3aa00d281cb8f,PTH-Alopias-pelagicus,d31d8479c1287037c7e3aa00d281cb8f,OA,Senne,20160913,BACKUP_IOTA_20250207/OCUP-OB/OA-300/453_OA_20160913-20161024_ADINGRA_CFTO_CAPBOJADOR/OA_20160913-20161024_ADINGRA_CFTO_CAPBOJADOR_Photos/Espèces/C6-4.JPG
PTH_e9b35b6512e47b3fa7c8290c4cf8b59e_PIERRE_ORTHONGEL.jpg,e9b35b6512e47b3fa7c8290c4cf8b59e,PTH-Alopias-pelagicus,e9b35b6512e47b3fa7c8290c4cf8b59e,OI,Senne,20180505,BACKUP_IOTA_20250207/OCUP-OB/OI-700/846a_OI_20180505-20180605_PIERRE_SAP_BERNICA/OI_20180505-20180605_PIERRE_SAP_BERNICA_Photos/20180518_080133.jpg
PTH_ef7c72cc4ca2ed0735c9e353e0cd518f_PERRET_IRD.JPG,ef7c72cc4ca2ed0735c9e353e0cd518f,PTH-Alopias-pelagicus,,OI,Longline,,
REO_0de46cdec69fbf4f70ba00d0424e26bc_CISSE_ORTHONGEL.jpg,0de46cdec69fbf4f70ba00d0424e26bc,REO-Remora-remora,0de46cdec69fbf4f70ba00d0424e26bc,OA,Senne,20200714,BACKUP_IOTA_20250207/OCUP-OB/OA-300/651_OA_20200714-20200816_CISSE_CFTO_CAPBOJADOR/OA_20200714-20200816_CISSE_CFTO_CAPBOJADOR_Photos/Calée8_150820/REO.jpg
REO_2938e0ee4c2e7121afa5b07efa83d7fd_BOUTIGNY_TAAF.JPG,2938e0ee4c2e7121afa5b07efa83d7fd,REO-Remora-remora,2938e0ee4c2e7121afa5b07efa83d7fd,OI,Senne,20160430,BACKUP_IOTA_20250207/DCF Senne (TAAF)/2016/16-2_OI_20160430-20160703_BOUTIGNY_SAPMER_BERNICA/OI_20160430-20160703_BOUTIGNY_SAPMER_BERNICA_Photos/P5250026.JPG
REO_435041b163f32f60dbefb8b1879a9c66_QHASIE_ORTHONGEL.JPG,435041b163f32f60dbefb8b1879a9c66,REO-Remora-remora,435041b163f32f60dbefb8b1879a9c66,OA,Senne,20140628,BACKUP_IOTA_20250207/OCUP-OB/OA-300/333_OA_20140628-20140722_QUASHIE_SAUPIQUET_VIA HARMATTAN/OA_20140628_20140722_QUASHIE_SAUPIQUET_VIAHARMATTAN_Photos/5-PHOTOS/ESPECE/DSC00781.JPG
REO_498517ca8204c531c49bf9b854328704_DABAKUYO_ORTHONGEL.JPG,498517ca8204c531c49bf9b854328704,REO-Remora-remora,498517ca8204c531c49bf9b854328704,OI,Senne,20190603,BACKUP_IOTA_20250207/OCUP-OB/OI-700/890a_OI_20190603-20190617_DABAKUYO_SAPMER_FRANCHETERRE/OI_20190603-20190617_DABAKUYO_SAPMER_FRANCHETERRE_Photos/SAM_1677.JPG
REO_49d1943f16f29867270e1a3f201f23ce_EKPO_ORTHONGEL.jpg,49d1943f16f29867270e1a3f201f23ce,REO-Remora-remora,49d1943f16f29867270e1a3f201f23ce,OA,Senne,20200726,BACKUP_IOTA_20250207/OCUP-OB/OA-300/644b_OA_20200726-20200904_EKPO_SPQT_VIAAVENIR/OA_20200726-20200904_EKPO_SPQT_VIAAVENIR_Photos/REO (2).jpg
REO_5161a963374aaaacd477f1a07da1bea5_DAO_ORTHONGEL.JPG,5161a963374aaaacd477f1a07da1bea5,REO-Remora-remora,5161a963374aaaacd477f1a07da1bea5,OA,Senne,20140222,BACKUP_IOTA_20250207/OCUP-OB/OA-300/319b_OA_20140222-20140401_DAO_SAUPIQUET_VIA EUROS/OA_20140222_20140401_DAO_SAUPIQUET_VIAEUROS_Photos/photos poissons/IMG_1003.JPG
REO_5f11ff78a62af6c273b2413024b58c47_KOFFI_ORTHONGEL.JPG,5f11ff78a62af6c273b2413024b58c47,REO-Remora-remora,5f11ff78a62af6c273b2413024b58c47,OA,Senne,20170325,BACKUP_IOTA_20250207/OCUP-OB/OA-300/486_OA_20170325-20170510_KOFFI_SQT_VIAMISTRAL/OA_20170325-20170510_KOFFI_SQT_VIAMISTRAL_Photos/5-PHOTOS/SAM_1732.JPG
REO_7cd16bf5bcce1d65b7e3f82a7d3bf96d_COCONI_IRD.JPG,7cd16bf5bcce1d65b7e3f82a7d3bf96d,REO-Remora-remora,7cd16bf5bcce1d65b7e3f82a7d3bf96d,OI,Senne,20180930,BACKUP_IOTA_20250207/DCF Senne (IRD)/OI-200/297b_OI_20180930-20181105_COCONI_SAP_DOLOMIEU/OI_20180930-20181105_COCONI_SAP_DOLOMIEU_Photos/pêche 28/PA303632.JPG
REO_82162b6e374bcfdfa738b211f023b67e_EKPO_ORTHONGEL.jpg,82162b6e374bcfdfa738b211f023b67e,REO-Remora-remora,82162b6e374bcfdfa738b211f023b67e,OA,Senne,20190518,BACKUP_IOTA_20250207/OCUP-OB/OA-300/590b_OA_20190518-20190707_EKPO_CFTO_GUERIDEN/OA_20190518-20190707_EKPO_CFTO_GUERIDEN_Photos/REO.jpg
REO_852ebee9d26ea668fd539f343454ffe0_KOUAME_ORTHONGEL.JPG,852ebee9d26ea668fd539f343454ffe0,REO-Remora-remora,852ebee9d26ea668fd539f343454ffe0,OA,Senne,20140722,BACKUP_IOTA_20250207/OCUP-OB/OA-300/339c_OA_20140722-20140903_KOUAME_SAUPIQUET_VIA EUROS/OA_20140722-20140903_KOUAME_SAUPIQUET_VIAEUROS_Photos/PHOTOS/EHN (1).JPG
REO_85a244cf65cccb9e623a31fcc7d3ea28_SIMON_IRD.JPG,85a244cf65cccb9e623a31fcc7d3ea28,REO-Remora-remora,85a244cf65cccb9e623a31fcc7d3ea28,OI,Senne,20131020,BACKUP_IOTA_20250207/DCF Senne (IRD)/OI-200/259_OI_20131020-20131202_SIMON_CFTO_TORRE GIULIA/OI_20131020-20131202_Simon_CFTO_TORRE GIULIA_Photos/88.JPG
REO_9dc6a67a4a7a63fa8749be0960314bff_ZOUZOUGBO_ORTHONGEL.jpg,9dc6a67a4a7a63fa8749be0960314bff,REO-Remora-remora,9dc6a67a4a7a63fa8749be0960314bff,OA,Senne,20140518,BACKUP_IOTA_20250207/OCUP-OB/OA-300/329_OA_20140518-20140629_ZOUZOUGBO_SAUPIQUET_VIA MISTRAL/OA_20140518-20140629_ZOUZOUGBO_SAUPIQUET_VIA MISTRAL_Photos/PHOTOS/IMG_0710.jpg
REO_a40cf3b06d16fe078edd5d984964b79c_VEGA_IRD.JPG,a40cf3b06d16fe078edd5d984964b79c,REO-Remora-remora,a40cf3b06d16fe078edd5d984964b79c,OI,Senne,20190103,BACKUP_IOTA_20250207/DCF Senne (IRD)/OI-200/1200a_OI_20190103-20190129_VEGA_SAP_BERNICA/OI_20190103-20190129_VEGA_SAP_BERNICA_Photos/DSCF4086.JPG
REO_adfd83e97817a1c1af68e52843da4219_QHASIE_ORTHONGEL.JPG,adfd83e97817a1c1af68e52843da4219,REO-Remora-remora,adfd83e97817a1c1af68e52843da4219,OA,Senne,20140628,BACKUP_IOTA_20250207/OCUP-OB/OA-300/333_OA_20140628-20140722_QUASHIE_SAUPIQUET_VIA HARMATTAN/OA_20140628_20140722_QUASHIE_SAUPIQUET_VIAHARMATTAN_Photos/5-PHOTOS/ESPECE/DSC00779.JPG
REO_adfd83e97817a1c1af68e52843da4219_QUASHIE_ORTHONGEL.JPG,adfd83e97817a1c1af68e52843da4219,REO-Remora-remora,adfd83e97817a1c1af68e52843da4219,OA,Senne,20140628,BACKUP_IOTA_20250207/OCUP-OB/OA-300/333_OA_20140628-20140722_QUASHIE_SAUPIQUET_VIA HARMATTAN/OA_20140628_20140722_QUASHIE_SAUPIQUET_VIAHARMATTAN_Photos/5-PHOTOS/ESPECE/DSC00779.JPG
REO_b771258f875eaa1e1be79489c72fe7c7_ALFONSO_ORTHONGEL.jpg,b771258f875eaa1e1be79489c72fe7c7,REO-Remora-remora,b771258f875eaa1e1be79489c72fe7c7,OA,Senne,20181028,BACKUP_IOTA_20250207/OCUP-OB/OA-300/571_OA_20181028-20181211_AFONSO_SPQT_VIAAVENIR/OA_20181028-20181211_AFONSO_SPQT_VIAAVENIR_Photos/IMG_20181108_162358.jpg
REO_c1646052e70510aee83b153fc8a0d4a5_COCONI_IRD.JPG,c1646052e70510aee83b153fc8a0d4a5,REO-Remora-remora,c1646052e70510aee83b153fc8a0d4a5,OI,Senne,20180930,BACKUP_IOTA_20250207/DCF Senne (IRD)/OI-200/297b_OI_20180930-20181105_COCONI_SAP_DOLOMIEU/OI_20180930-20181105_COCONI_SAP_DOLOMIEU_Photos/pêche 28/PA303631.JPG
REO_c8e58dd55a6827005651af78f3f4681b8_DERRIDJ_IRD.jpg,c8e58dd55a6827005651af78f3f4681b,REO-Remora-remora,c8e58dd55a6827005651af78f3f4681b,OA,Senne,20090705,BACKUP_IOTA_20250207/DCF Senne (IRD)/OA-100/112_OA_20090705_20090821_DERRIDJ_CMB_MEN GOE/OA_20090705_20090821_Derridj_CMB_MEN GOE_Photos/PHOTO 24 REM Remora remora.jpg
REO_cbad026b3cc49cf7219303ecd3aabeb3_DAO_ORTHONGEL.JPG,cbad026b3cc49cf7219303ecd3aabeb3,REO-Remora-remora,cbad026b3cc49cf7219303ecd3aabeb3,OA,Senne,20140222,BACKUP_IOTA_20250207/OCUP-OB/OA-300/319b_OA_20140222-20140401_DAO_SAUPIQUET_VIA EUROS/OA_20140222_20140401_DAO_SAUPIQUET_VIAEUROS_Photos/photos poissons/IMG_1002.JPG
REO_d2af69e2a57b35d0d0fc3a7266c399ad_SIMON_IRD.JPG,d2af69e2a57b35d0d0fc3a7266c399ad,REO-Remora-remora,d2af69e2a57b35d0d0fc3a7266c399ad,OI,Senne,20131020,BACKUP_IOTA_20250207/DCF Senne (IRD)/OI-200/259_OI_20131020-20131202_SIMON_CFTO_TORRE GIULIA/OI_20131020-20131202_Simon_CFTO_TORRE GIULIA_Photos/90.JPG
REO_d411b54a803088c9fcd4fb0be3926429_DAO_ORTHONGEL.JPG,d411b54a803088c9fcd4fb0be3926429,REO-Remora-remora,d411b54a803088c9fcd4fb0be3926429,OA,Senne,20140222,BACKUP_IOTA_20250207/OCUP-OB/OA-300/319b_OA_20140222-20140401_DAO_SAUPIQUET_VIA EUROS/OA_20140222_20140401_DAO_SAUPIQUET_VIAEUROS_Photos/photos poissons/IMG_1004.JPG
REO_deebcbe72896e7ab12b87c56367933b1_EKPO_ORTHONGEL.jpg,deebcbe72896e7ab12b87c56367933b1,REO-Remora-remora,deebcbe72896e7ab12b87c56367933b1,OA,Senne,20190518,BACKUP_IOTA_20250207/OCUP-OB/OA-300/590b_OA_20190518-20190707_EKPO_CFTO_GUERIDEN/OA_20190518-20190707_EKPO_CFTO_GUERIDEN_Photos/EHN.jpg
REO_e30c0958f09ed4dd7ed84735d98cc17c_COCONI_IRD.JPG,e30c0958f09ed4dd7ed84735d98cc17c,REO-Remora-remora,e30c0958f09ed4dd7ed84735d98cc17c,OI,Senne,20180930,BACKUP_IOTA_20250207/DCF Senne (IRD)/OI-200/297b_OI_20180930-20181105_COCONI_SAP_DOLOMIEU/OI_20180930-20181105_COCONI_SAP_DOLOMIEU_Photos/pêche 28/PA303634.JPG
REO_e80d1f5d667fc0a327c355e4b467ab6b_COULIBALY_ORTHONGEL.jpg,e80d1f5d667fc0a327c355e4b467ab6b,REO-Remora-remora,e80d1f5d667fc0a327c355e4b467ab6b,OA,Senne,20140704,BACKUP_IOTA_20250207/OCUP-OB/OA-300/335_OA_20140704-20140819_COULIBALY_SAUPIQUET_VIA MISTRAL/OA_20140704-20140819_COULIBALY_SAUPIQUET_VIAMISTRAL_Photos/PHOTOS/IMG_0870.jpg
REO_fcf2c87175c45e09b33190da05a5bd93_SIMON_IRD.JPG,fcf2c87175c45e09b33190da05a5bd93,REO-Remora-remora,fcf2c87175c45e09b33190da05a5bd93,OI,Senne,20131020,BACKUP_IOTA_20250207/DCF Senne (IRD)/OI-200/259_OI_20131020-20131202_SIMON_CFTO_TORRE GIULIA/OI_20131020-20131202_Simon_CFTO_TORRE GIULIA_Photos/89.JPG
REY_17c586fd8196788ce32b781ca65dbba2_MOLLIER_ORTHONGEL.jpg,17c586fd8196788ce32b781ca65dbba2,REY-Remora-brachyptera,17c586fd8196788ce32b781ca65dbba2,OI,Senne,20220809,BACKUP_IOTA_20250207/OCUP-OB/OI-700/936_OI_20220809-20220905_MOLLIER_SAPMER_FRANCHE TERRE/OI_20220809-20220905_MOLLIER_SAPMER_FRANCHE TERRE_Photos/Calée 18_03 09/REY_IMG_20220903_082510.jpg
REY_23177344747020a150a10c0047f33447_COULIBALY_ORTHONGEL.JPG,23177344747020a150a10c0047f33447,REY-Remora-brachyptera,23177344747020a150a10c0047f33447,OA,Senne,20140111,BACKUP_IOTA_20250207/OCUP-OB/OA-300/312b_OA_20140111-20140225_COULIBALY_SPQ_VIAHARMATTAN/OA_20140111-20140225_COULIBALY_SAUPIQUET_VIAHARMATTAN_Photos/SAM_0446.JPG
REY_4dc30fda13129304410ab5e71e57ebb8_MOLLIER_ORTHONGEL.jpg,4dc30fda13129304410ab5e71e57ebb8,REY-Remora-brachyptera,4dc30fda13129304410ab5e71e57ebb8,OI,Senne,20220809,BACKUP_IOTA_20250207/OCUP-OB/OI-700/936_OI_20220809-20220905_MOLLIER_SAPMER_FRANCHE TERRE/OI_20220809-20220905_MOLLIER_SAPMER_FRANCHE TERRE_Photos/Calée 18_03 09/REY_IMG_20220903_082502.jpg
REY_90836a21a7532757174f99d1a1642803_KOUAME_ORTHONGEL.JPG,90836a21a7532757174f99d1a1642803,REY-Remora-brachyptera,90836a21a7532757174f99d1a1642803,OA,Senne,20140722,BACKUP_IOTA_20250207/OCUP-OB/OA-300/339c_OA_20140722-20140903_KOUAME_SAUPIQUET_VIA EUROS/OA_20140722-20140903_KOUAME_SAUPIQUET_VIAEUROS_Photos/PHOTOS/EHN (3).JPG
REY_9bff887d5400d533a58027e5ae38ee1d_SPADONI_IRD.JPG,9bff887d5400d533a58027e5ae38ee1d,REY-Remora-brachyptera,9bff887d5400d533a58027e5ae38ee1d,OI,Senne,20190921,BACKUP_IOTA_20250207/DCF Senne (IRD)/OI-200/1209b_OI_20190921-20191027_SPADONI_SAP_MANAPANY/OI_20190921-20191027_SPADONI_SAP_MANAPANY_Photos/REO_081019_01.JPG
REY_ca34cecff973d8f4a2863378d1a5fe6a_EKPO_ORTHONGEL.jpg,ca34cecff973d8f4a2863378d1a5fe6a,REY-Remora-brachyptera,ca34cecff973d8f4a2863378d1a5fe6a,OI,Senne,20200118,BACKUP_IOTA_20250207/OCUP-OB/OI-700/908b_OI_ 20200118-20200224_EKPO_SAPMER_BERNICA/OI_ 20200118-20200224_EKPO_SAPMER_BERNICA_Photos/Autres-Poissons/REY.jpg
REY_ea6a9617a31df0ec163cca6ac05bf202_PRIOUL_IRD.jpg,ea6a9617a31df0ec163cca6ac05bf202,REY-Remora-brachyptera,ea6a9617a31df0ec163cca6ac05bf202,OI,Senne,20081221,BACKUP_IOTA_20250207/DCF Senne (IRD)/OI-200/236_OI_20081221-20090202_PRIOUL_ CMB_MEN GOE/OI_20081221_20090202_Prioul_ CMB_MEN GOE_Photos/25 Remora albescens (Remora blanc).jpg
REY_f8a6a0f23c928ad237b7cf5488cacb78_COULIBALY_ORTHONGEL.JPG,f8a6a0f23c928ad237b7cf5488cacb78,REY-Remora-brachyptera,f8a6a0f23c928ad237b7cf5488cacb78,OA,Senne,20140111,BACKUP_IOTA_20250207/OCUP-OB/OA-300/312b_OA_20140111-20140225_COULIBALY_SPQ_VIAHARMATTAN/OA_20140111-20140225_COULIBALY_SAUPIQUET_VIAHARMATTAN_Photos/SAM_0447.JPG
REZ_35562aab4a056a99df6f6ca1baf0e67e_KOUAKOU_ORTHONGEL.JPG,35562aab4a056a99df6f6ca1baf0e67e,REZ-Remora-osteochir,35562aab4a056a99df6f6ca1baf0e67e,OA,Senne,20161026,BACKUP_IOTA_20250207/OCUP-OB/OA-300/460_OA_20161026-20161205_KOUAKOU_SQT_VIAAVENIR/OA_20161026-20161205_KOUAKOU_SQT_VIAAVENIR_Photos/ESPECES/IMG_3941.JPG
REZ_3a6a608fc5c1c88df610a69ad2eb4932_MOLLIER_ORTHONGEL.jpg,3a6a608fc5c1c88df610a69ad2eb4932,REZ-Remora-osteochir,3a6a608fc5c1c88df610a69ad2eb4932,OI,Senne,20220809,BACKUP_IOTA_20250207/OCUP-OB/OI-700/936_OI_20220809-20220905_MOLLIER_SAPMER_FRANCHE TERRE/OI_20220809-20220905_MOLLIER_SAPMER_FRANCHE TERRE_Photos/Calée 15_31 08/REZ_IMG_20220901_141923.jpg
REZ_6de946ca3d8c94f682110ba2682dde4c_TORRES_IRD.jpg,6de946ca3d8c94f682110ba2682dde4c,REZ-Remora-osteochir,6de946ca3d8c94f682110ba2682dde4c,OI,Senne,20090525,BACKUP_IOTA_20250207/DCF Senne (IRD)/OI-200/239_OI_20090525-20090628_TORRES_CMB_CAP ST VINCENT/OI_20090525_20090628_Torres_CMB_CAP ST VINCENT_Photos/09.06.05/3/Photosp 009.jpg
REZ_70e23662c9e4e3c8aec0a34cb9ec91cd_MOLLIER_ORTHONGEL.jpg,70e23662c9e4e3c8aec0a34cb9ec91cd,REZ-Remora-osteochir,70e23662c9e4e3c8aec0a34cb9ec91cd,OI,Senne,20220809,BACKUP_IOTA_20250207/OCUP-OB/OI-700/936_OI_20220809-20220905_MOLLIER_SAPMER_FRANCHE TERRE/OI_20220809-20220905_MOLLIER_SAPMER_FRANCHE TERRE_Photos/Calée 15_31 08/REZ_IMG_20220901_141821.jpg
REZ_719c6f6ea16b76385df35aca4aa3b119_DAO_ORTHONGEL.JPG,719c6f6ea16b76385df35aca4aa3b119,REZ-Remora-osteochir,719c6f6ea16b76385df35aca4aa3b119,OA,Senne,20140427,BACKUP_IOTA_20250207/OCUP-OB/OA-300/325_OA_20140427-20140609_DAO_CFTO_GUERIDEN/OA_20140427-20140609_DAO_CFTO_GUERIDEN_Photos/PHOTOS/doc poissons/EHN2.JPG
REZ_92b3115a4fe114bd2ff3b4b7d4af1f35_TORRES_IRD.jpg,92b3115a4fe114bd2ff3b4b7d4af1f35,REZ-Remora-osteochir,92b3115a4fe114bd2ff3b4b7d4af1f35,OI,Senne,20090525,BACKUP_IOTA_20250207/DCF Senne (IRD)/OI-200/239_OI_20090525-20090628_TORRES_CMB_CAP ST VINCENT/OI_20090525_20090628_Torres_CMB_CAP ST VINCENT_Photos/09.06.05/3/Photosp 013.jpg
REZ_963b5aa6834b22faf8aaebfee205e05d_CASTRO_TAAF.JPG,963b5aa6834b22faf8aaebfee205e05d,REZ-Remora-osteochir,963b5aa6834b22faf8aaebfee205e05d,,Senne,20151504,BACKUP_IOTA_20250207/DCF Senne (TAAF)/2015/15-4a&b_Castro_MANAPANY/Copie CD/photos/faune/27-05-15_Remora/P1010275.JPG
REZ_9a90d0475cc9f9157c86b127185c0149_CASTRO_TAAF.JPG,9a90d0475cc9f9157c86b127185c0149,REZ-Remora-osteochir,9a90d0475cc9f9157c86b127185c0149,,Senne,20151504,BACKUP_IOTA_20250207/DCF Senne (TAAF)/2015/15-4a&b_Castro_MANAPANY/Copie CD/photos/faune/27-05-15_Remora/P1010267.JPG
REZ_a136b02ec06d5c27c98275a3632cd80e_TORRES_IRD.jpg,a136b02ec06d5c27c98275a3632cd80e,REZ-Remora-osteochir,a136b02ec06d5c27c98275a3632cd80e,OI,Senne,20090525,BACKUP_IOTA_20250207/DCF Senne (IRD)/OI-200/239_OI_20090525-20090628_TORRES_CMB_CAP ST VINCENT/OI_20090525_20090628_Torres_CMB_CAP ST VINCENT_Photos/09.06.05/2/Photosp 008.jpg
REZ_a19e4ef8a2e04ad30b873e08628bbca7_TORRES_IRD.jpg,a19e4ef8a2e04ad30b873e08628bbca7,REZ-Remora-osteochir,a19e4ef8a2e04ad30b873e08628bbca7,OI,Senne,20090525,BACKUP_IOTA_20250207/DCF Senne (IRD)/OI-200/239_OI_20090525-20090628_TORRES_CMB_CAP ST VINCENT/OI_20090525_20090628_Torres_CMB_CAP ST VINCENT_Photos/09.06.05/2/Photosp 006.jpg
REZ_aa152f7b8476194d44e7e11f95beed36_EKPO_ORTHONGEL.jpg,aa152f7b8476194d44e7e11f95beed36,REZ-Remora-osteochir,aa152f7b8476194d44e7e11f95beed36,OA,Senne,20190323,BACKUP_IOTA_20250207/OCUP-OB/OA-300/590a_OA_20190323-20190512_EKPO_CFTO_GUERIDEN/OA_20190323-20190512_EKPO_CFTO_GUERIDEN_Photos/EHN.jpg
REZ_ac9c19e98eac9d4d04572f6128b012ee_DAO_ORTHONGEL.JPG,ac9c19e98eac9d4d04572f6128b012ee,REZ-Remora-osteochir,ac9c19e98eac9d4d04572f6128b012ee,OA,Senne,20140427,BACKUP_IOTA_20250207/OCUP-OB/OA-300/325_OA_20140427-20140609_DAO_CFTO_GUERIDEN/OA_20140427-20140609_DAO_CFTO_GUERIDEN_Photos/PHOTOS/doc poissons/EHN.JPG
REZ_c2a13fd8e2d5f2c739a32ebd2e810e19_MOEC_IRD.JPG,c2a13fd8e2d5f2c739a32ebd2e810e19,REZ-Remora-osteochir,c2a13fd8e2d5f2c739a32ebd2e810e19,OA,Senne,20081201,BACKUP_IOTA_20250207/DCF Senne (IRD)/OA-100/111_OA_20081201_20090105_MOEC_CMB_AVEL VOR/OA_20081201_20090105_MOEC_CMB_AVEL VOR_Photos/photo 12.JPG
RHN_1724d0f3b692f58c6a95a23b0ecb99b3_RICHARD_TAAF.JPG,1724d0f3b692f58c6a95a23b0ecb99b3,RHN-Rhincodon-typus,1724d0f3b692f58c6a95a23b0ecb99b3,OI,Senne,20110428,BACKUP_IOTA_20250207/DCF Senne (TAAF)/2011/TAAF11-4_OI_20110428-20110529_SAP_FRANCHE TERRE_Richard/OI_20110428-20110529_SAP_TAAF11_FRANCHE TERRE_Richard_Photos/Poissons/canal epe/rb1.jpg.JPG
RHN_2199810de338af52ae182c509c740f62_BLE_ORTHONGEL.JPG,2199810de338af52ae182c509c740f62,RHN-Rhincodon-typus,2199810de338af52ae182c509c740f62,OA,Senne,20140522,BACKUP_IOTA_20250207/OCUP-OB/OA-300/330_OA_20140522-20140710_BLE_CFTO_CAP BOJADOR/OA_20140522-20140710_BLE_CFTO_CAPBOJADOR_Photos/5-PHOTOS/espèces/photos des requins baleines/calée 48_ requin baleine (9).JPG
RHN_4c565fa37a5cc07ea0e8c0fbd3a15b0a_RICHARD_TAAF.JPG,4c565fa37a5cc07ea0e8c0fbd3a15b0a,RHN-Rhincodon-typus,4c565fa37a5cc07ea0e8c0fbd3a15b0a,OI,Senne,20110428,BACKUP_IOTA_20250207/DCF Senne (TAAF)/2011/TAAF11-4_OI_20110428-20110529_SAP_FRANCHE TERRE_Richard/OI_20110428-20110529_SAP_TAAF11_FRANCHE TERRE_Richard_Photos/Poissons/canal epe/rb4.jpg.JPG
RHN_64640f4acdc292407602ec7edd139c54_WILLAUME_IRD.JPG,64640f4acdc292407602ec7edd139c54,RHN-Rhincodon-typus,64640f4acdc292407602ec7edd139c54,OI,Senne,20070723,BACKUP_IOTA_20250207/DCF Senne (IRD)/OI-200/217_OI_20070723-20070903_WILLAUME_CMB_STERENN/OI_20070723-20070903_WILLAUME_CMB_STERENN_Photos/18Requin baleinef/DSC00011.JPG
RHN_77c9104860fb022145e765623bdb56e6_EKPO_ORTHONGEL.jpg,77c9104860fb022145e765623bdb56e6,RHN-Rhincodon-typus,77c9104860fb022145e765623bdb56e6,OA,Senne,20190518,BACKUP_IOTA_20250207/OCUP-OB/OA-300/590b_OA_20190518-20190707_EKPO_CFTO_GUERIDEN/OA_20190518-20190707_EKPO_CFTO_GUERIDEN_Photos/RHN'.jpg
RHN_807c6800eb8f159e72bc8e1b3b5eba5c_AIRAUD_ORTHONGEL.JPG,807c6800eb8f159e72bc8e1b3b5eba5c,RHN-Rhincodon-typus,807c6800eb8f159e72bc8e1b3b5eba5c,OI,Senne,20190119,BACKUP_IOTA_20250207/OCUP-OB/OI-700/877a_OI_20190119-20190218_AIRAUD_CFTO_CAPSTVINCENT/OI_20190119-20190218_AIRAUD_CFTO_CAPSTVINCENT_Photos/calÇe 7/1.JPG
RHN_8459de884ae44202678ff46cd8f06740_WILLAUME_IRD.JPG,8459de884ae44202678ff46cd8f06740,RHN-Rhincodon-typus,8459de884ae44202678ff46cd8f06740,OI,Senne,20070723,BACKUP_IOTA_20250207/DCF Senne (IRD)/OI-200/217_OI_20070723-20070903_WILLAUME_CMB_STERENN/OI_20070723-20070903_WILLAUME_CMB_STERENN_Photos/18Requin baleinef/DSC00013.JPG
RHN_876c5db87c8361461c208c0b10aed077_SIMON_IRD.JPG,876c5db87c8361461c208c0b10aed077,RHN-Rhincodon-typus,876c5db87c8361461c208c0b10aed077,OI,Senne,20131020,BACKUP_IOTA_20250207/DCF Senne (IRD)/OI-200/259_OI_20131020-20131202_SIMON_CFTO_TORRE GIULIA/OI_20131020-20131202_Simon_CFTO_TORRE GIULIA_Photos/102.JPG
RHN_8f70dbba25d6d64c4cec934745a96a8d_EKPO_ORTHONGEL.JPG,8f70dbba25d6d64c4cec934745a96a8d,RHN-Rhincodon-typus,8f70dbba25d6d64c4cec934745a96a8d,OA,Senne,20180809,BACKUP_IOTA_20250207/OCUP-OB/OA-300/562_OA_20180809-20181002_EKPO_CFTO_GUERIDEN/OA_20180809-20181002_EKPO_CFTO_GUERIDEN_Photos/02-Opérations de pêche/DSCF0912.JPG
RHN_8fc8a1f733f7d281db5d5431c8dd0d3c_KOUAME_ORTHONGEL.JPG,8fc8a1f733f7d281db5d5431c8dd0d3c,RHN-Rhincodon-typus,8fc8a1f733f7d281db5d5431c8dd0d3c,OA,Senne,20140722,BACKUP_IOTA_20250207/OCUP-OB/OA-300/339c_OA_20140722-20140903_KOUAME_SAUPIQUET_VIA EUROS/OA_20140722-20140903_KOUAME_SAUPIQUET_VIAEUROS_Photos/PHOTOS/RHN (2).JPG
RHN_9cf87ddb530eab0932d8bad55c746764_EKPO_ORTHONGEL.jpg,9cf87ddb530eab0932d8bad55c746764,RHN-Rhincodon-typus,9cf87ddb530eab0932d8bad55c746764,OA,Senne,20190518,BACKUP_IOTA_20250207/OCUP-OB/OA-300/590b_OA_20190518-20190707_EKPO_CFTO_GUERIDEN/OA_20190518-20190707_EKPO_CFTO_GUERIDEN_Photos/RHN.jpg
RHN_c4e7d355a7c10406e56f6dc407dc0fd2_SIMON_IRD.JPG,c4e7d355a7c10406e56f6dc407dc0fd2,RHN-Rhincodon-typus,c4e7d355a7c10406e56f6dc407dc0fd2,OI,Senne,20131020,BACKUP_IOTA_20250207/DCF Senne (IRD)/OI-200/259_OI_20131020-20131202_SIMON_CFTO_TORRE GIULIA/OI_20131020-20131202_Simon_CFTO_TORRE GIULIA_Photos/101.JPG
RHN_c7c4a49785e431bbb4d7751f870b002c_BLE_ORTHONGEL.JPG,c7c4a49785e431bbb4d7751f870b002c,RHN-Rhincodon-typus,c7c4a49785e431bbb4d7751f870b002c,OA,Senne,20140522,BACKUP_IOTA_20250207/OCUP-OB/OA-300/330_OA_20140522-20140710_BLE_CFTO_CAP BOJADOR/OA_20140522-20140710_BLE_CFTO_CAPBOJADOR_Photos/5-PHOTOS/espèces/photos des requins baleines/calée 50_requin baleine (2).JPG
RHN_cc1831da0b0244778cf834d136745eff_RICHARD_TAAF.JPG,cc1831da0b0244778cf834d136745eff,RHN-Rhincodon-typus,cc1831da0b0244778cf834d136745eff,OI,Senne,20110428,BACKUP_IOTA_20250207/DCF Senne (TAAF)/2011/TAAF11-4_OI_20110428-20110529_SAP_FRANCHE TERRE_Richard/OI_20110428-20110529_SAP_TAAF11_FRANCHE TERRE_Richard_Photos/Poissons/canal epe/rb2.jpg.JPG
RHN_d1cfb70f01848e58dcfdd8194d58ae4e_WILLAUME_IRD.JPG,d1cfb70f01848e58dcfdd8194d58ae4e,RHN-Rhincodon-typus,d1cfb70f01848e58dcfdd8194d58ae4e,OI,Senne,20070723,BACKUP_IOTA_20250207/DCF Senne (IRD)/OI-200/217_OI_20070723-20070903_WILLAUME_CMB_STERENN/OI_20070723-20070903_WILLAUME_CMB_STERENN_Photos/18Requin baleinef/DSC00012.JPG
RHN_e95693eeb122dcba21028fa0fa26752a_CISSE_ORTHONGEL.jpg,e95693eeb122dcba21028fa0fa26752a,RHN-Rhincodon-typus,e95693eeb122dcba21028fa0fa26752a,OA,Senne,20180902,BACKUP_IOTA_20250207/OCUP-OB/OA-300/563a_OA_20180902-20181013_CISSE_CFTO_CAPBOJADOR/OA_20180902-20181013_CISSE_CFTO_CAPBOJADOR_Photos/IMG_20180925_095153.jpg
RHN_f03a080133adb54c17461ce4b0b4070d_BLE_ORTHONGEL.JPG,f03a080133adb54c17461ce4b0b4070d,RHN-Rhincodon-typus,f03a080133adb54c17461ce4b0b4070d,OA,Senne,20140522,BACKUP_IOTA_20250207/OCUP-OB/OA-300/330_OA_20140522-20140710_BLE_CFTO_CAP BOJADOR/OA_20140522-20140710_BLE_CFTO_CAPBOJADOR_Photos/5-PHOTOS/espèces/photos des requins baleines/calée 48_ requin baleine (22).JPG
RHN_fa4f2c7d5b9fd416c8cf76d4edc51665_MONDON_ORTHONGEL.jpg,fa4f2c7d5b9fd416c8cf76d4edc51665,RHN-Rhincodon-typus,fa4f2c7d5b9fd416c8cf76d4edc51665,OI,Senne,20180926,BACKUP_IOTA_20250207/OCUP-OB/OI-700/868a_OI_20180926-20181025_MONDON_SAP_BELLERIVE/OI_20180926-20181025_MONDON_SAP_BELLERIVE_Photos/IMG_20181002_114716.jpg
RMB_0d85e5d3e6e29d3c0a8d4c72868b8416_VEGA_IRD.JPG,0d85e5d3e6e29d3c0a8d4c72868b8416,RMB-Manta-birostris,0d85e5d3e6e29d3c0a8d4c72868b8416,OI,Senne,20190103,BACKUP_IOTA_20250207/DCF Senne (IRD)/OI-200/1200a_OI_20190103-20190129_VEGA_SAP_BERNICA/OI_20190103-20190129_VEGA_SAP_BERNICA_Photos/DSCF4095.JPG
RMB_1963a785c83b136354ffd89bb780cf7e_SIMON_IRD.JPG,1963a785c83b136354ffd89bb780cf7e,RMB-Manta-birostris,1963a785c83b136354ffd89bb780cf7e,OI,Senne,20131020,BACKUP_IOTA_20250207/DCF Senne (IRD)/OI-200/259_OI_20131020-20131202_SIMON_CFTO_TORRE GIULIA/OI_20131020-20131202_Simon_CFTO_TORRE GIULIA_Photos/96.JPG
RMB_1aa03b00996eebfdbb7397361a9f621f_NGUESSAN_ORTHONGEL.jpg,1aa03b00996eebfdbb7397361a9f621f,RMB-Manta-birostris,1aa03b00996eebfdbb7397361a9f621f,OA,Senne,20210320,BACKUP_IOTA_20250207/OCUP-OB/OA-300/675_OA_20210320-20210510_NGUESSAN_CFTO_GUERIDEN/OA_20210320-20210510_NGUESSAN_CFTO_GUERIDEN_Photos/20210426_c18_ RMB.jpg
RMB_1b66345d65a7864422c2508b774a33dc_VEGA_IRD.JPG,1b66345d65a7864422c2508b774a33dc,RMB-Manta-birostris,1b66345d65a7864422c2508b774a33dc,OI,Senne,20190103,BACKUP_IOTA_20250207/DCF Senne (IRD)/OI-200/1200a_OI_20190103-20190129_VEGA_SAP_BERNICA/OI_20190103-20190129_VEGA_SAP_BERNICA_Photos/DSCF4145.JPG
RMB_23d63c8c44190e09866ea0d7e258ede4_KRAMO_ORTHONGEL.JPG,23d63c8c44190e09866ea0d7e258ede4,RMB-Manta-birostris,23d63c8c44190e09866ea0d7e258ede4,OA,Senne,20191017,BACKUP_IOTA_20250207/OCUP-OB/OA-300/618a_OA_20191017-20191107_KRAMO_CFTO_GEVRED/OA_20191017-20191107_KRAMO_CFTO_GEVRED_Photos/SAM_1917.JPG
RMB_333d4c4e05d74cfa7ec0d20cb2f2cea5_SIMON_IRD.JPG,333d4c4e05d74cfa7ec0d20cb2f2cea5,RMB-Manta-birostris,333d4c4e05d74cfa7ec0d20cb2f2cea5,OI,Senne,20131020,BACKUP_IOTA_20250207/DCF Senne (IRD)/OI-200/259_OI_20131020-20131202_SIMON_CFTO_TORRE GIULIA/OI_20131020-20131202_Simon_CFTO_TORRE GIULIA_Photos/93.JPG
RMB_49224acfd5bde3c5442c9fcde854060f_RAKOTOMIRAHO_ORTHONGEL.JPG,49224acfd5bde3c5442c9fcde854060f,RMB-Manta-birostris,49224acfd5bde3c5442c9fcde854060f,OI,Senne,20190618,BACKUP_IOTA_20250207/OCUP-OB/OI-700/893_OI_20190618-20190804_RAKOTOMIRAHO_CFTO_TORREGIULIA/OI_20190618-20190804_RAKOTOMIRAHO_CFTO_TORREGIULIA_Photos/DSCF1218.JPG
RMB_4975f92460d30ad91ee1f15c899b8e7d_SIMON_IRD.JPG,4975f92460d30ad91ee1f15c899b8e7d,RMB-Manta-birostris,4975f92460d30ad91ee1f15c899b8e7d,OI,Senne,20131020,BACKUP_IOTA_20250207/DCF Senne (IRD)/OI-200/259_OI_20131020-20131202_SIMON_CFTO_TORRE GIULIA/OI_20131020-20131202_Simon_CFTO_TORRE GIULIA_Photos/94.JPG
RMB_4d613edb1079278f9827e72e59a572e2_VEGA_IRD.JPG,4d613edb1079278f9827e72e59a572e2,RMB-Manta-birostris,4d613edb1079278f9827e72e59a572e2,OI,Senne,20190103,BACKUP_IOTA_20250207/DCF Senne (IRD)/OI-200/1200a_OI_20190103-20190129_VEGA_SAP_BERNICA/OI_20190103-20190129_VEGA_SAP_BERNICA_Photos/DSCF4090.JPG
RMB_513c6bc7e8e9dcf5f102966e26dda01c_VEGA_IRD.JPG,513c6bc7e8e9dcf5f102966e26dda01c,RMB-Manta-birostris,513c6bc7e8e9dcf5f102966e26dda01c,OI,Senne,20190103,BACKUP_IOTA_20250207/DCF Senne (IRD)/OI-200/1200a_OI_20190103-20190129_VEGA_SAP_BERNICA/OI_20190103-20190129_VEGA_SAP_BERNICA_Photos/DSCF4138.JPG
RMB_591d1b6df697d5b5d20aeac0cad800c1_VEGA_IRD.JPG,591d1b6df697d5b5d20aeac0cad800c1,RMB-Manta-birostris,591d1b6df697d5b5d20aeac0cad800c1,OI,Senne,20190103,BACKUP_IOTA_20250207/DCF Senne (IRD)/OI-200/1200a_OI_20190103-20190129_VEGA_SAP_BERNICA/OI_20190103-20190129_VEGA_SAP_BERNICA_Photos/DSCF4149.JPG
RMB_68fcfa90ca611750056d1aab2cc57dc0_VEGA_IRD.JPG,68fcfa90ca611750056d1aab2cc57dc0,RMB-Manta-birostris,68fcfa90ca611750056d1aab2cc57dc0,OI,Senne,20190103,BACKUP_IOTA_20250207/DCF Senne (IRD)/OI-200/1200a_OI_20190103-20190129_VEGA_SAP_BERNICA/OI_20190103-20190129_VEGA_SAP_BERNICA_Photos/DSCF4137.JPG
RMB_6bcb216122b32e39e6d518ad2bf341aa_RAKOTOMIRAHO_ORTHONGEL.JPG,6bcb216122b32e39e6d518ad2bf341aa,RMB-Manta-birostris,6bcb216122b32e39e6d518ad2bf341aa,OI,Senne,20190618,BACKUP_IOTA_20250207/OCUP-OB/OI-700/893_OI_20190618-20190804_RAKOTOMIRAHO_CFTO_TORREGIULIA/OI_20190618-20190804_RAKOTOMIRAHO_CFTO_TORREGIULIA_Photos/DSCF1222.JPG
RMB_6bcd9e75a48b5956e9fa3c1d32719d6f_BLE_IRD.JPG,6bcd9e75a48b5956e9fa3c1d32719d6f,RMB-Manta-birostris,6bcd9e75a48b5956e9fa3c1d32719d6f,OA,Senne,20141014,BACKUP_IOTA_20250207/OCUP-OB/OA-300/350_OA_20141014-20141126_BLE_SAUPIQUET_VIA MISTRAL/OA_20141014-20141126_BLE_SAUPIQUET_VIA MISTRAL_Photos/PHOTOS/ESPECES/N°17_ RMB (6).JPG
RMB_89191e9d48a7a99573c3a347152cf332_BLE_IRD.JPG,89191e9d48a7a99573c3a347152cf332,RMB-Manta-birostris,89191e9d48a7a99573c3a347152cf332,OA,Senne,20141014,BACKUP_IOTA_20250207/OCUP-OB/OA-300/350_OA_20141014-20141126_BLE_SAUPIQUET_VIA MISTRAL/OA_20141014-20141126_BLE_SAUPIQUET_VIA MISTRAL_Photos/PHOTOS/ESPECES/N°17_ RMB (4).JPG
RMB_8f2ec4d4d916ac3a2e4bc627abdc1db5_RICHARD_TAAF.JPG,8f2ec4d4d916ac3a2e4bc627abdc1db5,RMB-Manta-birostris,8f2ec4d4d916ac3a2e4bc627abdc1db5,OI,Senne,20110428,BACKUP_IOTA_20250207/DCF Senne (TAAF)/2011/TAAF11-4_OI_20110428-20110529_SAP_FRANCHE TERRE_Richard/OI_20110428-20110529_SAP_TAAF11_FRANCHE TERRE_Richard_Photos/Poissons/150511FT19.jpg.JPG
RMB_907364296895ec7801afe321a80b1f82_HUBERT_IRD.JPG,907364296895ec7801afe321a80b1f82,RMB-Manta-birostris,907364296895ec7801afe321a80b1f82,OA,Senne,20080530,BACKUP_IOTA_20250207/DCF Senne (IRD)/OA-100/109_OA_20080530-20080709_HUBERT_CMB_AVEL VIZ/OA_20080530-20080709_HUBERT_CMB_AVEL VIZ_Photos/IMG_1145.JPG
RMB_9568c0001268e8ca4d25e2dcd7da3fad_KRAMO_ORTHONGEL.JPG,9568c0001268e8ca4d25e2dcd7da3fad,RMB-Manta-birostris,9568c0001268e8ca4d25e2dcd7da3fad,OA,Senne,20191017,BACKUP_IOTA_20250207/OCUP-OB/OA-300/618a_OA_20191017-20191107_KRAMO_CFTO_GEVRED/OA_20191017-20191107_KRAMO_CFTO_GEVRED_Photos/SAM_1918.JPG
RMB_a08b63c29776b23d3b16b4e47169358d_HUBERT_IRD.JPG,a08b63c29776b23d3b16b4e47169358d,RMB-Manta-birostris,a08b63c29776b23d3b16b4e47169358d,OA,Senne,20080530,BACKUP_IOTA_20250207/DCF Senne (IRD)/OA-100/109_OA_20080530-20080709_HUBERT_CMB_AVEL VIZ/OA_20080530-20080709_HUBERT_CMB_AVEL VIZ_Photos/IMG_1147.JPG
RMB_ae7d13215dd186f165a6af8dee9214a2_PIERRE_ORTHONGEL.jpg,ae7d13215dd186f165a6af8dee9214a2,RMB-Manta-birostris,ae7d13215dd186f165a6af8dee9214a2,OI,Senne,20180505,BACKUP_IOTA_20250207/OCUP-OB/OI-700/846a_OI_20180505-20180605_PIERRE_SAP_BERNICA/OI_20180505-20180605_PIERRE_SAP_BERNICA_Photos/20180602_115758.jpg
RMB_b6c6d30dd6f474885fa941c3250a35f0_RICHARD_TAAF.JPG,b6c6d30dd6f474885fa941c3250a35f0,RMB-Manta-birostris,b6c6d30dd6f474885fa941c3250a35f0,OI,Senne,20110428,BACKUP_IOTA_20250207/DCF Senne (TAAF)/2011/TAAF11-4_OI_20110428-20110529_SAP_FRANCHE TERRE_Richard/OI_20110428-20110529_SAP_TAAF11_FRANCHE TERRE_Richard_Photos/Poissons/150511FT21.jpg.JPG
RMB_c3215f0c58b13275b1d21a88372cc283_RICHARD_TAAF.JPG,c3215f0c58b13275b1d21a88372cc283,RMB-Manta-birostris,c3215f0c58b13275b1d21a88372cc283,OI,Senne,20110428,BACKUP_IOTA_20250207/DCF Senne (TAAF)/2011/TAAF11-4_OI_20110428-20110529_SAP_FRANCHE TERRE_Richard/OI_20110428-20110529_SAP_TAAF11_FRANCHE TERRE_Richard_Photos/Poissons/150511FT20.jpg.JPG
RMB_cefd954c708b97ed1b99b234e3115679_DOIN_TAAF.JPG,cefd954c708b97ed1b99b234e3115679,RMB-Manta-birostris,cefd954c708b97ed1b99b234e3115679,OI,Senne,20160413,BACKUP_IOTA_20250207/DCF Senne (TAAF)/2016/16-3b_OI_20160413-20160521_DOIN_SAPMER_BELOUVE/OI_20160413-20160521_DOIN_SAPMER_BELOUVE_Photos/P5021027_RMB_20160502.JPG
RMB_d087f549b2e2c723557d11ada5d8883f_KAMAGATE_ORTHONGEL.jpg,d087f549b2e2c723557d11ada5d8883f,RMB-Manta-birostris,d087f549b2e2c723557d11ada5d8883f,OA,Senne,20211206,BACKUP_IOTA_20250207/OCUP-OB/OA-300/1307_OA_20211206-20220124_KAMAGATE_VIAOCEAN_VIAALIZE/OA_20211206-20220124_KAMAGATE_VIAOCEAN_VIAALIZE_Photos/RMB_d087f549b2e2c723557d11ada5d8883f_KAMAGATE_ORTHONGEL.jpg
RMB_d62c9da11ebc11279ddefaa81de1c2f3_PIERRE_ORTHONGEL.jpg,d62c9da11ebc11279ddefaa81de1c2f3,RMB-Manta-birostris,d62c9da11ebc11279ddefaa81de1c2f3,OI,Senne,20180505,BACKUP_IOTA_20250207/OCUP-OB/OI-700/846a_OI_20180505-20180605_PIERRE_SAP_BERNICA/OI_20180505-20180605_PIERRE_SAP_BERNICA_Photos/20180602_115739.jpg
RMB_df7245b62903d10682db263bd7367338_RAKOTOMIRAHO_ORTHONGEL.JPG,df7245b62903d10682db263bd7367338,RMB-Manta-birostris,df7245b62903d10682db263bd7367338,OI,Senne,20190618,BACKUP_IOTA_20250207/OCUP-OB/OI-700/893_OI_20190618-20190804_RAKOTOMIRAHO_CFTO_TORREGIULIA/OI_20190618-20190804_RAKOTOMIRAHO_CFTO_TORREGIULIA_Photos/DSCF1221.JPG
RMB_f1b412f0cdbd2989e8fbee0df7b343cc_VEGA_IRD.JPG,f1b412f0cdbd2989e8fbee0df7b343cc,RMB-Manta-birostris,f1b412f0cdbd2989e8fbee0df7b343cc,OI,Senne,20190103,BACKUP_IOTA_20250207/DCF Senne (IRD)/OI-200/1200a_OI_20190103-20190129_VEGA_SAP_BERNICA/OI_20190103-20190129_VEGA_SAP_BERNICA_Photos/DSCF4151.JPG
RMB_f7307265e3562679d24217a0a352a47c_KRAMO_ORTHONGEL.JPG,f7307265e3562679d24217a0a352a47c,RMB-Manta-birostris,f7307265e3562679d24217a0a352a47c,OA,Senne,20191017,BACKUP_IOTA_20250207/OCUP-OB/OA-300/618a_OA_20191017-20191107_KRAMO_CFTO_GEVRED/OA_20191017-20191107_KRAMO_CFTO_GEVRED_Photos/SAM_1920.JPG
RMB_f7c11065f7d17ec74b3c7f6f9edf5c71_RAKOTOMIRAHO_ORTHONGEL.JPG,f7c11065f7d17ec74b3c7f6f9edf5c71,RMB-Manta-birostris,f7c11065f7d17ec74b3c7f6f9edf5c71,OI,Senne,20190618,BACKUP_IOTA_20250207/OCUP-OB/OI-700/893_OI_20190618-20190804_RAKOTOMIRAHO_CFTO_TORREGIULIA/OI_20190618-20190804_RAKOTOMIRAHO_CFTO_TORREGIULIA_Photos/DSCF1219.JPG
RMM_05f88a089666bed10c4002c4587c2bcc_AMARILLO_ORTHONGEL.JPG,05f88a089666bed10c4002c4587c2bcc,RMM-Mobula-mobular,05f88a089666bed10c4002c4587c2bcc,OA,Senne,20181011,BACKUP_IOTA_20250207/OCUP-OB/OA-300/569a_OA_20181011-20181126_DO ESPIRITO_CFTO_PENDRUC/OA_20181011-20181126_DO ESPIRITO_CFTO_PENDRUC_Photos/SDC16003.JPG
RMM_0a3261542d11c1465aca24a589856819_AMARILLO_ORTHONGEL.JPG,0a3261542d11c1465aca24a589856819,RMM-Mobula-mobular,0a3261542d11c1465aca24a589856819,OA,Senne,20181011,BACKUP_IOTA_20250207/OCUP-OB/OA-300/569a_OA_20181011-20181126_DO ESPIRITO_CFTO_PENDRUC/OA_20181011-20181126_DO ESPIRITO_CFTO_PENDRUC_Photos/SDC16006.JPG
RMM_0bf4065980d1f990a5a909125fe146d4_LEDANTEC_IRD.JPG,0bf4065980d1f990a5a909125fe146d4,RMM-Mobula-mobular,0bf4065980d1f990a5a909125fe146d4,OI,Senne,20140716,BACKUP_IOTA_20250207/DCF Senne (IRD)/OI-200/262b_OI_20140716-20140818_LE DANTEC_SAP_DOLOMIEU/OI_20140716-20140818_LE DANTEC_SAPMER_DOLOMIEU_Photos/Capture raie Mobula sp. 2 août 2014/12_RMV5.JPG
RMM_0e3b5744162e5e8874498d0b394f1ab7_MONIN_IRD.jpg,0e3b5744162e5e8874498d0b394f1ab7,RMM-Mobula-mobular,0e3b5744162e5e8874498d0b394f1ab7,OA,Senne,20190502,BACKUP_IOTA_20250207/DCF Senne (IRD)/OA-100/1104_OA_20190502-20190622_MONIN_CFTO_GEVRED/OA_20190502-20190622_MONIN_CFTO_GEVRED_Photos/photo du 06052019-RMV/Calée de 11h21 (6).jpg
RMM_1036cd588d3cf6872c1109cda99dd76d_RICHARD_TAAF.JPG,1036cd588d3cf6872c1109cda99dd76d,RMM-Mobula-mobular,1036cd588d3cf6872c1109cda99dd76d,OI,Senne,20110428,BACKUP_IOTA_20250207/DCF Senne (TAAF)/2011/TAAF11-4_OI_20110428-20110529_SAP_FRANCHE TERRE_Richard/OI_20110428-20110529_SAP_TAAF11_FRANCHE TERRE_Richard_Photos/Poissons/010511FT11.jpg.JPG
RMM_1e4c31ff0993983a91e6a76a848ed61e_MONIN_IRD.jpg,1e4c31ff0993983a91e6a76a848ed61e,RMM-Mobula-mobular,1e4c31ff0993983a91e6a76a848ed61e,OA,Senne,20190502,BACKUP_IOTA_20250207/DCF Senne (IRD)/OA-100/1104_OA_20190502-20190622_MONIN_CFTO_GEVRED/OA_20190502-20190622_MONIN_CFTO_GEVRED_Photos/photo du 05052019-RMV/Calée 2  (9).jpg
RMM_20120b8f2d3723fbaf7600f70bbafec9_VEGA_IRD.JPG,20120b8f2d3723fbaf7600f70bbafec9,RMM-Mobula-mobular,20120b8f2d3723fbaf7600f70bbafec9,OI,Senne,20180922,BACKUP_IOTA_20250207/DCF Senne (IRD)/OI-200/296a_OI_20180922-20181023_VEGA_CFTO_TREVIGNON/OI_20180922-20181023_VEGA_CFTO_TREVIGNON_Photos/DSCF0664.JPG
RMM_22cfdf55012ca6f9fa64881f15e9c0a2_RANDRIAMIHAJA_ORTHONGEL.JPG,22cfdf55012ca6f9fa64881f15e9c0a2,RMM-Mobula-mobular,22cfdf55012ca6f9fa64881f15e9c0a2,OI,Senne,20180909,BACKUP_IOTA_20250207/OCUP-OB/OI-700/863b_OI_20180909-20181001_RANDRIAMIHAJA_SAP_FRANCHE TERRE/OI_20180909-20181001_RANDRIAMIHAJA_SAP_FRANCHE TERRE_Photos/DSCF0160.JPG
RMM_28c24f3f0beae4a98f18305841d3bc22_DOSRAMOS_ORTHONGEL.JPG,28c24f3f0beae4a98f18305841d3bc22,RMM-Mobula-mobular,28c24f3f0beae4a98f18305841d3bc22,OA,Senne,20180805,BACKUP_IOTA_20250207/OCUP-OB/OA-300/559_OA_20180805-20180924_DOSRAMOS_CFTO_AVEL VOR/OA_20180805-20180924_DOSRAMOS_CFTO_AVEL VOR_Photos/SDC15946.JPG
RMM_2d00dcdaeae86b5784d79381e5cbb0a1_RANDRIAMIHAJA_ORTHONGEL.JPG,2d00dcdaeae86b5784d79381e5cbb0a1,RMM-Mobula-mobular,2d00dcdaeae86b5784d79381e5cbb0a1,OI,Senne,20180909,BACKUP_IOTA_20250207/OCUP-OB/OI-700/863b_OI_20180909-20181001_RANDRIAMIHAJA_SAP_FRANCHE TERRE/OI_20180909-20181001_RANDRIAMIHAJA_SAP_FRANCHE TERRE_Photos/DSCF0162.JPG
RMM_2fc6db82e3ca20b13e5cf76a1c382311_OUATTARA_ORTHONGEL.JPG,2fc6db82e3ca20b13e5cf76a1c382311,RMM-Mobula-mobular,2fc6db82e3ca20b13e5cf76a1c382311,OA,Senne,20191212,BACKUP_IOTA_20250207/OCUP-OB/OA-300/625_OA_20191212-20200131_OUATTARA_CFTO_GEVRED/OA_20191212-20200131_OUATTARA_CFTO_GEVRED_Photos/DSCF4279.JPG
RMM_30af82634eefebe545ec99db9d91e7a9_ADINGRA_ORTHONGEL.JPG,30af82634eefebe545ec99db9d91e7a9,RMM-Mobula-mobular,30af82634eefebe545ec99db9d91e7a9,OA,Senne,20160812,BACKUP_IOTA_20250207/OCUP-OB/OA-300/444b_OA_20160812_20160905_ADINGRA_CFTO_GUEOTEC/OA_20160812_20160905_ADINGRA_CFTO_GUEOTEC_Photos/5-PHOTOS/Espèces/N°3.JPG
RMM_34c263730bbe3e179d48033b6abc2da3_INAPOGUI_ORTHONGEL.JPG,34c263730bbe3e179d48033b6abc2da3,RMM-Mobula-mobular,34c263730bbe3e179d48033b6abc2da3,OA,Senne,20190427,BACKUP_IOTA_20250207/OCUP-OB/OA-300/596a_OA_20190427-20190525_INAPOGUI_SPQT_VIAEUROS/OA_20190427-20190525_ INAPOGUI_SPQT_VIAEUROS_Photos/DSCF8263.JPG
RMM_37913f4cd8c73a345f1552404e6ae890_LEDANTEC_IRD.JPG,37913f4cd8c73a345f1552404e6ae890,RMM-Mobula-mobular,37913f4cd8c73a345f1552404e6ae890,OI,Senne,20140716,BACKUP_IOTA_20250207/DCF Senne (IRD)/OI-200/262b_OI_20140716-20140818_LE DANTEC_SAP_DOLOMIEU/OI_20140716-20140818_LE DANTEC_SAPMER_DOLOMIEU_Photos/Capture raie Mobula sp. 2 août 2014/12_RMV2.JPG
RMM_3cc051cea8073f50d0c6eaa171b827f1_LABROSSE_IRD.JPG,3cc051cea8073f50d0c6eaa171b827f1,RMM-Mobula-mobular,3cc051cea8073f50d0c6eaa171b827f1,OI,Senne,20190423,BACKUP_IOTA_20250207/OCUP-OB/OI-700/885c_OI_20190423-20190512_LABROSSE_SAP_BELLERIVE/OI_20190423-20190512_LABROSSE_SAP_BELLERIVE_Photos/Set27 RMV 04.05.19/DSCF0639.JPG
RMM_4141953a33754e639441debc4ee3b7b3_OUATTARA_ORTHONGEL.JPG,4141953a33754e639441debc4ee3b7b3,RMM-Mobula-mobular,4141953a33754e639441debc4ee3b7b3,OA,Senne,20191212,BACKUP_IOTA_20250207/OCUP-OB/OA-300/625_OA_20191212-20200131_OUATTARA_CFTO_GEVRED/OA_20191212-20200131_OUATTARA_CFTO_GEVRED_Photos/DSCF4278.JPG
RMM_42a6b36d2b7da47e4eddf7df498b5989_RICHARD_TAAF.JPG,42a6b36d2b7da47e4eddf7df498b5989,RMM-Mobula-mobular,42a6b36d2b7da47e4eddf7df498b5989,OI,Senne,20110428,BACKUP_IOTA_20250207/DCF Senne (TAAF)/2011/TAAF11-4_OI_20110428-20110529_SAP_FRANCHE TERRE_Richard/OI_20110428-20110529_SAP_TAAF11_FRANCHE TERRE_Richard_Photos/Poissons/020511FT21.jpg.JPG
RMM_46316a9f548744a47046f329f277cb6c_BLE_ORTHONGEL.JPG,46316a9f548744a47046f329f277cb6c,RMM-Mobula-mobular,46316a9f548744a47046f329f277cb6c,OA,Senne,20141014,BACKUP_IOTA_20250207/OCUP-OB/OA-300/350_OA_20141014-20141126_BLE_SAUPIQUET_VIA MISTRAL/OA_20141014-20141126_BLE_SAUPIQUET_VIA MISTRAL_Photos/PHOTOS/ESPECES/N°4_RMV (3).JPG
RMM_4bed5b8709471461417d2bf404be6929_VEGA_IRD.JPG,4bed5b8709471461417d2bf404be6929,RMM-Mobula-mobular,4bed5b8709471461417d2bf404be6929,OI,Senne,20180922,BACKUP_IOTA_20250207/DCF Senne (IRD)/OI-200/296a_OI_20180922-20181023_VEGA_CFTO_TREVIGNON/OI_20180922-20181023_VEGA_CFTO_TREVIGNON_Photos/DSCF0656.JPG
RMM_59cc86744a7fd1bb74f1280ac4f1569e_MONIN_IRD.jpg,59cc86744a7fd1bb74f1280ac4f1569e,RMM-Mobula-mobular,59cc86744a7fd1bb74f1280ac4f1569e,OA,Senne,20190502,BACKUP_IOTA_20250207/DCF Senne (IRD)/OA-100/1104_OA_20190502-20190622_MONIN_CFTO_GEVRED/OA_20190502-20190622_MONIN_CFTO_GEVRED_Photos/photo du 05052019-RMV/Calée 2  (3).jpg
RMM_60a0a5f3ec63267fae00baf5c9b87a66_KOFFI_IRD.JPG,60a0a5f3ec63267fae00baf5c9b87a66,RMM-Mobula-mobular,60a0a5f3ec63267fae00baf5c9b87a66,OA,Senne,20181117,BACKUP_IOTA_20250207/DCF Senne (IRD)/OA-100/198a_OA_20181117-20181208_KOFFI_CFTO_GEVRED/OA_20181117-20181208_KOFFI_CFTO_GEVRED_Photos/Autres photos/SAM_3357.JPG
RMM_62214ee61b68b2a33f75ba81f9f12b54_TORRES_IRD.jpg,62214ee61b68b2a33f75ba81f9f12b54,RMM-Mobula-mobular,62214ee61b68b2a33f75ba81f9f12b54,OI,Senne,20090525,BACKUP_IOTA_20250207/DCF Senne (IRD)/OI-200/239_OI_20090525-20090628_TORRES_CMB_CAP ST VINCENT/OI_20090525_20090628_Torres_CMB_CAP ST VINCENT_Photos/09.06.09/Calée11/1/Photosp 019.jpg
RMM_682537aa121005419bfd3ecae0572b46_CAMARA_ORTHONGEL.JPG,682537aa121005419bfd3ecae0572b46,RMM-Mobula-mobular,682537aa121005419bfd3ecae0572b46,OA,Senne,20190406,BACKUP_IOTA_20250207/OCUP-OB/OA-300/592_OA_20190406-20190522_CAMARA_SPQT_VIA MISTRAL/OA_20190406-20190522_CAMARA_SPQT_VIA MISTRAL_Photos/DSCF4044.JPG
RMM_7269bda82af46719423911ab82e746a4_ANDREW_ORTHONGEL.JPG,7269bda82af46719423911ab82e746a4,RMM-Mobula-mobular,7269bda82af46719423911ab82e746a4,OI,Senne,20190727,BACKUP_IOTA_20250207/OCUP-OB/OI-700/902a_OI_20190727-20190821_ANDREW_SAP_BELLEISLE/OI_20190727-20190821_ANDREW_SAP_BELLEISLE_Photos/DSCF0304.JPG
RMM_731823c4f08bd21af3ad06b0acb995c3_EKPO_ORTHONGEL.jpg,731823c4f08bd21af3ad06b0acb995c3,RMM-Mobula-mobular,731823c4f08bd21af3ad06b0acb995c3,OA,Senne,20190813,BACKUP_IOTA_20250207/OCUP-OB/OA-300/611_OA_20190813-20190928_EKPO_CFTO_GUEOTEC/OA_ 20190813-20190928_EKPO_CFTO_GUEOTEC_Photos/RMM.jpg
RMM_732857c28a179430b6e521b51e999118_LEDANTEC_IRD.JPG,732857c28a179430b6e521b51e999118,RMM-Mobula-mobular,732857c28a179430b6e521b51e999118,OI,Senne,20140716,BACKUP_IOTA_20250207/DCF Senne (IRD)/OI-200/262b_OI_20140716-20140818_LE DANTEC_SAP_DOLOMIEU/OI_20140716-20140818_LE DANTEC_SAPMER_DOLOMIEU_Photos/Capture raie Mobula sp. 2 août 2014/12_RMV7.JPG
RMM_751690e210ba937bc87aac9f889e2e62_CAMARA_ORTHONGEL.JPG,751690e210ba937bc87aac9f889e2e62,RMM-Mobula-mobular,751690e210ba937bc87aac9f889e2e62,OA,Senne,20190406,BACKUP_IOTA_20250207/OCUP-OB/OA-300/592_OA_20190406-20190522_CAMARA_SPQT_VIA MISTRAL/OA_20190406-20190522_CAMARA_SPQT_VIA MISTRAL_Photos/DSCF4043.JPG
RMM_78055a3b6a74caf4b7cf324936d84eab_RICHARD_TAAF.JPG,78055a3b6a74caf4b7cf324936d84eab,RMM-Mobula-mobular,78055a3b6a74caf4b7cf324936d84eab,OI,Senne,20110428,BACKUP_IOTA_20250207/DCF Senne (TAAF)/2011/TAAF11-4_OI_20110428-20110529_SAP_FRANCHE TERRE_Richard/OI_20110428-20110529_SAP_TAAF11_FRANCHE TERRE_Richard_Photos/Poissons/020511FT20.jpg.JPG
RMM_7b569ff392b9c7d2a92d8e52b32bcf16_AMARILLO_ORTHONGEL.JPG,7b569ff392b9c7d2a92d8e52b32bcf16,RMM-Mobula-mobular,7b569ff392b9c7d2a92d8e52b32bcf16,OA,Senne,20181011,BACKUP_IOTA_20250207/OCUP-OB/OA-300/569a_OA_20181011-20181126_DO ESPIRITO_CFTO_PENDRUC/OA_20181011-20181126_DO ESPIRITO_CFTO_PENDRUC_Photos/SDC16008.JPG
RMM_87ae9a53bf770bccdec59f732615c175_ADINGRA_ORTHONGEL.JPG,87ae9a53bf770bccdec59f732615c175,RMM-Mobula-mobular,87ae9a53bf770bccdec59f732615c175,OA,Senne,20160812,BACKUP_IOTA_20250207/OCUP-OB/OA-300/444b_OA_20160812_20160905_ADINGRA_CFTO_GUEOTEC/OA_20160812_20160905_ADINGRA_CFTO_GUEOTEC_Photos/5-PHOTOS/Espèces/N°4.JPG
RMM_8af33f707d0487f7ae708e018a146402_SOW_ORTHONGEL.JPG,8af33f707d0487f7ae708e018a146402,RMM-Mobula-mobular,8af33f707d0487f7ae708e018a146402,OA,Senne,20180920,BACKUP_IOTA_20250207/OCUP-OB/OA-300/567_OA_20180920-20181112_SOW_CFTO_GEVRED/OA_20180920-20181112_SOW_CFTO_GEVRED_Photos/SAM_2810.JPG
RMM_8c74be79a4aa2046092ba76ac93d93f8_RICHARD_TAAF.JPG,8c74be79a4aa2046092ba76ac93d93f8,RMM-Mobula-mobular,8c74be79a4aa2046092ba76ac93d93f8,OI,Senne,20110428,BACKUP_IOTA_20250207/DCF Senne (TAAF)/2011/TAAF11-4_OI_20110428-20110529_SAP_FRANCHE TERRE_Richard/OI_20110428-20110529_SAP_TAAF11_FRANCHE TERRE_Richard_Photos/Poissons/150511FT9.jpg.JPG
RMM_8c803869e4816d6c3e1520a86972c5ec_EKPO_ORTHONGEL.JPG,8c803869e4816d6c3e1520a86972c5ec,RMM-Mobula-mobular,8c803869e4816d6c3e1520a86972c5ec,OA,Senne,20180809,BACKUP_IOTA_20250207/OCUP-OB/OA-300/562_OA_20180809-20181002_EKPO_CFTO_GUERIDEN/OA_20180809-20181002_EKPO_CFTO_GUERIDEN_Photos/08-Espèces/Raie/RMM 0.JPG
RMM_923cc5f6a62edd263881666abca86e87_DOSRAMOS_ORTHONGEL.JPG,923cc5f6a62edd263881666abca86e87,RMM-Mobula-mobular,923cc5f6a62edd263881666abca86e87,OA,Senne,20180805,BACKUP_IOTA_20250207/OCUP-OB/OA-300/559_OA_20180805-20180924_DOSRAMOS_CFTO_AVEL VOR/OA_20180805-20180924_DOSRAMOS_CFTO_AVEL VOR_Photos/SDC15953.JPG
RMM_9a213461867e96e96891652aab11d87f_ADRINGA_IRD.JPG,9a213461867e96e96891652aab11d87f,RMM-Mobula-mobular,9a213461867e96e96891652aab11d87f,OA,Senne,20180916,BACKUP_IOTA_20250207/DCF Senne (IRD)/OA-100/196_OA_20180916-20181029_ADINGRA_SQT_VIAMISTRAL/OA_20180916-20181029_ADINGRA_SQT_VIAMISTRAL_Photos/18.JPG
RMM_9bdb02a9fd15ec1bcc817ef6f91503bd_AFONSO_ORTHONGEL.jpg,9bdb02a9fd15ec1bcc817ef6f91503bd,RMM-Mobula-mobular,9bdb02a9fd15ec1bcc817ef6f91503bd,OA,Senne,20190509,BACKUP_IOTA_20250207/OCUP-OB/OA-300/597a_OA_20190509-20190612_AFONSO_CFTO_AVELVOR/OA_20190509-20190612_AFONSO_CFTO_AVELVOR_Photos/20190525_090954.jpg
RMM_a08b32a278308208b755448397175a7b_CAMARA_ORTHONGEL.JPG,a08b32a278308208b755448397175a7b,RMM-Mobula-mobular,a08b32a278308208b755448397175a7b,OA,Senne,20190406,BACKUP_IOTA_20250207/OCUP-OB/OA-300/592_OA_20190406-20190522_CAMARA_SPQT_VIA MISTRAL/OA_20190406-20190522_CAMARA_SPQT_VIA MISTRAL_Photos/DSCF4045.JPG
RMM_a523263074f535b6c4e21dacdf407a54_DIOH_ORTHONGEL.JPG,a523263074f535b6c4e21dacdf407a54,RMM-Mobula-mobular,a523263074f535b6c4e21dacdf407a54,OA,Senne,20190627,BACKUP_IOTA_20250207/OCUP-OB/OA-300/602a_OA_20190627-20190709_DIOH_CFTO_STERENN/OA_20190627-20190709_DIOH_CFTO_STERENN_Photos/DSCF1249.JPG
RMM_a6ac53b0a0fe2d40495b91d0dd98d8e0_ADINGRA_ORTHONGEL.JPG,a6ac53b0a0fe2d40495b91d0dd98d8e0,RMM-Mobula-mobular,a6ac53b0a0fe2d40495b91d0dd98d8e0,OA,Senne,20160812,BACKUP_IOTA_20250207/OCUP-OB/OA-300/444b_OA_20160812_20160905_ADINGRA_CFTO_GUEOTEC/OA_20160812_20160905_ADINGRA_CFTO_GUEOTEC_Photos/5-PHOTOS/Espèces/N°2.JPG
RMM_afd8f22bd2c337db5adcc2ae8c644c06_TORRES_IRD.jpg,afd8f22bd2c337db5adcc2ae8c644c06,RMM-Mobula-mobular,afd8f22bd2c337db5adcc2ae8c644c06,OI,Senne,20090525,BACKUP_IOTA_20250207/DCF Senne (IRD)/OI-200/239_OI_20090525-20090628_TORRES_CMB_CAP ST VINCENT/OI_20090525_20090628_Torres_CMB_CAP ST VINCENT_Photos/09.06.09/Calée11/1/Photosp 021.jpg
RMM_b120679f5f08ab6180fdd3c46c1466fc_TORRES_IRD.jpg,b120679f5f08ab6180fdd3c46c1466fc,RMM-Mobula-mobular,b120679f5f08ab6180fdd3c46c1466fc,OI,Senne,20090525,BACKUP_IOTA_20250207/DCF Senne (IRD)/OI-200/239_OI_20090525-20090628_TORRES_CMB_CAP ST VINCENT/OI_20090525_20090628_Torres_CMB_CAP ST VINCENT_Photos/09.06.09/Calée11/1/Photosp 024.jpg
RMM_b15e939b19c82e71ae88e93a4b613a11_ORTHONGEL_GOUE.JPG,b15e939b19c82e71ae88e93a4b613a11,RMM-Mobula-mobular,b15e939b19c82e71ae88e93a4b613a11,OA,Senne,20190510,BACKUP_IOTA_20250207/OCUP-OB/OA-300/598_OA_20190510_20190623_GOUE_SPQT_VIAAVENIR/OA_20190510-20190623_GOUE_SPQT_VIAAVENIR_Photos/DSCF9696.JPG
RMM_b1ee14fe910411bbac9f32aaf133ce74_BLE_ORTHONGEL.JPG,b1ee14fe910411bbac9f32aaf133ce74,RMM-Mobula-mobular,b1ee14fe910411bbac9f32aaf133ce74,OA,Senne,20141014,BACKUP_IOTA_20250207/OCUP-OB/OA-300/350_OA_20141014-20141126_BLE_SAUPIQUET_VIA MISTRAL/OA_20141014-20141126_BLE_SAUPIQUET_VIA MISTRAL_Photos/PHOTOS/ESPECES/N°5_RMV.JPG
RMM_c9770885984d317d392f0408f6a123c1_RICHARD_TAAF.JPG,c9770885984d317d392f0408f6a123c1,RMM-Mobula-mobular,c9770885984d317d392f0408f6a123c1,OI,Senne,20110428,BACKUP_IOTA_20250207/DCF Senne (TAAF)/2011/TAAF11-4_OI_20110428-20110529_SAP_FRANCHE TERRE_Richard/OI_20110428-20110529_SAP_TAAF11_FRANCHE TERRE_Richard_Photos/Poissons/010511FT12.jpg.JPG
RMM_ca9c22bf1dbca4bd450436dd8f366a07_ADRINGA_IRD.JPG,ca9c22bf1dbca4bd450436dd8f366a07,RMM-Mobula-mobular,ca9c22bf1dbca4bd450436dd8f366a07,OA,Senne,20180916,BACKUP_IOTA_20250207/DCF Senne (IRD)/OA-100/196_OA_20180916-20181029_ADINGRA_SQT_VIAMISTRAL/OA_20180916-20181029_ADINGRA_SQT_VIAMISTRAL_Photos/19.JPG
RMM_cb208f7dbc4dbcfa083ba75d63ababf3_MONIN_IRD.jpg,cb208f7dbc4dbcfa083ba75d63ababf3,RMM-Mobula-mobular,cb208f7dbc4dbcfa083ba75d63ababf3,OA,Senne,20190502,BACKUP_IOTA_20250207/DCF Senne (IRD)/OA-100/1104_OA_20190502-20190622_MONIN_CFTO_GEVRED/OA_20190502-20190622_MONIN_CFTO_GEVRED_Photos/photo du 05052019-RMV/Calée 2  (7).jpg
RMM_cdb77cb17c9a001159a4bd37f7d4a04e_MONIN_IRD.jpg,cdb77cb17c9a001159a4bd37f7d4a04e,RMM-Mobula-mobular,cdb77cb17c9a001159a4bd37f7d4a04e,OA,Senne,20190502,BACKUP_IOTA_20250207/DCF Senne (IRD)/OA-100/1104_OA_20190502-20190622_MONIN_CFTO_GEVRED/OA_20190502-20190622_MONIN_CFTO_GEVRED_Photos/photo du 06052019-RMV/Calée de 11h21 (2).jpg
RMM_d46e5594458430146b7bc922324ad719_ANDREW_ORTHONGEL.JPG,d46e5594458430146b7bc922324ad719,RMM-Mobula-mobular,d46e5594458430146b7bc922324ad719,OI,Senne,20190727,BACKUP_IOTA_20250207/OCUP-OB/OI-700/902a_OI_20190727-20190821_ANDREW_SAP_BELLEISLE/OI_20190727-20190821_ANDREW_SAP_BELLEISLE_Photos/DSCF0305.JPG
RMM_d683ce318d74da2da7ad2d62510d1b40_ANDREW_ORTHONGEL.JPG,d683ce318d74da2da7ad2d62510d1b40,RMM-Mobula-mobular,d683ce318d74da2da7ad2d62510d1b40,OI,Senne,20190727,BACKUP_IOTA_20250207/OCUP-OB/OI-700/902a_OI_20190727-20190821_ANDREW_SAP_BELLEISLE/OI_20190727-20190821_ANDREW_SAP_BELLEISLE_Photos/DSCF0296.JPG
RMM_d9034d5e2eeff0cc81c62f6d842acfcf_TORRES_IRD.jpg,d9034d5e2eeff0cc81c62f6d842acfcf,RMM-Mobula-mobular,d9034d5e2eeff0cc81c62f6d842acfcf,OI,Senne,20090525,BACKUP_IOTA_20250207/DCF Senne (IRD)/OI-200/239_OI_20090525-20090628_TORRES_CMB_CAP ST VINCENT/OI_20090525_20090628_Torres_CMB_CAP ST VINCENT_Photos/09.06.09/Calée11/1/Photosp 023.jpg
RMM_dc11751067d622913ba11edbc30117f0_BLE_ORTHONGEL.JPG,dc11751067d622913ba11edbc30117f0,RMM-Mobula-mobular,dc11751067d622913ba11edbc30117f0,OA,Senne,20141014,BACKUP_IOTA_20250207/OCUP-OB/OA-300/350_OA_20141014-20141126_BLE_SAUPIQUET_VIA MISTRAL/OA_20141014-20141126_BLE_SAUPIQUET_VIA MISTRAL_Photos/PHOTOS/ESPECES/N°4_RMV (2).JPG
RMM_e05da81a4c741b117e80fb078258c012_LABROSSE_IRD.JPG,e05da81a4c741b117e80fb078258c012,RMM-Mobula-mobular,e05da81a4c741b117e80fb078258c012,OI,Senne,20190423,BACKUP_IOTA_20250207/OCUP-OB/OI-700/885c_OI_20190423-20190512_LABROSSE_SAP_BELLERIVE/OI_20190423-20190512_LABROSSE_SAP_BELLERIVE_Photos/Set27 RMV 04.05.19/DSCF0641.JPG
RMM_e2b8df062cb2000e226ae4637f314d0b_AIRAUD_ORTHONGEL.JPG,e2b8df062cb2000e226ae4637f314d0b,RMM-Mobula-mobular,e2b8df062cb2000e226ae4637f314d0b,OI,Senne,20190119,BACKUP_IOTA_20250207/OCUP-OB/OI-700/877a_OI_20190119-20190218_AIRAUD_CFTO_CAPSTVINCENT/OI_20190119-20190218_AIRAUD_CFTO_CAPSTVINCENT_Photos/calÇe 13/1.JPG
RMM_e88d81c2ff58a7113295c9661bb2bb8a_EKPO_ORTHONGEL.JPG,e88d81c2ff58a7113295c9661bb2bb8a,RMM-Mobula-mobular,e88d81c2ff58a7113295c9661bb2bb8a,OA,Senne,20180809,BACKUP_IOTA_20250207/OCUP-OB/OA-300/562_OA_20180809-20181002_EKPO_CFTO_GUERIDEN/OA_20180809-20181002_EKPO_CFTO_GUERIDEN_Photos/08-Espèces/Raie/RMM 1.JPG
RMM_e9c115b8d98c4317c7abd73e1d3805ff_AIRAUD_ORTHONGEL.JPG,e9c115b8d98c4317c7abd73e1d3805ff,RMM-Mobula-mobular,e9c115b8d98c4317c7abd73e1d3805ff,OI,Senne,20190119,BACKUP_IOTA_20250207/OCUP-OB/OI-700/877a_OI_20190119-20190218_AIRAUD_CFTO_CAPSTVINCENT/OI_20190119-20190218_AIRAUD_CFTO_CAPSTVINCENT_Photos/calÇe 13/1bis.JPG
RMM_eb8e13fc6a7369a2b6f3c7142f2f7fa0_RICHARD_TAAF.JPG,eb8e13fc6a7369a2b6f3c7142f2f7fa0,RMM-Mobula-mobular,eb8e13fc6a7369a2b6f3c7142f2f7fa0,OI,Senne,20110428,BACKUP_IOTA_20250207/DCF Senne (TAAF)/2011/TAAF11-4_OI_20110428-20110529_SAP_FRANCHE TERRE_Richard/OI_20110428-20110529_SAP_TAAF11_FRANCHE TERRE_Richard_Photos/Poissons/150511FT13.jpg.JPG
RMM_ebdd9b328c97a1c47b02ad07887ee73a_INAPOGUI_ORTHONGEL.JPG,ebdd9b328c97a1c47b02ad07887ee73a,RMM-Mobula-mobular,ebdd9b328c97a1c47b02ad07887ee73a,OA,Senne,20190427,BACKUP_IOTA_20250207/OCUP-OB/OA-300/596a_OA_20190427-20190525_INAPOGUI_SPQT_VIAEUROS/OA_20190427-20190525_ INAPOGUI_SPQT_VIAEUROS_Photos/DSCF8213.JPG
RMM_ed14b2d9869e7fc110c0f201af962e4d_REBOUX_IRD.JPG,ed14b2d9869e7fc110c0f201af962e4d,RMM-Mobula-mobular,ed14b2d9869e7fc110c0f201af962e4d,OI,Senne,20150820,BACKUP_IOTA_20250207/DCF Senne (IRD)/OI-200/273a_OI_20150820-20150921_REBOUX_SAP_BELOUVE/OI_20150820-20150921_REBOUX_SAP_BELOUVE_Photos marée 1 & 2/OI_150923-151025_Reboux_SAPMER_BELOUVE_Photos/Raies/DSC09053.JPG
RMM_f14f5af448955f58d0cbcac10835707d_EKPO_ORTHONGEL.jpg,f14f5af448955f58d0cbcac10835707d,RMM-Mobula-mobular,f14f5af448955f58d0cbcac10835707d,OA,Senne,20190813,BACKUP_IOTA_20250207/OCUP-OB/OA-300/611_OA_20190813-20190928_EKPO_CFTO_GUEOTEC/OA_ 20190813-20190928_EKPO_CFTO_GUEOTEC_Photos/RMM'.jpg
RMM_f9cdbcb1547a6c88bf1f3c3e1a61d028_MONIN_IRD.jpg,f9cdbcb1547a6c88bf1f3c3e1a61d028,RMM-Mobula-mobular,f9cdbcb1547a6c88bf1f3c3e1a61d028,OA,Senne,20190502,BACKUP_IOTA_20250207/DCF Senne (IRD)/OA-100/1104_OA_20190502-20190622_MONIN_CFTO_GEVRED/OA_20190502-20190622_MONIN_CFTO_GEVRED_Photos/photo du 06052019-RMV/Calée de 11h21 (4).jpg
RMO_097398969ecbb7241b7f8523b9e95f0a_CASTRO_TAAF.JPG,097398969ecbb7241b7f8523b9e95f0a,RMO-Mobula-thurstoni,097398969ecbb7241b7f8523b9e95f0a,,Senne,20151504,BACKUP_IOTA_20250207/DCF Senne (TAAF)/2015/15-4a&b_Castro_MANAPANY/Copie CD/photos/Formulaires/Poissons/Calée_16_RMV/MAN_MCAS_RMV (2).JPG
RMO_442eb67e2845ecf2cd387b7ed141cfa8_HUILLIER_IRD.JPG,442eb67e2845ecf2cd387b7ed141cfa8,RMO-Mobula-thurstoni,442eb67e2845ecf2cd387b7ed141cfa8,OA,Senne,20110813,BACKUP_IOTA_20250207/DCF Senne (IRD)/OA-100/132_OA_20110813-20110927_HUILLIER_CFTO_AVEL VOR/OA_20110813-20110927_Huillier_CFTO_AVEL VOR_Photos/Espèces/43.JPG
RMO_8871be29dfd35731c0f3becc6e221063_BILE_IRD.JPG,8871be29dfd35731c0f3becc6e221063,RMO-Mobula-thurstoni,8871be29dfd35731c0f3becc6e221063,OA,Senne,20200915,BACKUP_IOTA_20250207/DCF Senne (IRD)/OA-100/1118_OA_20200915-20201027_BILE_SQT_VIAAVENIR/OA_20200915-20201027_BILE_SQT_VIAAVENIR_Photos/Calée 11/Calée11_RMO_01d.JPG
RMO_ae7030a92e530036927f4686585b60d0_CASTRO_TAAF.JPG,ae7030a92e530036927f4686585b60d0,RMO-Mobula-thurstoni,ae7030a92e530036927f4686585b60d0,,Senne,20151504,BACKUP_IOTA_20250207/DCF Senne (TAAF)/2015/15-4a&b_Castro_MANAPANY/Copie CD/photos/Formulaires/Poissons/Calée_16_RMV/MAN_MCAS_RMV (1).JPG
RMO_b2f4e7b9a6e5eeddba33d0e9e1690950_BILE_IRD.JPG,b2f4e7b9a6e5eeddba33d0e9e1690950,RMO-Mobula-thurstoni,b2f4e7b9a6e5eeddba33d0e9e1690950,OA,Senne,20200915,BACKUP_IOTA_20250207/DCF Senne (IRD)/OA-100/1118_OA_20200915-20201027_BILE_SQT_VIAAVENIR/OA_20200915-20201027_BILE_SQT_VIAAVENIR_Photos/Calée 22/Calée22_RMO_02c.JPG
RMO_b6dea567ba5cbc1c95749109fdb0c1d2_KOUAME_IRD.jpg,b6dea567ba5cbc1c95749109fdb0c1d2,RMO-Mobula-thurstoni,b6dea567ba5cbc1c95749109fdb0c1d2,OA,Senne,20200505,BACKUP_IOTA_20250207/DCF Senne (IRD)/OA-100/1114b_OA_20200505-20200608_KOUAME_SQT_VIAMISTRAL/OA_20200505-20200608_KOUAME_SQT_VIAMISTRAL_Photos/photos raies/Calée14_RMJ_02b.jpg
RMO_cd9a46ae4adc239e025aad6679fea59b_HUILLIER_IRD.JPG,cd9a46ae4adc239e025aad6679fea59b,RMO-Mobula-thurstoni,cd9a46ae4adc239e025aad6679fea59b,OA,Senne,20110813,BACKUP_IOTA_20250207/DCF Senne (IRD)/OA-100/132_OA_20110813-20110927_HUILLIER_CFTO_AVEL VOR/OA_20110813-20110927_Huillier_CFTO_AVEL VOR_Photos/Espèces/44.JPG
RMO_ce7ef3e87c86386f2b07c273dc6d3b07_KOUAME_IRD.jpg,ce7ef3e87c86386f2b07c273dc6d3b07,RMO-Mobula-thurstoni,ce7ef3e87c86386f2b07c273dc6d3b07,OA,Senne,20200505,BACKUP_IOTA_20250207/DCF Senne (IRD)/OA-100/1114b_OA_20200505-20200608_KOUAME_SQT_VIAMISTRAL/OA_20200505-20200608_KOUAME_SQT_VIAMISTRAL_Photos/photos raies/Calée14_RMJ_01a.jpg
RMO_d24d4cdb6875d9bf6974beed6399e6ce_BILE_IRD.JPG,d24d4cdb6875d9bf6974beed6399e6ce,RMO-Mobula-thurstoni,d24d4cdb6875d9bf6974beed6399e6ce,OA,Senne,20200915,BACKUP_IOTA_20250207/DCF Senne (IRD)/OA-100/1118_OA_20200915-20201027_BILE_SQT_VIAAVENIR/OA_20200915-20201027_BILE_SQT_VIAAVENIR_Photos/Calée 22/Calée22_RMO_01d.JPG
RMO_e4bec85a299c28815d7761be769855fe_BILE_IRD.JPG,e4bec85a299c28815d7761be769855fe,RMO-Mobula-thurstoni,e4bec85a299c28815d7761be769855fe,OA,Senne,20200915,BACKUP_IOTA_20250207/DCF Senne (IRD)/OA-100/1118_OA_20200915-20201027_BILE_SQT_VIAAVENIR/OA_20200915-20201027_BILE_SQT_VIAAVENIR_Photos/Calée 22/Calée22_RMO_01c.JPG
RMO_f82407c0a7ce044b6451ce4a919b1cf4_CASTRO_TAAF.JPG,f82407c0a7ce044b6451ce4a919b1cf4,RMO-Mobula-thurstoni,f82407c0a7ce044b6451ce4a919b1cf4,,Senne,20151504,BACKUP_IOTA_20250207/DCF Senne (TAAF)/2015/15-4a&b_Castro_MANAPANY/Copie CD/photos/Formulaires/Poissons/Calée_16_RMV/MAN_MCAS_RMV (3).JPG
RMO_fb0b401fce826b69da552261cfef24bd_CASTRO_TAAF.JPG,fb0b401fce826b69da552261cfef24bd,RMO-Mobula-thurstoni,fb0b401fce826b69da552261cfef24bd,,Senne,20151504,BACKUP_IOTA_20250207/DCF Senne (TAAF)/2015/15-4a&b_Castro_MANAPANY/Copie CD/photos/faune/15-04-15_raie diable/P1000535.JPG
RMT_0122529f45e569df733f98e35f6c060f_BLE_ORTHONGEL.JPG,0122529f45e569df733f98e35f6c060f,RMT-Mobula-tarapacana,0122529f45e569df733f98e35f6c060f,OA,Senne,20190330,BACKUP_IOTA_20250207/OCUP-OB/OA-300/584_OA_20190330-20190408_BLE_CFTO_CAPBOJADOR/OA_20190330-20190408_BLE_CFTO_CAPBOJADOR_Photos/RMV_calÇe 1 (1).JPG
RMT_026d0874480f007ee07254264aa64e86_LEFOL_IRD.JPG,026d0874480f007ee07254264aa64e86,RMT-Mobula-tarapacana,026d0874480f007ee07254264aa64e86,OA,Senne,20090913,BACKUP_IOTA_20250207/DCF Senne (IRD)/OA-100/113_OA_20090913-20091021_LEFOL_SPQ_VIA EUROS/OA_20090913-20091021_Le Fol_SPQ_VIA EUROS_Photos/photos especes/RMV/RMV1.JPG
RMT_084e8f5c9cee56b50be5e97061773427_FORESTIER_IRD.jpg,084e8f5c9cee56b50be5e97061773427,RMT-Mobula-tarapacana,084e8f5c9cee56b50be5e97061773427,OA,Senne,20110507,BACKUP_IOTA_20250207/DCF Senne (IRD)/OA-100/130_OA_20110507-20110620_FORESTIER_CFTO_AVEL VOR/OA_20110507-20110620_Forestier_CFTO_AVEL VOR_Photos/Photo 077_1.jpg
RMT_0b82ae73dd6570d347bb9282032b3b57_FORESTIER_IRD.jpg,0b82ae73dd6570d347bb9282032b3b57,RMT-Mobula-tarapacana,0b82ae73dd6570d347bb9282032b3b57,OA,Senne,20110507,BACKUP_IOTA_20250207/DCF Senne (IRD)/OA-100/130_OA_20110507-20110620_FORESTIER_CFTO_AVEL VOR/OA_20110507-20110620_Forestier_CFTO_AVEL VOR_Photos/Photo 092_2.jpg
RMT_0d2dbc3343a2297b28a28f6bc533c58e_ZOUZOUGBO_ORTHONGEL.JPG,0d2dbc3343a2297b28a28f6bc533c58e,RMT-Mobula-tarapacana,0d2dbc3343a2297b28a28f6bc533c58e,OA,Senne,20170426,BACKUP_IOTA_20250207/OCUP-OB/OA-300/497_OA_20170426-20170518_ZOUZOUGBO_CFTO_STERENN/OA_20170426-20170518_ZOUZOUGBO_CFTO_STERENN_Photos/5-PHOTOS/SAM_3444.JPG
RMT_1192aa8e11005410c1cb52ccf4c18fa7_MONIN_IRD.jpg,1192aa8e11005410c1cb52ccf4c18fa7,RMT-Mobula-tarapacana,1192aa8e11005410c1cb52ccf4c18fa7,OA,Senne,20190502,BACKUP_IOTA_20250207/DCF Senne (IRD)/OA-100/1104_OA_20190502-20190622_MONIN_CFTO_GEVRED/OA_20190502-20190622_MONIN_CFTO_GEVRED_Photos/Photo du 18052019-RMV/Calée 22  (1).jpg
RMT_122e3c85eca433a29f6117aaf18c3d0b_VEGA_IRD.JPG,122e3c85eca433a29f6117aaf18c3d0b,RMT-Mobula-tarapacana,122e3c85eca433a29f6117aaf18c3d0b,OI,Senne,20190103,BACKUP_IOTA_20250207/DCF Senne (IRD)/OI-200/1200a_OI_20190103-20190129_VEGA_SAP_BERNICA/OI_20190103-20190129_VEGA_SAP_BERNICA_Photos/DSCF4061.JPG
RMT_1515156541f2b23f74fa2a143afba3dc_KAUFFMAN_TAAF.JPG,1515156541f2b23f74fa2a143afba3dc,RMT-Mobula-tarapacana,1515156541f2b23f74fa2a143afba3dc,OI,Senne,20130305,BACKUP_IOTA_20250207/DCF Senne (TAAF)/2013/TAAF2013-1 MANAPANY Kauffmann/OI_20130305-20130424_TAAF_KAUFFMAN_MANAPANY_Photos/17.04/P4170016.JPG
RMT_2752015074a663012e0d4fe790f5d6a3_BLE_ORTHONGEL.JPG,2752015074a663012e0d4fe790f5d6a3,RMT-Mobula-tarapacana,2752015074a663012e0d4fe790f5d6a3,OA,Senne,20190330,BACKUP_IOTA_20250207/OCUP-OB/OA-300/584_OA_20190330-20190408_BLE_CFTO_CAPBOJADOR/OA_20190330-20190408_BLE_CFTO_CAPBOJADOR_Photos/N¯1 (2).JPG
RMT_27b965381b6fa41b44ffffa3508a4379_KOUAME_ORTHONGEL.JPG,27b965381b6fa41b44ffffa3508a4379,RMT-Mobula-tarapacana,27b965381b6fa41b44ffffa3508a4379,OA,Senne,20140722,BACKUP_IOTA_20250207/OCUP-OB/OA-300/339c_OA_20140722-20140903_KOUAME_SAUPIQUET_VIA EUROS/OA_20140722-20140903_KOUAME_SAUPIQUET_VIAEUROS_Photos/PHOTOS/RMB (1).JPG
RMT_2b32fbfc26fef48881a5630db8e249e9_KAUFFMAN_TAAF.JPG,2b32fbfc26fef48881a5630db8e249e9,RMT-Mobula-tarapacana,2b32fbfc26fef48881a5630db8e249e9,OI,Senne,20130305,BACKUP_IOTA_20250207/DCF Senne (TAAF)/2013/TAAF2013-1 MANAPANY Kauffmann/OI_20130305-20130424_TAAF_KAUFFMAN_MANAPANY_Photos/17.04/P4170040.JPG
RMT_2e231ca79e76426392f560910de9a231_VARENNE_IRD.JPG,2e231ca79e76426392f560910de9a231,RMT-Mobula-tarapacana,2e231ca79e76426392f560910de9a231,OI,Senne,20130125,BACKUP_IOTA_20250207/DCF Senne (IRD)/OI-200/257a_OI_20130125-20130227_VARENNE_SAP_BERNICA/OI_20131025-20130227_Varenne_SAP_BERNICA_Photos/calée 11.02.2013/11.JPG
RMT_2fdaf880030c16ce82958bdb6b2af5bf_LEFOL_IRD.JPG,2fdaf880030c16ce82958bdb6b2af5bf,RMT-Mobula-tarapacana,2fdaf880030c16ce82958bdb6b2af5bf,OA,Senne,20090913,BACKUP_IOTA_20250207/DCF Senne (IRD)/OA-100/113_OA_20090913-20091021_LEFOL_SPQ_VIA EUROS/OA_20090913-20091021_Le Fol_SPQ_VIA EUROS_Photos/photos especes/RMV/RMV2.JPG
RMT_354719987fc0ffc8f5112af5636b5f6b_MONIN_IRD.jpg,354719987fc0ffc8f5112af5636b5f6b,RMT-Mobula-tarapacana,354719987fc0ffc8f5112af5636b5f6b,OA,Senne,20190502,BACKUP_IOTA_20250207/DCF Senne (IRD)/OA-100/1104_OA_20190502-20190622_MONIN_CFTO_GEVRED/OA_20190502-20190622_MONIN_CFTO_GEVRED_Photos/Photo du 12052019-RMV/Calée 13 à 14h46 (2).jpg
RMT_35c2f82c7d0c6732374e3ca365f5b80a_FORESTIER_IRD.jpg,35c2f82c7d0c6732374e3ca365f5b80a,RMT-Mobula-tarapacana,35c2f82c7d0c6732374e3ca365f5b80a,OA,Senne,20110507,BACKUP_IOTA_20250207/DCF Senne (IRD)/OA-100/130_OA_20110507-20110620_FORESTIER_CFTO_AVEL VOR/OA_20110507-20110620_Forestier_CFTO_AVEL VOR_Photos/Photo 077_3.jpg
RMT_490a9991ee73a6a8d9ad10fb98433ef4_JAOUEN_DCF.JPG,490a9991ee73a6a8d9ad10fb98433ef4,RMT-Mobula-tarapacana,490a9991ee73a6a8d9ad10fb98433ef4,OA,Senne,20120520,BACKUP_IOTA_20250207/DCF Senne (IRD)/OA-100/139_OA_20120520-20120703_JAOUEN_SPQ_VIA EUROS/OA_20120520-20120703_ Jaouen_SPQ_VIA EUROS_Photos/fish ID/ird/15/DSCF1010.JPG
RMT_4f4e7edb15b7f0d61e5302e025943333_RANDRIAMIHAJA_ORTHONGEL.JPG,4f4e7edb15b7f0d61e5302e025943333,RMT-Mobula-tarapacana,,OI,Longline,,
RMT_5ec64ec2c53daa060bc91457c9b5e225_KAUFFMAN_TAAF.JPG,5ec64ec2c53daa060bc91457c9b5e225,RMT-Mobula-tarapacana,5ec64ec2c53daa060bc91457c9b5e225,OI,Senne,20130305,BACKUP_IOTA_20250207/DCF Senne (TAAF)/2013/TAAF2013-1 MANAPANY Kauffmann/OI_20130305-20130424_TAAF_KAUFFMAN_MANAPANY_Photos/17.04/P4170020.JPG
RMT_60dfd5184622a3f2ff7b5a90da228921_KRAMO_ORTHONGEL.jpg,60dfd5184622a3f2ff7b5a90da228921,RMT-Mobula-tarapacana,60dfd5184622a3f2ff7b5a90da228921,OA,Senne,20190416,BACKUP_IOTA_20250207/OCUP-OB/OA-300/593_OA_20190416-20190531_KRAMO _CFTO_CAPBOJADOR/OA_20190416-20190531_KRAMO _CFTO_CAPBOJADOR_Photos/IMG-20190618-WA0004.jpg
RMT_69f668a8e21c4f2376e06f606220db11_CAMARA_ORTHONGEL.JPG,69f668a8e21c4f2376e06f606220db11,RMT-Mobula-tarapacana,69f668a8e21c4f2376e06f606220db11,OA,Senne,20180914,BACKUP_IOTA_20250207/OCUP-OB/OA-300/566a_OA_20180914-20181015_CAMARA_CFTO_STERENN/OA_20180914-20181015_CAMARA_CFTO_STERENN_Photos/SAM_1587.JPG
RMT_789e1a07229abfb27b17033f8240435a_KRAMO_ORTHONGEL.JPG,789e1a07229abfb27b17033f8240435a,RMT-Mobula-tarapacana,789e1a07229abfb27b17033f8240435a,OA,Senne,20190919,BACKUP_IOTA_20250207/OCUP-OB/OA-300/609b_OA_20190919-20191007_KRAMO_CFTO_STERENN/OA_20190919-20191007_KRAMO_CFTO_STERENN_Photos/SAM_1890.JPG
RMT_7ff67e1eb69c3deea89875593a947ba9_VEGA_IRD.JPG,7ff67e1eb69c3deea89875593a947ba9,RMT-Mobula-tarapacana,7ff67e1eb69c3deea89875593a947ba9,OI,Senne,20190103,BACKUP_IOTA_20250207/DCF Senne (IRD)/OI-200/1200a_OI_20190103-20190129_VEGA_SAP_BERNICA/OI_20190103-20190129_VEGA_SAP_BERNICA_Photos/DSCF4063.JPG
RMT_8580c31eca54451cbf179c86e3d93019_KOSSONOU_ORTHONGEL.JPG,8580c31eca54451cbf179c86e3d93019,RMT-Mobula-tarapacana,8580c31eca54451cbf179c86e3d93019,OA,Senne,20160925,BACKUP_IOTA_20250207/OCUP-OB/OA-300/455_OA_20160925-20161101_KOSSONOU_CFTO_GEVRED/OA_20160925-20161101_KOSSONOU_CFTO_GEVRED_Photos/003.JPG
RMT_8775969e24ab6fe88293b0dd5a39ae71_KOFFI_ORTHONGEL.JPG,8775969e24ab6fe88293b0dd5a39ae71,RMT-Mobula-tarapacana,8775969e24ab6fe88293b0dd5a39ae71,OA,Senne,20170325,BACKUP_IOTA_20250207/OCUP-OB/OA-300/486_OA_20170325-20170510_KOFFI_SQT_VIAMISTRAL/OA_20170325-20170510_KOFFI_SQT_VIAMISTRAL_Photos/5-PHOTOS/DSCN7755.JPG
RMT_9149d0fe727e6e5ede682c9a26f47422_GOUE_ORTHONGEL.JPG,9149d0fe727e6e5ede682c9a26f47422,RMT-Mobula-tarapacana,9149d0fe727e6e5ede682c9a26f47422,OA,Senne,20190510,BACKUP_IOTA_20250207/OCUP-OB/OA-300/598_OA_20190510_20190623_GOUE_SPQT_VIAAVENIR/OA_20190510-20190623_GOUE_SPQT_VIAAVENIR_Photos/DSCF9687.JPG
RMT_9c7bcc53a351a59fa18a7b9af3d28d7e_FORESTIER_IRD.jpg,9c7bcc53a351a59fa18a7b9af3d28d7e,RMT-Mobula-tarapacana,9c7bcc53a351a59fa18a7b9af3d28d7e,OA,Senne,20110507,BACKUP_IOTA_20250207/DCF Senne (IRD)/OA-100/130_OA_20110507-20110620_FORESTIER_CFTO_AVEL VOR/OA_20110507-20110620_Forestier_CFTO_AVEL VOR_Photos/Photo 077_2.jpg
RMT_9cc95b31b7b1ab54f764acfca09ba97c_CAMARA_ORTHONGEL.JPG,9cc95b31b7b1ab54f764acfca09ba97c,RMT-Mobula-tarapacana,9cc95b31b7b1ab54f764acfca09ba97c,OA,Senne,20180914,BACKUP_IOTA_20250207/OCUP-OB/OA-300/566a_OA_20180914-20181015_CAMARA_CFTO_STERENN/OA_20180914-20181015_CAMARA_CFTO_STERENN_Photos/SAM_1586.JPG
RMT_9d087af4403da3095ec6073fb6774f14_AKAFFOU_ORTHONGEL.JPG,9d087af4403da3095ec6073fb6774f14,RMT-Mobula-tarapacana,9d087af4403da3095ec6073fb6774f14,OA,Senne,20160706,BACKUP_IOTA_20250207/OCUP-OB/OA-300/441a_OA_20160706-20160728_AKAFFOU_SAUPIQUET_VIAEUROS/OA_20160706-20160728_AKAFFOU_SAUPIQUET_VIAEUROS_Photos & vidéos/PHOTOS/SAM_3122.JPG
RMT_a21eef7089e94415e18ca2aa7ca01edb_VARENNE_IRD.JPG,a21eef7089e94415e18ca2aa7ca01edb,RMT-Mobula-tarapacana,a21eef7089e94415e18ca2aa7ca01edb,OI,Senne,20130125,BACKUP_IOTA_20250207/DCF Senne (IRD)/OI-200/257a_OI_20130125-20130227_VARENNE_SAP_BERNICA/OI_20131025-20130227_Varenne_SAP_BERNICA_Photos/calée 11.02.2013/12.JPG
RMT_a242fe65e577bc5b0fc8b8dcc7acbb94_WINKLER_IRD.JPG,a242fe65e577bc5b0fc8b8dcc7acbb94,RMT-Mobula-tarapacana,a242fe65e577bc5b0fc8b8dcc7acbb94,OA,Senne,20100318,BACKUP_IOTA_20250207/DCF Senne (IRD)/OA-100/118_OA_20100318_20100422_WINKLER_CMB_CAP BOJADOR/OA_20100318_20100422_WINKLER_CMB_CAP BOJADOR_Photo especes-OA-Winkler Joachim-Cap Bojador-100318_100422/5.JPG
RMT_ac3123d7207d73dcc223f4770cd52c47_RANDRIAMIHAJA_ORTHONGEL.JPG,ac3123d7207d73dcc223f4770cd52c47,RMT-Mobula-tarapacana,,OI,Longline,,
RMT_add56550ee37e6667001645aad3d4f0c_ALLANGBA_IRD.JPG,add56550ee37e6667001645aad3d4f0c,RMT-Mobula-tarapacana,add56550ee37e6667001645aad3d4f0c,OA,Senne,20150815,BACKUP_IOTA_20250207/DCF Senne (IRD)/OA-100/171_OA_20150815_20150925_ALLANGBA_CFTO_CAPBOJADOR/OA_20150815-20150927_ALLANGBA_CFTO_CAP BOJADOR_Photos/5-PHOTOS/Especes/selaciens/IMG_3341.JPG
RMT_c53a09ae34eee5bbbbce7a94f69a7295_AKAFFOU_ORTHONGEL.JPG,c53a09ae34eee5bbbbce7a94f69a7295,RMT-Mobula-tarapacana,c53a09ae34eee5bbbbce7a94f69a7295,OA,Senne,20160706,BACKUP_IOTA_20250207/OCUP-OB/OA-300/441a_OA_20160706-20160728_AKAFFOU_SAUPIQUET_VIAEUROS/OA_20160706-20160728_AKAFFOU_SAUPIQUET_VIAEUROS_Photos & vidéos/PHOTOS/SAM_3123.JPG
RMT_caa45cfecd6901041d96a7ed2496db37_KOSSONOU_ORTHONGEL.JPG,caa45cfecd6901041d96a7ed2496db37,RMT-Mobula-tarapacana,caa45cfecd6901041d96a7ed2496db37,OA,Senne,20160925,BACKUP_IOTA_20250207/OCUP-OB/OA-300/455_OA_20160925-20161101_KOSSONOU_CFTO_GEVRED/OA_20160925-20161101_KOSSONOU_CFTO_GEVRED_Photos/004.JPG
RMT_cc6592e617e005a60f1c802f18649207_VARENNE_IRD.JPG,cc6592e617e005a60f1c802f18649207,RMT-Mobula-tarapacana,cc6592e617e005a60f1c802f18649207,OI,Senne,20130125,BACKUP_IOTA_20250207/DCF Senne (IRD)/OI-200/257a_OI_20130125-20130227_VARENNE_SAP_BERNICA/OI_20131025-20130227_Varenne_SAP_BERNICA_Photos/calée 11.02.2013/14.JPG
RMT_cd84484101bab3d4feac35dc1e098514_MONIN_IRD.jpg,cd84484101bab3d4feac35dc1e098514,RMT-Mobula-tarapacana,cd84484101bab3d4feac35dc1e098514,OA,Senne,20190502,BACKUP_IOTA_20250207/DCF Senne (IRD)/OA-100/1104_OA_20190502-20190622_MONIN_CFTO_GEVRED/OA_20190502-20190622_MONIN_CFTO_GEVRED_Photos/Photo du 12052019-RMV/Calée 13 à 14h46 (1).jpg
RMT_d54fc0c5191f46c3c6a598d4d6ee26bb_ALLANGBA_IRD.JPG,d54fc0c5191f46c3c6a598d4d6ee26bb,RMT-Mobula-tarapacana,d54fc0c5191f46c3c6a598d4d6ee26bb,OA,Senne,20150815,BACKUP_IOTA_20250207/DCF Senne (IRD)/OA-100/171_OA_20150815_20150925_ALLANGBA_CFTO_CAPBOJADOR/OA_20150815-20150927_ALLANGBA_CFTO_CAP BOJADOR_Photos/5-PHOTOS/Especes/selaciens/IMG_3342.JPG
RMT_db9b48395cce83b92e07fed43148d58d_WINKLER_IRD.JPG,db9b48395cce83b92e07fed43148d58d,RMT-Mobula-tarapacana,db9b48395cce83b92e07fed43148d58d,OA,Senne,20100318,BACKUP_IOTA_20250207/DCF Senne (IRD)/OA-100/118_OA_20100318_20100422_WINKLER_CMB_CAP BOJADOR/OA_20100318_20100422_WINKLER_CMB_CAP BOJADOR_Photo especes-OA-Winkler Joachim-Cap Bojador-100318_100422/8.JPG
RMT_debec6252d4e8e468682f45fc3e6767e_KOFFI_ORTHONGEL.JPG,debec6252d4e8e468682f45fc3e6767e,RMT-Mobula-tarapacana,debec6252d4e8e468682f45fc3e6767e,OA,Senne,20170325,BACKUP_IOTA_20250207/OCUP-OB/OA-300/486_OA_20170325-20170510_KOFFI_SQT_VIAMISTRAL/OA_20170325-20170510_KOFFI_SQT_VIAMISTRAL_Photos/5-PHOTOS/SAM_1726.JPG
RMT_dedcc00c010e4f408852dc49100b107a_RANDRIAMIHAJA_ORTHONGEL.JPG,dedcc00c010e4f408852dc49100b107a,RMT-Mobula-tarapacana,,OI,Longline,,
RMT_e986a278e10904349ed4e5bc62237ad6_CISSE_ORTHONGEL.jpg,e986a278e10904349ed4e5bc62237ad6,RMT-Mobula-tarapacana,e986a278e10904349ed4e5bc62237ad6,OA,Senne,20190420,BACKUP_IOTA_20250207/OCUP-OB/OA-300/594_OA_20190420-20190608_CISSE_CFTO_GUEOTEC/OA_20190420-20190608_CISSE_CFTO_GUEOTEC_Photos/IMG_20190511_174957.jpg
RMT_ecfe04879b5f1e43e15c42733df6c1a9_MONIN_IRD.jpg,ecfe04879b5f1e43e15c42733df6c1a9,RMT-Mobula-tarapacana,ecfe04879b5f1e43e15c42733df6c1a9,OA,Senne,20190502,BACKUP_IOTA_20250207/DCF Senne (IRD)/OA-100/1104_OA_20190502-20190622_MONIN_CFTO_GEVRED/OA_20190502-20190622_MONIN_CFTO_GEVRED_Photos/Photo du 12052019-RMV/Calée 13 à 14h46 (3).jpg
RMT_edc927c332965e0bb58895382a68d7d6_FORESTIER_IRD.jpg,edc927c332965e0bb58895382a68d7d6,RMT-Mobula-tarapacana,edc927c332965e0bb58895382a68d7d6,OA,Senne,20110507,BACKUP_IOTA_20250207/DCF Senne (IRD)/OA-100/130_OA_20110507-20110620_FORESTIER_CFTO_AVEL VOR/OA_20110507-20110620_Forestier_CFTO_AVEL VOR_Photos/Photo 092_1.jpg
RMT_f2be1ae91b70a804d26ce5632592a7ca_ALLANGBA_IRD.JPG,f2be1ae91b70a804d26ce5632592a7ca,RMT-Mobula-tarapacana,f2be1ae91b70a804d26ce5632592a7ca,OA,Senne,20150815,BACKUP_IOTA_20250207/DCF Senne (IRD)/OA-100/171_OA_20150815_20150925_ALLANGBA_CFTO_CAPBOJADOR/OA_20150815-20150927_ALLANGBA_CFTO_CAP BOJADOR_Photos/5-PHOTOS/Especes/selaciens/IMG_3249.JPG
RRU_014d25cfe3381f701fe5ecd69f9ae52f_DERRIDJ_IRD.jpg,014d25cfe3381f701fe5ecd69f9ae52f,RRU-Elagatis-bipinnulata,014d25cfe3381f701fe5ecd69f9ae52f,OA,Senne,20090705,BACKUP_IOTA_20250207/DCF Senne (IRD)/OA-100/112_OA_20090705_20090821_DERRIDJ_CMB_MEN GOE/OA_20090705_20090821_Derridj_CMB_MEN GOE_Photos/PHOTO 2 FCR Elagatis bipinnulata.jpg
RRU_09f066e1e55c164d2782352eab8e1f8b_ASSOUGBA_ORTHONGEL.JPG,09f066e1e55c164d2782352eab8e1f8b,RRU-Elagatis-bipinnulata,09f066e1e55c164d2782352eab8e1f8b,OA,Senne,20150228,BACKUP_IOTA_20250207/OCUP-OB/OA-300/369_OA_20150228-20150327_ASSOUGBA_SAUPIQUET_VIA AVENIR/OA_20150228-20150327_ASSOUGBA_SAUPIQUET_VIAAVENIR_Photos/PHOTOS/IMG_1415.JPG
RRU_0bb03e51c949f0d7a12f906113a826e0_LEDANTEC_IRD.JPG,0bb03e51c949f0d7a12f906113a826e0,RRU-Elagatis-bipinnulata,0bb03e51c949f0d7a12f906113a826e0,OI,Senne,20140716,BACKUP_IOTA_20250207/DCF Senne (IRD)/OI-200/262b_OI_20140716-20140818_LE DANTEC_SAP_DOLOMIEU/OI_20140716-20140818_LE DANTEC_SAPMER_DOLOMIEU_Photos/Photos poissons rejet/5_RRU.JPG
RRU_11734ee446c1ebfc621a7ecbbd560520_ALLANGBA_ORTHONGEL.JPG,11734ee446c1ebfc621a7ecbbd560520,RRU-Elagatis-bipinnulata,11734ee446c1ebfc621a7ecbbd560520,OA,Senne,20160521,BACKUP_IOTA_20250207/OCUP-OB/OA-300/434a_OA_20160521-20160626_ALLANGBA_CFTO_CAPBOJADOR/OA_20160521-20160626_ALLANGBA_CFTO_CAPBOJADOR_Photos & vidéos/PHOTOS/Autres poissons/SAM_0014 (2).JPG
RRU_20e37d5a2e6cb61a9670e86b6520c18b_KOUAME_ORTHONGEL.JPG,20e37d5a2e6cb61a9670e86b6520c18b,RRU-Elagatis-bipinnulata,20e37d5a2e6cb61a9670e86b6520c18b,OA,Senne,20150408,BACKUP_IOTA_20250207/OCUP-OB/OA-300/377_OA_20150408-20150517_KOUAME_SAUPIQUET_VIAHARMATTAN/OA_20150408-20150517_KOUAME_SAUPIQUET_VIAHARMATTAN_Photos/PHOTOS/Opération de pêche/RRU.JPG
RRU_21a4881cf0678503b9ea423000ebb355_BERTHELEME_IRD.jpg,21a4881cf0678503b9ea423000ebb355,RRU-Elagatis-bipinnulata,21a4881cf0678503b9ea423000ebb355,OA,Senne,20100928,BACKUP_IOTA_20250207/DCF Senne (IRD)/OA-100/125_OA_20100928-20101109_BERTHELEME_CMB_CAP BOJADOR/OA_20100928-20101109_BERTHELEME_CMB_CAP BOJADOR_Photos/Photo Bojador total/transfert 333.jpg
RRU_2214b4684ffac06a56dfb3d0a5d26619_RAKOTOMIRAHO_ORTHONGEL.JPG,2214b4684ffac06a56dfb3d0a5d26619,RRU-Elagatis-bipinnulata,2214b4684ffac06a56dfb3d0a5d26619,OI,Senne,20160426,BACKUP_IOTA_20250207/OCUP-OB/OI-700/761a_OI_20160426-20160504_RAKOTOMIRAHO_SAP_BELLEISLE/OI_20160426-20160628_RAKOTOMIRAHO_SAP_BELLEISLE_Photos/DSCF0021.JPG
RRU_237bd5547bb9b8c1cfdf4847f9ff03c0_TOUSSAINT_TAAF.JPG,237bd5547bb9b8c1cfdf4847f9ff03c0,RRU-Elagatis-bipinnulata,237bd5547bb9b8c1cfdf4847f9ff03c0,OI,Senne,20170228,BACKUP_IOTA_20250207/DCF Senne (TAAF)/2017/17-4a_OI_20170228-20170330_TOUSSAINT_SAPMER_MANAPANY_IRD/OI_20170228-20170330_TOUSSAINT_SAPMER_MANAPANY_IRD_Photos/RRU.JPG
RRU_2c51d5a371abdaec2368513cd8997c25_DAO_ORTHONGEL.JPG,2c51d5a371abdaec2368513cd8997c25,RRU-Elagatis-bipinnulata,2c51d5a371abdaec2368513cd8997c25,OA,Senne,20141214,BACKUP_IOTA_20250207/OCUP-OB/OA-300/358a_OA_20141214-20150114_DAO_SAUPIQUET_VIA EUROS/OA_20141214-20150114_DAO_SAUPIQUET_VIA EUROS_Photos/PHOTOS/SAM_1646.JPG
RRU_3f1845cf040329af244123d937c4130e_WINKLER_IRD.JPG,3f1845cf040329af244123d937c4130e,RRU-Elagatis-bipinnulata,3f1845cf040329af244123d937c4130e,OA,Senne,20100206,BACKUP_IOTA_20250207/DCF Senne (IRD)/OA-100/117_OA_20100206_20100316_WINKLER_CMB_GUEOTEC/OA_20100206_20100316_WINKLER_CMB_GUEOTEC_Photos/Photos especes - OA- Winkler Joachim- Gueotec- 100206_100316/7.JPG
RRU_416f24773fac6da54e21055802b19b81_RADEGONDE_ORTHONGEL.JPG,416f24773fac6da54e21055802b19b81,RRU-Elagatis-bipinnulata,416f24773fac6da54e21055802b19b81,OI,Senne,20180914,BACKUP_IOTA_20250207/OCUP-OB/OI-700/874a_OI_20180914-20181008_RADEGONDE_SAP_BELOUVE/OI_20180914-20181008_RADEGONDE_SAP_BELOUVE_Photos/DSCF0771.JPG
RRu_42255baa16363760323860a77888ee9e_BERTHELEME_IRD.jpg,42255baa16363760323860a77888ee9e,RRU-Elagatis-bipinnulata,42255baa16363760323860a77888ee9e,OA,Senne,20100928,BACKUP_IOTA_20250207/DCF Senne (IRD)/OA-100/125_OA_20100928-20101109_BERTHELEME_CMB_CAP BOJADOR/OA_20100928-20101109_BERTHELEME_CMB_CAP BOJADOR_Photos/Photo Bojador total/transfert 324.jpg
RRU_42bc2c8576dc0a16f6a1dd6bf7c51796_MOEC_IRD.JPG,42bc2c8576dc0a16f6a1dd6bf7c51796,RRU-Elagatis-bipinnulata,42bc2c8576dc0a16f6a1dd6bf7c51796,OA,Senne,20081201,BACKUP_IOTA_20250207/DCF Senne (IRD)/OA-100/111_OA_20081201_20090105_MOEC_CMB_AVEL VOR/OA_20081201_20090105_MOEC_CMB_AVEL VOR_Photos/photo 4.JPG
RRU_4469f9dfe667d84cfd18cd0da962988a_RADEGONDE_ORTHONGEL.JPG,4469f9dfe667d84cfd18cd0da962988a,RRU-Elagatis-bipinnulata,4469f9dfe667d84cfd18cd0da962988a,OI,Senne,20180914,BACKUP_IOTA_20250207/OCUP-OB/OI-700/874a_OI_20180914-20181008_RADEGONDE_SAP_BELOUVE/OI_20180914-20181008_RADEGONDE_SAP_BELOUVE_Photos/DSCF0745.JPG
RRU_45f63a49ef14a9499fd9e52a6969bbc3_RADEGONDE_ORTHONGEL.JPG,45f63a49ef14a9499fd9e52a6969bbc3,RRU-Elagatis-bipinnulata,45f63a49ef14a9499fd9e52a6969bbc3,OI,Senne,20180914,BACKUP_IOTA_20250207/OCUP-OB/OI-700/874a_OI_20180914-20181008_RADEGONDE_SAP_BELOUVE/OI_20180914-20181008_RADEGONDE_SAP_BELOUVE_Photos/DSCF0758.JPG
RRU_4ae674be74bc9209709aa388843a2742_RADEGONDE_ORTHONGEL.JPG,4ae674be74bc9209709aa388843a2742,RRU-Elagatis-bipinnulata,4ae674be74bc9209709aa388843a2742,OI,Senne,20180914,BACKUP_IOTA_20250207/OCUP-OB/OI-700/874a_OI_20180914-20181008_RADEGONDE_SAP_BELOUVE/OI_20180914-20181008_RADEGONDE_SAP_BELOUVE_Photos/DSCF0739.JPG
RRU_573de12b8148360677b8525e11c79bce_LAJOURNADE_IRD.JPG,573de12b8148360677b8525e11c79bce,RRU-Elagatis-bipinnulata,573de12b8148360677b8525e11c79bce,OI,Senne,20081018,BACKUP_IOTA_20250207/DCF Senne (IRD)/OI-200/233_OI_20081018-20081201_LAJOURNARDE_CMB_ AVEL VAD/OI_20081018_20081201_LAJOURNADE_CMB_ AVEL VAD_Photos/Photos calee 2/2-10.JPG
RRU_5e9eca6f6462cb5d6fd672ac7f906f59_SINON_ORTHONGEL.JPG,5e9eca6f6462cb5d6fd672ac7f906f59,RRU-Elagatis-bipinnulata,5e9eca6f6462cb5d6fd672ac7f906f59,OI,Senne,20150926,BACKUP_IOTA_20250207/OCUP-OB/OI-700/740a_OI_20150926-20151028_SINON_SAP_BELLE ISLE/OI_20150926-20151028_SINON_SAP_BELLE ISLE_Photos-pb-dates/DSCF0131.JPG
RRU_6572b34c5464ddbda003c91bb800ac68_BERTHELEME_IRD.jpg,6572b34c5464ddbda003c91bb800ac68,RRU-Elagatis-bipinnulata,6572b34c5464ddbda003c91bb800ac68,OA,Senne,20100928,BACKUP_IOTA_20250207/DCF Senne (IRD)/OA-100/125_OA_20100928-20101109_BERTHELEME_CMB_CAP BOJADOR/OA_20100928-20101109_BERTHELEME_CMB_CAP BOJADOR_Photos/Photo Bojador total/transfert 438.jpg
RRU_7aaf56e54b3acbfdff3cb1ef5f5d7a3d_VEGA_IRD.JPG,7aaf56e54b3acbfdff3cb1ef5f5d7a3d,RRU-Elagatis-bipinnulata,7aaf56e54b3acbfdff3cb1ef5f5d7a3d,OI,Senne,20180922,BACKUP_IOTA_20250207/DCF Senne (IRD)/OI-200/296a_OI_20180922-20181023_VEGA_CFTO_TREVIGNON/OI_20180922-20181023_VEGA_CFTO_TREVIGNON_Photos/DSCF0605.JPG
RRU_8e179d5f01d826b9e2ea753651c38a6c_KOUAME_ORTHONGEL.JPG,8e179d5f01d826b9e2ea753651c38a6c,RRU-Elagatis-bipinnulata,8e179d5f01d826b9e2ea753651c38a6c,OA,Senne,20140531,BACKUP_IOTA_20250207/OCUP-OB/OA-300/339a_OA_20140531-20140626_KOUAME_SAUPIQUET_VIA EUROS/OA_20140531-20140626_KOUAME_SAUPIQUET_VIAEUROS_Photos/PHOTOS/RRU.JPG
RRU_92b8b67fdbcad74078e3d882f7d9c709_EKPO_ORHTONGEL.jpg,92b8b67fdbcad74078e3d882f7d9c709,RRU-Elagatis-bipinnulata,92b8b67fdbcad74078e3d882f7d9c709,OI,Senne,20200118,BACKUP_IOTA_20250207/OCUP-OB/OI-700/908b_OI_ 20200118-20200224_EKPO_SAPMER_BERNICA/OI_ 20200118-20200224_EKPO_SAPMER_BERNICA_Photos/Autres-Poissons/RRU.jpg
RRU_96a2c8e5f53c8d620accb3ec19472bd2_VEGA_IRD.JPG,96a2c8e5f53c8d620accb3ec19472bd2,RRU-Elagatis-bipinnulata,96a2c8e5f53c8d620accb3ec19472bd2,OI,Senne,20180922,BACKUP_IOTA_20250207/DCF Senne (IRD)/OI-200/296a_OI_20180922-20181023_VEGA_CFTO_TREVIGNON/OI_20180922-20181023_VEGA_CFTO_TREVIGNON_Photos/DSCF0599.JPG
RRU_aabd6bef4de6969af362f7b3f2fc72fe_WILLAUME_IRD.JPG,aabd6bef4de6969af362f7b3f2fc72fe,RRU-Elagatis-bipinnulata,aabd6bef4de6969af362f7b3f2fc72fe,OI,Senne,20070723,BACKUP_IOTA_20250207/DCF Senne (IRD)/OI-200/217_OI_20070723-20070903_WILLAUME_CMB_STERENN/OI_20070723-20070903_WILLAUME_CMB_STERENN_Photos/10commoresaumon.JPG
RRU_acff1ddcb2bdb6054a9740c75135fbaa_MELAN_IRD.JPG,acff1ddcb2bdb6054a9740c75135fbaa,RRU-Elagatis-bipinnulata,acff1ddcb2bdb6054a9740c75135fbaa,OA,Senne,20190525,BACKUP_IOTA_20250207/DCF Senne (IRD)/OA-100/1105_OA_20190525-20190715_MELAN_CFTO_PENDRUC/OA_20190525-20190715_MELAN_CFTO_PENDRUC_Photos/N°8.JPG
RRU_aff3734ef38c5dff9f5f73d6c723b0ea_KOUAME_ORTHONGEL.JPG,aff3734ef38c5dff9f5f73d6c723b0ea,RRU-Elagatis-bipinnulata,aff3734ef38c5dff9f5f73d6c723b0ea,OA,Senne,20150408,BACKUP_IOTA_20250207/OCUP-OB/OA-300/377_OA_20150408-20150517_KOUAME_SAUPIQUET_VIAHARMATTAN/OA_20150408-20150517_KOUAME_SAUPIQUET_VIAHARMATTAN_Photos/PHOTOS/Opération de pêche/RRU (2).JPG
RRU_b292585c134579da44c2005b0c6662b2_BERTHELEME_IRD.jpg,b292585c134579da44c2005b0c6662b2,RRU-Elagatis-bipinnulata,b292585c134579da44c2005b0c6662b2,OA,Senne,20100928,BACKUP_IOTA_20250207/DCF Senne (IRD)/OA-100/125_OA_20100928-20101109_BERTHELEME_CMB_CAP BOJADOR/OA_20100928-20101109_BERTHELEME_CMB_CAP BOJADOR_Photos/Photo Bojador total/transfert 441.jpg
RRU_bae27e9b2c2ba9baeb0c9ff9baa337cf_DUBAR_IRD.JPG,bae27e9b2c2ba9baeb0c9ff9baa337cf,RRU-Elagatis-bipinnulata,bae27e9b2c2ba9baeb0c9ff9baa337cf,OA,Senne,20110130,BACKUP_IOTA_20250207/DCF Senne (IRD)/OA-100/128_OA_20110130-20110312_DUBAR_CMB_GUERIDEN/OA_20110130-20110312_Dubar_CMB_GUERIDEN_Photos/Pour le rapport/Photo 4.JPG
RRU_c31dd04d543b5cf869adcb2b6a73ca4f_PERNAK_IRD.JPG,c31dd04d543b5cf869adcb2b6a73ca4f,RRU-Elagatis-bipinnulata,c31dd04d543b5cf869adcb2b6a73ca4f,OI,Senne,20141025,BACKUP_IOTA_20250207/DCF Senne (IRD)/OI-200/265a_OI_20141025-20141124_PERNAK_SAPMER_FRANCHE TERRE/OI_20141025-20141124_PERNAK_SAPMER_FRANCHE TERRE_ Photos/PHOTOS/espèces pêchées/RRU.JPG
RRU_fd46a0f1372d8ff0db6264a9413afd04_RADEGONDE_ORTHONGEL.JPG,fd46a0f1372d8ff0db6264a9413afd04,RRU-Elagatis-bipinnulata,fd46a0f1372d8ff0db6264a9413afd04,OI,Senne,20180914,BACKUP_IOTA_20250207/OCUP-OB/OI-700/874a_OI_20180914-20181008_RADEGONDE_SAP_BELOUVE/OI_20180914-20181008_RADEGONDE_SAP_BELOUVE_Photos/DSCF0810.JPG
RRY_114118d8615c541b78fcbd53264f9fb2_CHARLES_ORTHONGEL.jpg,114118d8615c541b78fcbd53264f9fb2,RRY-Rhina ancylostoma,114118d8615c541b78fcbd53264f9fb2,OI,Senne,20230212,BACKUP_IOTA_20250207/OCUP-OB/OI-700/956a_OI_20230212-20230315_CHARLES_SAPMER_DOLOMIEU/OI_20230212-20230315_CHARLES_SAPMER_DOLOMIEU_Photos/IMG_20230221_164620 - Calée 08_RRY.jpg
RRY_121c3a4658d77172911817c9f639f831_BOURASSEAU_IRD.JPG,121c3a4658d77172911817c9f639f831,RRY-Rhina ancylostoma,121c3a4658d77172911817c9f639f831,OI,Senne,20220121,BACKUP_IOTA_20250207/DCF Senne (IRD)/OI-200/1228b_OI_20220121-20220220_BOURASSEAU_SAPMER_DOLOMIEU/OI_20220121-20220220_BOURASSEAU_SAPMER_DOLOMIEU_Photos/M2 C20 RRY (2).JPG
RRY_4ed8007db071f19260c729ef275207cb_BOURASSEAU_IRD.JPG,4ed8007db071f19260c729ef275207cb,RRY-Rhina ancylostoma,4ed8007db071f19260c729ef275207cb,OI,Senne,20220121,BACKUP_IOTA_20250207/DCF Senne (IRD)/OI-200/1228b_OI_20220121-20220220_BOURASSEAU_SAPMER_DOLOMIEU/OI_20220121-20220220_BOURASSEAU_SAPMER_DOLOMIEU_Photos/M2 C20 RRY (3).JPG
RRY_74b8e08aaefd44c4db16865ba9f4a3f0_CHAUMON_IRD.JPG,74b8e08aaefd44c4db16865ba9f4a3f0,RRY-Rhina ancylostoma,74b8e08aaefd44c4db16865ba9f4a3f0,OI,Senne,20230401,BACKUP_IOTA_20250207/DCF Senne (IRD)/OI-200/1239b_OI_20230401-20230418_CHAUMONT_SAPMER_FRANCHE TERRE/OI_20230401-20230418_CHAUMONT_SAPMER_FRANCHE TERRE_Photos/Calée 9/IMG_1_RRY.JPG
RRY_9932348854e5e32ec389c2158a27979a_BOURASSEAU_IRD.JPG,9932348854e5e32ec389c2158a27979a,RRY-Rhina ancylostoma,9932348854e5e32ec389c2158a27979a,OI,Senne,20220121,BACKUP_IOTA_20250207/DCF Senne (IRD)/OI-200/1228b_OI_20220121-20220220_BOURASSEAU_SAPMER_DOLOMIEU/OI_20220121-20220220_BOURASSEAU_SAPMER_DOLOMIEU_Photos/M2 C20 RRY (4).JPG
RRY_e7c6352bb5df44ef071d77657ad03b6c_BOURASSEAU_IRD.JPG,e7c6352bb5df44ef071d77657ad03b6c,RRY-Rhina ancylostoma,e7c6352bb5df44ef071d77657ad03b6c,OI,Senne,20220121,BACKUP_IOTA_20250207/DCF Senne (IRD)/OI-200/1228b_OI_20220121-20220220_BOURASSEAU_SAPMER_DOLOMIEU/OI_20220121-20220220_BOURASSEAU_SAPMER_DOLOMIEU_Photos/M2 C20 RRY (5).JPG
RRY_f60e1247e53f25ee22171b62a8d130b5_BOURASSEAU_IRD.JPG,f60e1247e53f25ee22171b62a8d130b5,RRY-Rhina ancylostoma,f60e1247e53f25ee22171b62a8d130b5,OI,Senne,20220121,BACKUP_IOTA_20250207/DCF Senne (IRD)/OI-200/1228b_OI_20220121-20220220_BOURASSEAU_SAPMER_DOLOMIEU/OI_20220121-20220220_BOURASSEAU_SAPMER_DOLOMIEU_Photos/M2 C20 RRY(1).JPG
RUB_031739f321fa6e0e7f7ef312de9a9063_KOUAME_ORTHONGEL.JPG,031739f321fa6e0e7f7ef312de9a9063,RUB-Caranx-crysos,031739f321fa6e0e7f7ef312de9a9063,OA,Senne,20150301,BACKUP_IOTA_20250207/OCUP-OB/OA-300/368_OA_20150301-20150325_KOUAME_SAUPIQUET_VIAHARMATTAN/OA_20150301-20150325_KOUAME_SAUPIQUET_VIAHARMATTAN_Photos/PHOTOS/Opération_Pêche/RUB (1).JPG
RUB_0aa306756567dc7f9b278d49d6878f05_KOUAME_ORTHONGEL.JPG,0aa306756567dc7f9b278d49d6878f05,RUB-Caranx-crysos,0aa306756567dc7f9b278d49d6878f05,OA,Senne,20160719,BACKUP_IOTA_20250207/OCUP-OB/OA-300/442_OA_20160719-20160821_KOUAME_SQT_VIAMISTRAL/OA_20160719-20160821_KOUAME_SQT_VIAMISTRAL_Photos/5-PHOTOS/RUB (1).JPG
RUB_1ff0a173782ce3a4fd7dd7deaede4b3a_CUILLANDRE_IRD.jpg,1ff0a173782ce3a4fd7dd7deaede4b3a,RUB-Caranx-crysos,1ff0a173782ce3a4fd7dd7deaede4b3a,OA,Senne,20080926,BACKUP_IOTA_20250207/DCF Senne (IRD)/OA-100/110_OA_20080926_20081105_CUILLANDRE_CMB_SANTA MARIA/OA_20080926_20081105_CUILLANDRE_CMB_SANTA MARIA_Photos/photo 110.jpg
RUB_25bb4b90dcc6dbabbeb7014ec4eb4b71_KOUAME_ORTHONGEL.JPG,25bb4b90dcc6dbabbeb7014ec4eb4b71,RUB-Caranx-crysos,25bb4b90dcc6dbabbeb7014ec4eb4b71,OA,Senne,20150408,BACKUP_IOTA_20250207/OCUP-OB/OA-300/377_OA_20150408-20150517_KOUAME_SAUPIQUET_VIAHARMATTAN/OA_20150408-20150517_KOUAME_SAUPIQUET_VIAHARMATTAN_Photos/PHOTOS/Opération de pêche/RUB (2).JPG
RUB_360a63815a239d976b5c25606a6abdf0_ALLANGBA_IRD.JPG,360a63815a239d976b5c25606a6abdf0,RUB-Caranx-crysos,360a63815a239d976b5c25606a6abdf0,OA,Senne,20150815,BACKUP_IOTA_20250207/DCF Senne (IRD)/OA-100/171_OA_20150815_20150925_ALLANGBA_CFTO_CAPBOJADOR/OA_20150815-20150927_ALLANGBA_CFTO_CAP BOJADOR_Photos/5-PHOTOS/Especes/autres poissons/IMG_2911.JPG
RUB_37f302672672923a7e3175e48ec619f0_DABAKUYO_ORTHONGEL.JPG,37f302672672923a7e3175e48ec619f0,RUB-Caranx-crysos,37f302672672923a7e3175e48ec619f0,OA,Senne,20180822,BACKUP_IOTA_20250207/OCUP-OB/OA-300/561b_OA_20180822-20180910_DABAKUYO_CFTO_STERENN/OA_20180822-20180910_DABAKUYO_CFTO_STERENN_Photos/SAM_1544.JPG
RUB_389fbf610c454b627c9dacce135bb07f_SOMBO_ORTHONGEL.JPG,389fbf610c454b627c9dacce135bb07f,RUB-Caranx-crysos,389fbf610c454b627c9dacce135bb07f,OA,Senne,20191021,BACKUP_IOTA_20250207/OCUP-OB/OA-300/619_OA_20191021-20191203_SOMBO_SPQT_VIAMISTRAL/OA_20191021-20191203_SOMBO_SPQT_VIAMISTRAL_Photos/DSCF1452.JPG
RUB_41ceb1af1f226175e7566861c0ca1629_ALLANGBA_ORTHONGEL.JPG,41ceb1af1f226175e7566861c0ca1629,RUB-Caranx-crysos,41ceb1af1f226175e7566861c0ca1629,OA,Senne,20170508,BACKUP_IOTA_20250207/OCUP-OB/OA-300/499_OA_20170508-20170626_ALLANGBA_GEVRED_CFTO/OA_20170508-20170626_ALLANGBA_CFTO_GEVRED_Photos/5-PHOTOS/AUTRES/SAM_5265.JPG
RUB_4301065438ff19c3e8ea6210ab018f16_PANGNE_ORTHONGEL.JPG,4301065438ff19c3e8ea6210ab018f16,RUB-Caranx-crysos,4301065438ff19c3e8ea6210ab018f16,OA,Senne,20191124,BACKUP_IOTA_20250207/OCUP-OB/OA-300/622_OA_20191124-20200106_PANGNE_SPQT_VIAAVENIR/OA_20191124-20200106_PANGNE_SPQT_VIAAVENIR_Photos/DSCF1078.JPG
RUB_43558edef5c6e7354855e33b9ca78e03_ESCALLE_IRD.JPG,43558edef5c6e7354855e33b9ca78e03,RUB-Caranx-crysos,43558edef5c6e7354855e33b9ca78e03,OA,Senne,20140719,BACKUP_IOTA_20250207/DCF Senne (IRD)/OA-100/162b_OA_ 20140719-20140802_ESCALLE_CFTO_AVELVOR/OA_ 20140719-20140802_ESCALLE_CFTO_AVELVOR_Photos/Captures/Faune accessoire DCP/LEscalle148_2607 Caranx crysos.JPG
RUB_4641968c6a5d9acb8f2ffaf15c42c121_ORTHONGEL_EKPO.jpg,4641968c6a5d9acb8f2ffaf15c42c121,RUB-Caranx-crysos,4641968c6a5d9acb8f2ffaf15c42c121,OA,Senne,20190518,BACKUP_IOTA_20250207/OCUP-OB/OA-300/590b_OA_20190518-20190707_EKPO_CFTO_GUERIDEN/OA_20190518-20190707_EKPO_CFTO_GUERIDEN_Photos/RUB.jpg
RUB_47ffd029954967f0001a4aedf972d639_MELAN_IRD.JPG,47ffd029954967f0001a4aedf972d639,RUB-Caranx-crysos,47ffd029954967f0001a4aedf972d639,OA,Senne,20190525,BACKUP_IOTA_20250207/DCF Senne (IRD)/OA-100/1105_OA_20190525-20190715_MELAN_CFTO_PENDRUC/OA_20190525-20190715_MELAN_CFTO_PENDRUC_Photos/N°10.JPG
RUB_5b2338b5316d0a88ea15e35ab76babc7_ESCALLE_IRD.JPG,5b2338b5316d0a88ea15e35ab76babc7,RUB-Caranx-crysos,5b2338b5316d0a88ea15e35ab76babc7,OA,Senne,20140719,BACKUP_IOTA_20250207/DCF Senne (IRD)/OA-100/162b_OA_ 20140719-20140802_ESCALLE_CFTO_AVELVOR/OA_ 20140719-20140802_ESCALLE_CFTO_AVELVOR_Photos/Captures/Faune accessoire DCP/LEscalle152_2607 Caranx crysos.JPG
RUB_5cc56b5cd5a65194c4e5874bb420843e_MOEC_IRD.JPG,5cc56b5cd5a65194c4e5874bb420843e,RUB-Caranx-crysos,5cc56b5cd5a65194c4e5874bb420843e,OA,Senne,20081201,BACKUP_IOTA_20250207/DCF Senne (IRD)/OA-100/111_OA_20081201_20090105_MOEC_CMB_AVEL VOR/OA_20081201_20090105_MOEC_CMB_AVEL VOR_Photos/photo 1.JPG
RUB_5cf8296a516c29e9ad89415c8c9360dc_BLE_ORTHONGEL.JPG,5cf8296a516c29e9ad89415c8c9360dc,RUB-Caranx-crysos,5cf8296a516c29e9ad89415c8c9360dc,OA,Senne,20141014,BACKUP_IOTA_20250207/OCUP-OB/OA-300/350_OA_20141014-20141126_BLE_SAUPIQUET_VIA MISTRAL/OA_20141014-20141126_BLE_SAUPIQUET_VIA MISTRAL_Photos/PHOTOS/ESPECES/N°16_ RUB (1).JPG
RUB_6181beb1145c083ca7fd6bf78b1335a7_KOSSONOU_ORTHONGEL.JPG,6181beb1145c083ca7fd6bf78b1335a7,RUB-Caranx-crysos,6181beb1145c083ca7fd6bf78b1335a7,OA,Senne,20150113,BACKUP_IOTA_20250207/OCUP-OB/OA-300/357b_OA_20150113-20150118_KOSSONOU_CFTO_AVELVOR/OA_20150113-20150118_KOSSONOU_CFTO_AVELVOR_Photos/PHOTOS/SAM_1709.JPG
RUB_7499fe2822ed7e393effa7617cb7e1b5_KOUAME_ORTHONGEL.JPG,7499fe2822ed7e393effa7617cb7e1b5,RUB-Caranx-crysos,7499fe2822ed7e393effa7617cb7e1b5,OA,Senne,20150301,BACKUP_IOTA_20250207/OCUP-OB/OA-300/368_OA_20150301-20150325_KOUAME_SAUPIQUET_VIAHARMATTAN/OA_20150301-20150325_KOUAME_SAUPIQUET_VIAHARMATTAN_Photos/PHOTOS/Opération_Pêche/RUB (2).JPG
RUB_7db16839fbebc93b83b8e3617bd8ae5d_HUILLIER_IRD.JPG,7db16839fbebc93b83b8e3617bd8ae5d,RUB-Caranx-crysos,7db16839fbebc93b83b8e3617bd8ae5d,OA,Senne,20110813,BACKUP_IOTA_20250207/DCF Senne (IRD)/OA-100/132_OA_20110813-20110927_HUILLIER_CFTO_AVEL VOR/OA_20110813-20110927_Huillier_CFTO_AVEL VOR_Photos/Espèces/33.JPG
RUB_8802f06e0d321c626596cf69ad4578e4_ALLANGBA_ORTHONGEL.JPG,8802f06e0d321c626596cf69ad4578e4,RUB-Caranx-crysos,8802f06e0d321c626596cf69ad4578e4,OA,Senne,20170508,BACKUP_IOTA_20250207/OCUP-OB/OA-300/499_OA_20170508-20170626_ALLANGBA_GEVRED_CFTO/OA_20170508-20170626_ALLANGBA_CFTO_GEVRED_Photos/5-PHOTOS/AUTRES/SAM_5175.JPG
RUB_9ba8f393be535a0c6037024d56d2db3b_KOUAKOU_IRD.JPG,9ba8f393be535a0c6037024d56d2db3b,RUB-Caranx-crysos,9ba8f393be535a0c6037024d56d2db3b,OA,Senne,20140209,BACKUP_IOTA_20250207/DCF Senne (IRD)/OA-100/159_OA_20140209-20140331_KOUAKOU_CFTO_STERENN/OA_20140209-20140331_KOUAKOU_CFTO_STERENN_Photos/Photos/N° 21 .JPG
RUB_9dec89f4139393902f5d06970160b73c_MONSET_IRD.jpg,9dec89f4139393902f5d06970160b73c,RUB-Caranx-crysos,9dec89f4139393902f5d06970160b73c,OA,Senne,20100511,BACKUP_IOTA_20250207/DCF Senne (IRD)/OA-100/120_OA_20100511-20100619_MONSET_CMB_GUEOTEC/OA_20100511-20100619_MONSET_CMB_GUEOTEC_Photos/8.jpg
RUB_9ec91c17c0ad2b05e2786516ed366897_KOUAKOU_IRD.JPG,9ec91c17c0ad2b05e2786516ed366897,RUB-Caranx-crysos,9ec91c17c0ad2b05e2786516ed366897,OA,Senne,20140209,BACKUP_IOTA_20250207/DCF Senne (IRD)/OA-100/159_OA_20140209-20140331_KOUAKOU_CFTO_STERENN/OA_20140209-20140331_KOUAKOU_CFTO_STERENN_Photos/Photos/N° 20 .JPG
RUB_a5725ab6bdab6722d196fde0437c33a3_ALFONSO_ORTHONGEL.jpg,a5725ab6bdab6722d196fde0437c33a3,RUB-Caranx-crysos,a5725ab6bdab6722d196fde0437c33a3,OA,Senne,20181028,BACKUP_IOTA_20250207/OCUP-OB/OA-300/571_OA_20181028-20181211_AFONSO_SPQT_VIAAVENIR/OA_20181028-20181211_AFONSO_SPQT_VIAAVENIR_Photos/IMG_20181031_135038.jpg
RUB_b35ad46b1235ad9ab8cdd6aa60f23dfe_ASSOUGBA_ORTHONGEL.JPG,b35ad46b1235ad9ab8cdd6aa60f23dfe,RUB-Caranx-crysos,b35ad46b1235ad9ab8cdd6aa60f23dfe,OA,Senne,20150228,BACKUP_IOTA_20250207/OCUP-OB/OA-300/369_OA_20150228-20150327_ASSOUGBA_SAUPIQUET_VIA AVENIR/OA_20150228-20150327_ASSOUGBA_SAUPIQUET_VIAAVENIR_Photos/PHOTOS/IMG_1417.JPG
RUB_bb001a67e7c1bd7ab5df33210a37c535_KOSSONOU_ORTHONGEL.jpg,bb001a67e7c1bd7ab5df33210a37c535,RUB-Caranx-crysos,bb001a67e7c1bd7ab5df33210a37c535,OA,Senne,20160925,BACKUP_IOTA_20250207/OCUP-OB/OA-300/455_OA_20160925-20161101_KOSSONOU_CFTO_GEVRED/OA_20160925-20161101_KOSSONOU_CFTO_GEVRED_Photos/20160926_110951.jpg
RUB_be0e5a96081422c0228b926fcba716dc_DAO_ORTHONGEL.JPG,be0e5a96081422c0228b926fcba716dc,RUB-Caranx-crysos,be0e5a96081422c0228b926fcba716dc,OA,Senne,20160824,BACKUP_IOTA_20250207/OCUP-OB/OA-300/443b_OA_20160824-20160913_DAO_CFTO_STERENN/OA_20160824-20160913_DAO_CFTO_STERENN_Photos/5-PHOTOS/SAM_3198.JPG
RUB_c6a11d165bd0f5ec4bfa310c3043a0af_KOSSONOU_ORTHONGEL.JPG,c6a11d165bd0f5ec4bfa310c3043a0af,RUB-Caranx-crysos,c6a11d165bd0f5ec4bfa310c3043a0af,OA,Senne,20150319,BACKUP_IOTA_20250207/OCUP-OB/OA-300/374_OA_20150319-20150508_KOSSONOU_CFTO_AVELVOR/OA_20150319-20150508_KOSSONOU_CFTO_AVELVOR_Photos/PHOTOS/SAM_1775.JPG
RUB_cbf7fda999d83bc1c998041ca683fbd1_KOUAKOU_IRD.JPG,cbf7fda999d83bc1c998041ca683fbd1,RUB-Caranx-crysos,cbf7fda999d83bc1c998041ca683fbd1,OA,Senne,20140209,BACKUP_IOTA_20250207/DCF Senne (IRD)/OA-100/159_OA_20140209-20140331_KOUAKOU_CFTO_STERENN/OA_20140209-20140331_KOUAKOU_CFTO_STERENN_Photos/Photos/N° 11  (5).JPG
RUB_d02a92bd3fe120524913224c21ed275f_DUBAR_IRD.JPG,d02a92bd3fe120524913224c21ed275f,RUB-Caranx-crysos,d02a92bd3fe120524913224c21ed275f,OA,Senne,20110130,BACKUP_IOTA_20250207/DCF Senne (IRD)/OA-100/128_OA_20110130-20110312_DUBAR_CMB_GUERIDEN/OA_20110130-20110312_Dubar_CMB_GUERIDEN_Photos/Pour le rapport/Photo 7.JPG
RUB_d72c9cc9d3ddb5bdbbca92b76fee85d0_KOUAME_ORTHONGEL.JPG,d72c9cc9d3ddb5bdbbca92b76fee85d0,RUB-Caranx-crysos,d72c9cc9d3ddb5bdbbca92b76fee85d0,OA,Senne,20150408,BACKUP_IOTA_20250207/OCUP-OB/OA-300/377_OA_20150408-20150517_KOUAME_SAUPIQUET_VIAHARMATTAN/OA_20150408-20150517_KOUAME_SAUPIQUET_VIAHARMATTAN_Photos/PHOTOS/Opération de pêche/RUB.JPG
RUB_d76056321d73a4803c6f80f60e258dc4_COULIBALY_IRD.JPG,d76056321d73a4803c6f80f60e258dc4,RUB-Caranx-crysos,d76056321d73a4803c6f80f60e258dc4,OA,Senne,20150302,BACKUP_IOTA_20250207/DCF Senne (IRD)/OA-100/167b_OA_20150302_20150316_KOSSONOU_CFTO_AVELVOR/OA_20150302-20150316_KOSSONOU_CFTO_AVEL VOR_Photos/PHOTOS/SAM_1748.JPG
RUB_d9665069163f293658be9b71cc4fc029_KOUAME_ORTHONGEL.JPG,d9665069163f293658be9b71cc4fc029,RUB-Caranx-crysos,d9665069163f293658be9b71cc4fc029,OA,Senne,20150408,BACKUP_IOTA_20250207/OCUP-OB/OA-300/377_OA_20150408-20150517_KOUAME_SAUPIQUET_VIAHARMATTAN/OA_20150408-20150517_KOUAME_SAUPIQUET_VIAHARMATTAN_Photos/PHOTOS/Opération de pêche/RUB (1).JPG
RUB_dd911da7fb4a8d07757fb8f79ffa799a_KOUAME_ORTHONGEL.JPG,dd911da7fb4a8d07757fb8f79ffa799a,RUB-Caranx-crysos,dd911da7fb4a8d07757fb8f79ffa799a,OA,Senne,20150408,BACKUP_IOTA_20250207/OCUP-OB/OA-300/377_OA_20150408-20150517_KOUAME_SAUPIQUET_VIAHARMATTAN/OA_20150408-20150517_KOUAME_SAUPIQUET_VIAHARMATTAN_Photos/PHOTOS/Opération de pêche/RUB (3).JPG
RUB_e3e1af22d433ad20b62193cf121efc75_WINKLER_IRD.JPG,e3e1af22d433ad20b62193cf121efc75,RUB-Caranx-crysos,e3e1af22d433ad20b62193cf121efc75,OA,Senne,20100206,BACKUP_IOTA_20250207/DCF Senne (IRD)/OA-100/117_OA_20100206_20100316_WINKLER_CMB_GUEOTEC/OA_20100206_20100316_WINKLER_CMB_GUEOTEC_Photos/Photos especes - OA- Winkler Joachim- Gueotec- 100206_100316/8.JPG
RZV_1077ce8fad6bb07f8ea1b2d4c8356743_PROTAT_IRD.JPG,1077ce8fad6bb07f8ea1b2d4c8356743,RZV-Ranzania-laevis,1077ce8fad6bb07f8ea1b2d4c8356743,OA,Senne,20121209,BACKUP_IOTA_20250207/DCF Senne (IRD)/OA-100/145a_OA_20121209-20130118_PROTAT_SPQ_VIA EUROS/OA_20121209-20130118_Protat_SPQ_VIAEUROS_Photos/IMG_0988.JPG
RZV_2528f00256d5476a460ab5aab1751bc4_BONHOMME_ORTHONGEL.JPG,2528f00256d5476a460ab5aab1751bc4,RZV-Ranzania-laevis,2528f00256d5476a460ab5aab1751bc4,OA,Senne,20130115,BACKUP_IOTA_20250207/OCUP-OB/OA-300/152a_OA_20130115-20130215_BONHOMME_CFTO_STERENN/OA_20130115-20130215_Bonhomme_CFTO_STERENN_Photos/P1000982.JPG
RZV_2a6fbe9d4153a3be1389d01644fe1684_HIMDI_ORTHONGEL.JPG,2a6fbe9d4153a3be1389d01644fe1684,RZV-Ranzania-laevis,2a6fbe9d4153a3be1389d01644fe1684,OI,Senne,20161230,BACKUP_IOTA_20250207/OCUP-OB/OI-700/786_OI_20161230-20170220_BACAR_CFTO_TORREGIULIA/OI_20161230-20170220_BACAR_CFTO_TORREGIULIA_Photos/DSCF2135.JPG
RZV_49fd9b33e4b635a07f202b0515e75e41_CALLOUET_ORTHONGEL.JPG,49fd9b33e4b635a07f202b0515e75e41,RZV-Ranzania-laevis,49fd9b33e4b635a07f202b0515e75e41,OI,Senne,20131123,BACKUP_IOTA_20250207/OCUP-OB/OI-700/702a_OI_20131123-20131216_CALLOUET_SAP_MANAPANY/OI_20131123-20131216_CALLOUET_MANAPANY_Photos/Poissons/Ranzania laevis (RZV) Ranzania.JPG
RZV_5fce1e5ac1a3a10478c80332a0a21459_HIMDI_ORTHONGEL.JPG,5fce1e5ac1a3a10478c80332a0a21459,RZV-Ranzania-laevis,5fce1e5ac1a3a10478c80332a0a21459,OI,Senne,20161230,BACKUP_IOTA_20250207/OCUP-OB/OI-700/786_OI_20161230-20170220_BACAR_CFTO_TORREGIULIA/OI_20161230-20170220_BACAR_CFTO_TORREGIULIA_Photos/DSCF2147.JPG
RZV_60d88fb46a9a754dcc302ad91ccf0656_SHARP_IRD.jpeg,60d88fb46a9a754dcc302ad91ccf0656,RZV-Ranzania-laevis,,OI,Longline,,
RZV_7c6fef6687a1b3943b217413550f80b8_POIROUT_IRD.jpeg,7c6fef6687a1b3943b217413550f80b8,RZV-Ranzania-laevis,,OI,Longline,,
RZV_a2c2f12642c54263736218e654306ac0_BONHOMME_ORTHONGEL.JPG,a2c2f12642c54263736218e654306ac0,RZV-Ranzania-laevis,a2c2f12642c54263736218e654306ac0,OA,Senne,20130115,BACKUP_IOTA_20250207/OCUP-OB/OA-300/152a_OA_20130115-20130215_BONHOMME_CFTO_STERENN/OA_20130115-20130215_Bonhomme_CFTO_STERENN_Photos/P1000981.JPG
RZV_aac129401d5c0336556c2b4c6f10ee47_BONHOMME_ORTHONGEL.JPG,aac129401d5c0336556c2b4c6f10ee47,RZV-Ranzania-laevis,aac129401d5c0336556c2b4c6f10ee47,OA,Senne,20130115,BACKUP_IOTA_20250207/OCUP-OB/OA-300/152a_OA_20130115-20130215_BONHOMME_CFTO_STERENN/OA_20130115-20130215_Bonhomme_CFTO_STERENN_Photos/P1000983.JPG
RZV_abb397e213b0917f0c2c544b9ba9fb40_HIMDI_ORTHONGEL.JPG,abb397e213b0917f0c2c544b9ba9fb40,RZV-Ranzania-laevis,abb397e213b0917f0c2c544b9ba9fb40,OI,Senne,20161230,BACKUP_IOTA_20250207/OCUP-OB/OI-700/786_OI_20161230-20170220_BACAR_CFTO_TORREGIULIA/OI_20161230-20170220_BACAR_CFTO_TORREGIULIA_Photos/DSCF2150.JPG
RZV_bb8ffb90971ad68a5737e60cef36728a_PROTAT_IRD.JPG,bb8ffb90971ad68a5737e60cef36728a,RZV-Ranzania-laevis,bb8ffb90971ad68a5737e60cef36728a,OA,Senne,20121209,BACKUP_IOTA_20250207/DCF Senne (IRD)/OA-100/145a_OA_20121209-20130118_PROTAT_SPQ_VIA EUROS/OA_20121209-20130118_Protat_SPQ_VIAEUROS_Photos/IMG_0987.JPG
RZV_c7a0d6a7bc20cab254eb071a498670f7_HIMDI_ORTHONGEL.JPG,c7a0d6a7bc20cab254eb071a498670f7,RZV-Ranzania-laevis,c7a0d6a7bc20cab254eb071a498670f7,OI,Senne,20161230,BACKUP_IOTA_20250207/OCUP-OB/OI-700/786_OI_20161230-20170220_BACAR_CFTO_TORREGIULIA/OI_20161230-20170220_BACAR_CFTO_TORREGIULIA_Photos/DSCF2136.JPG
RZV_d88c7e974ee9766af5538f9f1727e813_POIROUT_IRD.jpeg,d88c7e974ee9766af5538f9f1727e813,RZV-Ranzania-laevis,,OI,Longline,,
RZV_ddf374576eb77c8855f2dc22acbb5cbc_KERVAREC_ORTHONGEL.JPG,ddf374576eb77c8855f2dc22acbb5cbc,RZV-Ranzania-laevis,ddf374576eb77c8855f2dc22acbb5cbc,OA,Senne,20121207,BACKUP_IOTA_20250207/OCUP-OB/OA-300/146a_OA_20121207-20130101_KERVAREC_CFTO_AVEL VOR/Ph_146a_OA_121207-130101_ Kervarec_CFTO_AVEL VOR/DSC_0048.JPG
RZV_f4c47e177b2c6964f226e8e0d0f8465c_KERVAREC_ORTHONGEL.JPG,f4c47e177b2c6964f226e8e0d0f8465c,RZV-Ranzania-laevis,f4c47e177b2c6964f226e8e0d0f8465c,OA,Senne,20121207,BACKUP_IOTA_20250207/OCUP-OB/OA-300/146a_OA_20121207-20130101_KERVAREC_CFTO_AVEL VOR/Ph_146a_OA_121207-130101_ Kervarec_CFTO_AVEL VOR/DSC_0049.JPG
RZV_f79831aead6979658369ea797c634abf_HIMDI_ORTHONGEL.JPG,f79831aead6979658369ea797c634abf,RZV-Ranzania-laevis,f79831aead6979658369ea797c634abf,OI,Senne,20161230,BACKUP_IOTA_20250207/OCUP-OB/OI-700/786_OI_20161230-20170220_BACAR_CFTO_TORREGIULIA/OI_20161230-20170220_BACAR_CFTO_TORREGIULIA_Photos/DSCF2151.JPG
SAI_021fcd4f609b73248e9cb30268c95aac_AFONSO_ORTHONGEL.JPG,021fcd4f609b73248e9cb30268c95aac,SAI-Istiophorus-albicans,021fcd4f609b73248e9cb30268c95aac,OA,Senne,20170513,BACKUP_IOTA_20250207/OCUP-OB/OA-300/501_OA_20170513-20170620_AFONSO_SQT_VIAAVENIR/OA_20170513-20170620_AFONSO_SQT_VIAAVENIR_Photos/SAM_4447.JPG
SAI_022bef448aa161d7445350a5a8c5487a_KOUASSI_ORTHONGEL.JPG,022bef448aa161d7445350a5a8c5487a,SAI-Istiophorus-albicans,022bef448aa161d7445350a5a8c5487a,OA,Senne,20191229,BACKUP_IOTA_20250207/OCUP-OB/OA-300/627b_OA_20191229-20200217_KOUASSI_CFTO_GUERIDEN/OA_20191229-20200217_KOUASSI_CFTO_GUERIDEN_Photos/SAM_3016.JPG
SAI_0545a03e39fac8a7d7039892498fde2d_KOUAME_IRD.JPG,0545a03e39fac8a7d7039892498fde2d,SAI-Istiophorus-albicans,0545a03e39fac8a7d7039892498fde2d,OA,Senne,20190307,BACKUP_IOTA_20250207/DCF Senne (IRD)/OA-100/1102a_OA_20190307-20190314_KOUAME_CFTO_GEVRED/OA_20190307-20190314_KOUAME_CFTO_GEVRED_Photos/Photos/4.JPG
SAI_27a4965fed1f33dd8ff0a641ffe9d4f3_GUILAVOGUI_ORTHONGEL.JPG,27a4965fed1f33dd8ff0a641ffe9d4f3,SAI-Istiophorus-albicans,27a4965fed1f33dd8ff0a641ffe9d4f3,OA,Senne,20190409,BACKUP_IOTA_20250207/OCUP-OB/OA-300/589b_OA_20190409-20190504_GUILAVOGUI_CFTO_AVELVOR/OA_20190409-20190504_GUILAVOGUI_CFTO_AVELVOR_Photos/SAM_2829.JPG
SAI_37c53aba4ab2f0160074f9231dfab821_DAO_ORTHONGEL.JPG,37c53aba4ab2f0160074f9231dfab821,SAI-Istiophorus-albicans,37c53aba4ab2f0160074f9231dfab821,OA,Senne,20170204,BACKUP_IOTA_20250207/OCUP-OB/OA-300/483_OA_20170204-20170328_AKAFFOU_CFTO_PENDRUC/OA_20170204-20170328_AKAFFOU_CFTO_PENDRUC/SAM_2563.JPG
SAI_41d7cd36a4175e3942763da49b663665_GUILAVOGUI_ORTHONGEL.JPG,41d7cd36a4175e3942763da49b663665,SAI-Istiophorus-albicans,41d7cd36a4175e3942763da49b663665,OA,Senne,20190409,BACKUP_IOTA_20250207/OCUP-OB/OA-300/589b_OA_20190409-20190504_GUILAVOGUI_CFTO_AVELVOR/OA_20190409-20190504_GUILAVOGUI_CFTO_AVELVOR_Photos/SAM_2821.JPG
SAI_41f201ec6534683100b7a0b5373256db_KOUASSI_ORTHONGEL.JPG,41f201ec6534683100b7a0b5373256db,SAI-Istiophorus-albicans,41f201ec6534683100b7a0b5373256db,OA,Senne,20191229,BACKUP_IOTA_20250207/OCUP-OB/OA-300/627b_OA_20191229-20200217_KOUASSI_CFTO_GUERIDEN/OA_20191229-20200217_KOUASSI_CFTO_GUERIDEN_Photos/SAM_3018.JPG
SAI_470792f01b1a9a9430e5fdd5ca542abb_DOSRAMOS_ORTHONGEL.JPG,470792f01b1a9a9430e5fdd5ca542abb,SAI-Istiophorus-albicans,470792f01b1a9a9430e5fdd5ca542abb,OA,Senne,20180805,BACKUP_IOTA_20250207/OCUP-OB/OA-300/559_OA_20180805-20180924_DOSRAMOS_CFTO_AVEL VOR/OA_20180805-20180924_DOSRAMOS_CFTO_AVEL VOR_Photos/SDC15518.JPG
SAI_4f33a0382fb3e45e885b009668a14e9d_ASSOUGBA_IRD.JPG,4f33a0382fb3e45e885b009668a14e9d,SAI-Istiophorus-albicans,4f33a0382fb3e45e885b009668a14e9d,OA,Senne,20131230,BACKUP_IOTA_20250207/DCF Senne (IRD)/OA-100/158a_OA_20131230-20140201_ASSOUGBA_CFTO_AVELVOR/OA_20131230-20140201_ASSOUGBA_CFTO_AVELVOR_PHOTOS ET VIDEOS/Photos/DSC00243.JPG
SAI_522f3016be43f734a4e38fe055fa218b_ASSOUGBA_IRD.JPG,522f3016be43f734a4e38fe055fa218b,SAI-Istiophorus-albicans,522f3016be43f734a4e38fe055fa218b,OA,Senne,20131230,BACKUP_IOTA_20250207/DCF Senne (IRD)/OA-100/158a_OA_20131230-20140201_ASSOUGBA_CFTO_AVELVOR/OA_20131230-20140201_ASSOUGBA_CFTO_AVELVOR_PHOTOS ET VIDEOS/Photos/DSC00240.JPG
SAI_54a2761836767c23dd1906fabd58f6ed_KOFFI_ORHTONGEL.JPG,54a2761836767c23dd1906fabd58f6ed,SAI-Istiophorus-albicans,54a2761836767c23dd1906fabd58f6ed,OA,Senne,20190615,BACKUP_IOTA_20250207/OCUP-OB/OA-300/600_OA_20190615-20190805_KOFFI_CFTO_GUEOTEC/OA_20190615-20190805_KOFFI_CFTO_GUEOTEC_Photos/26-SAI.JPG
SAI_5743c75d84727a8ea2a91ae4e7bce3a5_MONIN_IRD.jpg,5743c75d84727a8ea2a91ae4e7bce3a5,SAI-Istiophorus-albicans,5743c75d84727a8ea2a91ae4e7bce3a5,OA,Senne,20190502,BACKUP_IOTA_20250207/DCF Senne (IRD)/OA-100/1104_OA_20190502-20190622_MONIN_CFTO_GEVRED/OA_20190502-20190622_MONIN_CFTO_GEVRED_Photos/Photo du 23052019/Calée 29 (1).jpg
SAI_5b729ddce971741b92e4dc37e4777c63_KOUASSI_ORTHONGEL.JPG,5b729ddce971741b92e4dc37e4777c63,SAI-Istiophorus-albicans,5b729ddce971741b92e4dc37e4777c63,OA,Senne,20191229,BACKUP_IOTA_20250207/OCUP-OB/OA-300/627b_OA_20191229-20200217_KOUASSI_CFTO_GUERIDEN/OA_20191229-20200217_KOUASSI_CFTO_GUERIDEN_Photos/SAM_3017.JPG
SAI_5d37bcbfac6c3f2f8be67ad5b2350dd2_THELLIER_IRD.JPG,5d37bcbfac6c3f2f8be67ad5b2350dd2,SAI-Istiophorus-albicans,5d37bcbfac6c3f2f8be67ad5b2350dd2,OA,Senne,20110107,BACKUP_IOTA_20250207/DCF Senne (IRD)/OA-100/127_OA_20110107-20110302_THELLIER_CMB_STERENN/OA_20110107-20110228_Thellier_CMB_STERENN_Photos/Tibo_Sterenn1A.JPG
SAI_695863c2781a118531a104a75b2ad4f1_GUILAVOGUI_ORTHONGEL.JPG,695863c2781a118531a104a75b2ad4f1,SAI-Istiophorus-albicans,695863c2781a118531a104a75b2ad4f1,OA,Senne,20190409,BACKUP_IOTA_20250207/OCUP-OB/OA-300/589b_OA_20190409-20190504_GUILAVOGUI_CFTO_AVELVOR/OA_20190409-20190504_GUILAVOGUI_CFTO_AVELVOR_Photos/SAM_2830.JPG
SAI_7700a4848b0237481a46d1369ab97bde_EKPO_ORTHONGEL.jpg,7700a4848b0237481a46d1369ab97bde,SAI-Istiophorus-albicans,7700a4848b0237481a46d1369ab97bde,OA,Senne,20190518,BACKUP_IOTA_20250207/OCUP-OB/OA-300/590b_OA_20190518-20190707_EKPO_CFTO_GUERIDEN/OA_20190518-20190707_EKPO_CFTO_GUERIDEN_Photos/SAI.jpg
SAI_7abf9cdbc28df5166ddee2f01a560730_EKPO_ORTHONGEL.jpg,7abf9cdbc28df5166ddee2f01a560730,SAI-Istiophorus-albicans,7abf9cdbc28df5166ddee2f01a560730,OA,Senne,20190323,BACKUP_IOTA_20250207/OCUP-OB/OA-300/590a_OA_20190323-20190512_EKPO_CFTO_GUERIDEN/OA_20190323-20190512_EKPO_CFTO_GUERIDEN_Photos/SAI.jpg
SAI_8049e07de90d52e16870b1fdfd485b5f_AFONSO_ORTHONGEL.JPG,8049e07de90d52e16870b1fdfd485b5f,SAI-Istiophorus-albicans,8049e07de90d52e16870b1fdfd485b5f,OA,Senne,20170513,BACKUP_IOTA_20250207/OCUP-OB/OA-300/501_OA_20170513-20170620_AFONSO_SQT_VIAAVENIR/OA_20170513-20170620_AFONSO_SQT_VIAAVENIR_Photos/SAM_4430.JPG
SAI_836c0ea4125cdb17a58b7a4f03124001_WINKLER_IRD.JPG,836c0ea4125cdb17a58b7a4f03124001,SAI-Istiophorus-albicans,836c0ea4125cdb17a58b7a4f03124001,OA,Senne,20100206,BACKUP_IOTA_20250207/DCF Senne (IRD)/OA-100/117_OA_20100206_20100316_WINKLER_CMB_GUEOTEC/OA_20100206_20100316_WINKLER_CMB_GUEOTEC_Photos/Photos especes - OA- Winkler Joachim- Gueotec- 100206_100316/1.JPG
SAI_84da3cd2520ab864b81accc0d609536f_MONIN_IRD.jpg,84da3cd2520ab864b81accc0d609536f,SAI-Istiophorus-albicans,84da3cd2520ab864b81accc0d609536f,OA,Senne,20190502,BACKUP_IOTA_20250207/DCF Senne (IRD)/OA-100/1104_OA_20190502-20190622_MONIN_CFTO_GEVRED/OA_20190502-20190622_MONIN_CFTO_GEVRED_Photos/Photo du 23052019/Calée 29 (2).jpg
SAI_85945efdce14cf87705a1092c9c9061e_KONAN_IRD.JPG,85945efdce14cf87705a1092c9c9061e,SAI-Istiophorus-albicans,85945efdce14cf87705a1092c9c9061e,OA,Senne,20190316,BACKUP_IOTA_20250207/DCF Senne (IRD)/OA-100/1102b_OA_20190316-20190326_KOUAME_CFTO_GEVRED/OA_20190316-20190326_KOUAME_CFTO_GEVRED_Photos/Espäces/2.JPG
SAI_87a84f589b5db4f11f91dcafa899c1ec_LECOULS_IRD.JPG,87a84f589b5db4f11f91dcafa899c1ec,SAI-Istiophorus-albicans,87a84f589b5db4f11f91dcafa899c1ec,OA,Senne,20051215,BACKUP_IOTA_20250207/DCF Senne (IRD)/OA-100/100_OA_20051215-20051220_LECOULS_CMB_AVEL VIZ/Photos _OA_051215-060208_LeCouls_AvelViz_et_PereBriant/1.JPG
SAI_8c59b43e9083d4c0fabc2eabd630f152_AMARILLO_ORTHONGEL.JPG,8c59b43e9083d4c0fabc2eabd630f152,SAI-Istiophorus-albicans,8c59b43e9083d4c0fabc2eabd630f152,OA,Senne,20190627,BACKUP_IOTA_20250207/OCUP-OB/OA-300/603a_OA_20190627-20190716_DO ESPIRITO_CFTO_GEVRED/OA_20190627-20190716_DO ESPIRITO_CFTO_GEVRED_Photos/DSCF9743.JPG
SAI_926a9dea74c3eae9533172082c1b1fc9_MONIN_IRD.jpg,926a9dea74c3eae9533172082c1b1fc9,SAI-Istiophorus-albicans,926a9dea74c3eae9533172082c1b1fc9,OA,Senne,20190502,BACKUP_IOTA_20250207/DCF Senne (IRD)/OA-100/1104_OA_20190502-20190622_MONIN_CFTO_GEVRED/OA_20190502-20190622_MONIN_CFTO_GEVRED_Photos/photo du 24052019/Calée 30 (1).jpg
SAI_9a61b61151746cad4107df1b152d6936_LOHIER_IRD.jpg,9a61b61151746cad4107df1b152d6936,SAI-Istiophorus-albicans,9a61b61151746cad4107df1b152d6936,OA,Senne,20110507,BACKUP_IOTA_20250207/DCF Senne (IRD)/OA-100/131_OA_20110507-20110528_LOHIER_CFTO_CAP BOJADOR/OA_20110507-20110528_Lohier_CFTO_CAP BOJADOR_Photos/calée5/15_calee5_SAI170.jpg
SAI_9c0325fd41d30d60ebc7fa00b62c61f4_KONAN_IRD.JPG,9c0325fd41d30d60ebc7fa00b62c61f4,SAI-Istiophorus-albicans,9c0325fd41d30d60ebc7fa00b62c61f4,OA,Senne,20190316,BACKUP_IOTA_20250207/DCF Senne (IRD)/OA-100/1102b_OA_20190316-20190326_KOUAME_CFTO_GEVRED/OA_20190316-20190326_KOUAME_CFTO_GEVRED_Photos/Espäces/1.JPG
SAI_9e55212e4e9d67438389a96bf67e6bf9_DUBAR_IRD.JPG,9e55212e4e9d67438389a96bf67e6bf9,SAI-Istiophorus-albicans,9e55212e4e9d67438389a96bf67e6bf9,OA,Senne,20110316,BACKUP_IOTA_20250207/DCF Senne (IRD)/OA-100/129_OA_20110316-20110426_DUBAR_CMB_AVEL VOR/OA_20110316-20110426_Dubar_CMB_AVEL VOR_Photos/P1020211.JPG
SAI_b3689659072bb1d48dba037f8937a058_LOHIER_IRD.jpg,b3689659072bb1d48dba037f8937a058,SAI-Istiophorus-albicans,b3689659072bb1d48dba037f8937a058,OA,Senne,20110507,BACKUP_IOTA_20250207/DCF Senne (IRD)/OA-100/131_OA_20110507-20110528_LOHIER_CFTO_CAP BOJADOR/OA_20110507-20110528_Lohier_CFTO_CAP BOJADOR_Photos/calée5/16_calee5_SAI173.jpg
SAI_b594253aa290c61b13c164c05d1afb6b_PANGNE_ORTHONGEL.JPG,b594253aa290c61b13c164c05d1afb6b,SAI-Istiophorus-albicans,b594253aa290c61b13c164c05d1afb6b,OA,Senne,20190301,BACKUP_IOTA_20250207/OCUP-OB/OA-300/586_OA_20190301-20190327_PANGNE_CFTO_PENDRUC/OA_20190301-20190327_PANGNE_CFTO_PENDRUC_Photos/DSCF0572.JPG
SAI_bb10ffdacbf351e013915d72afabeacf_MONIN_IRD.jpg,bb10ffdacbf351e013915d72afabeacf,SAI-Istiophorus-albicans,bb10ffdacbf351e013915d72afabeacf,OA,Senne,20190502,BACKUP_IOTA_20250207/DCF Senne (IRD)/OA-100/1104_OA_20190502-20190622_MONIN_CFTO_GEVRED/OA_20190502-20190622_MONIN_CFTO_GEVRED_Photos/photo du 24052019/Calée 30 (3).jpg
SAI_be402247f867cd303b45d6901f72c185_KPI_ORTHONGEL.JPG,be402247f867cd303b45d6901f72c185,SAI-Istiophorus-albicans,be402247f867cd303b45d6901f72c185,OA,Senne,20190923,BACKUP_IOTA_20250207/OCUP-OB/OA-300/614_OA_20190923-20191105_KPI_SPQT_VIA EUROS/OA_20190923-20191105_KPI_SPQT_VIAEUROS_Photos/DSCF0671.JPG
SAI_c65c6aafb7e0f5f8c0d64a21dc45614a_AFONSO_ORTHONGEL.jpg,c65c6aafb7e0f5f8c0d64a21dc45614a,SAI-Istiophorus-albicans,c65c6aafb7e0f5f8c0d64a21dc45614a,OA,Senne,20180729,BACKUP_IOTA_20250207/OCUP-OB/OA-300/558_OA_20180729-20180909_AFONSO_SPQT_VIA MISTRAL/OA_20180729-20180909_AFONSO_SPQT_VIA MISTRAL_Photos/Poisson Porte-ÇpÇe/IMG_20180820_155821.jpg
SAI_ca8eb1a7273f3837e48747b6393f5fb0_AMARILLO_ORTHONGEL.JPG,ca8eb1a7273f3837e48747b6393f5fb0,SAI-Istiophorus-albicans,ca8eb1a7273f3837e48747b6393f5fb0,OA,Senne,20190627,BACKUP_IOTA_20250207/OCUP-OB/OA-300/603a_OA_20190627-20190716_DO ESPIRITO_CFTO_GEVRED/OA_20190627-20190716_DO ESPIRITO_CFTO_GEVRED_Photos/DSCF9745.JPG
SAI_ce08471e5989e6964c054efc914db399_COULIBALY_ORTHONGEL.JPG,ce08471e5989e6964c054efc914db399,SAI-Istiophorus-albicans,ce08471e5989e6964c054efc914db399,OA,Senne,20140111,BACKUP_IOTA_20250207/OCUP-OB/OA-300/312b_OA_20140111-20140225_COULIBALY_SPQ_VIAHARMATTAN/OA_20140111-20140225_COULIBALY_SAUPIQUET_VIAHARMATTAN_Photos/SAM_0426.JPG
SAI_d289a2d435b03de020c8e1812f439ac1_KONAN_IRD.JPG,d289a2d435b03de020c8e1812f439ac1,SAI-Istiophorus-albicans,d289a2d435b03de020c8e1812f439ac1,OA,Senne,20190316,BACKUP_IOTA_20250207/DCF Senne (IRD)/OA-100/1102b_OA_20190316-20190326_KOUAME_CFTO_GEVRED/OA_20190316-20190326_KOUAME_CFTO_GEVRED_Photos/Espäces/3.JPG
SAI_d4421246c58d26fbbb09f4c73d47c085_LECOULS_IRD.JPG,d4421246c58d26fbbb09f4c73d47c085,SAI-Istiophorus-albicans,d4421246c58d26fbbb09f4c73d47c085,OA,Senne,20051215,BACKUP_IOTA_20250207/DCF Senne (IRD)/OA-100/100_OA_20051215-20051220_LECOULS_CMB_AVEL VIZ/Photos _OA_051215-060208_LeCouls_AvelViz_et_PereBriant/2.JPG
SAI_df06bebd6433a5dbe6564ce27a2c042e_MONIN_IRD.jpg,df06bebd6433a5dbe6564ce27a2c042e,SAI-Istiophorus-albicans,df06bebd6433a5dbe6564ce27a2c042e,OA,Senne,20190502,BACKUP_IOTA_20250207/DCF Senne (IRD)/OA-100/1104_OA_20190502-20190622_MONIN_CFTO_GEVRED/OA_20190502-20190622_MONIN_CFTO_GEVRED_Photos/photo du 22052019/Calée 27 (1).jpg
SAI_e09c07c50219c32ec96f55f8ef77f8e7_ASSOUGBA_IRD.JPG,e09c07c50219c32ec96f55f8ef77f8e7,SAI-Istiophorus-albicans,e09c07c50219c32ec96f55f8ef77f8e7,OA,Senne,20131230,BACKUP_IOTA_20250207/DCF Senne (IRD)/OA-100/158a_OA_20131230-20140201_ASSOUGBA_CFTO_AVELVOR/OA_20131230-20140201_ASSOUGBA_CFTO_AVELVOR_PHOTOS ET VIDEOS/Photos/DSC00242.JPG
SAI_ea95bc908b86c2f6044a04be20b7c325_KOUAME_IRD.JPG,ea95bc908b86c2f6044a04be20b7c325,SAI-Istiophorus-albicans,ea95bc908b86c2f6044a04be20b7c325,OA,Senne,20190307,BACKUP_IOTA_20250207/DCF Senne (IRD)/OA-100/1102a_OA_20190307-20190314_KOUAME_CFTO_GEVRED/OA_20190307-20190314_KOUAME_CFTO_GEVRED_Photos/Photos/3.JPG
SAI_f21a0e070e7b94c91111a050223271fa_MONIN_IRD.jpg,f21a0e070e7b94c91111a050223271fa,SAI-Istiophorus-albicans,f21a0e070e7b94c91111a050223271fa,OA,Senne,20190502,BACKUP_IOTA_20250207/DCF Senne (IRD)/OA-100/1104_OA_20190502-20190622_MONIN_CFTO_GEVRED/OA_20190502-20190622_MONIN_CFTO_GEVRED_Photos/photo du 22052019/Calée 27 (2).jpg
SAI_f71a781529f1283e29f44a0a19111892_LOHIER_IRD.jpg,f71a781529f1283e29f44a0a19111892,SAI-Istiophorus-albicans,f71a781529f1283e29f44a0a19111892,OA,Senne,20110507,BACKUP_IOTA_20250207/DCF Senne (IRD)/OA-100/131_OA_20110507-20110528_LOHIER_CFTO_CAP BOJADOR/OA_20110507-20110528_Lohier_CFTO_CAP BOJADOR_Photos/calée5/19_calée5_SAI9individus.jpg
SAI_f7ebc5d0481deb3bfad03ebf9425c567_DAO_ORTHONGEL.JPG,f7ebc5d0481deb3bfad03ebf9425c567,SAI-Istiophorus-albicans,f7ebc5d0481deb3bfad03ebf9425c567,OA,Senne,20141214,BACKUP_IOTA_20250207/OCUP-OB/OA-300/358a_OA_20141214-20150114_DAO_SAUPIQUET_VIA EUROS/OA_20141214-20150114_DAO_SAUPIQUET_VIA EUROS_Photos/PHOTOS/SAM_1621.JPG
SAI_fa6e0dcac8363f5ee86003a9c23b6640_KOFFI_ORTHONGEL.JPG,fa6e0dcac8363f5ee86003a9c23b6640,SAI-Istiophorus-albicans,fa6e0dcac8363f5ee86003a9c23b6640,OA,Senne,20190615,BACKUP_IOTA_20250207/OCUP-OB/OA-300/600_OA_20190615-20190805_KOFFI_CFTO_GUEOTEC/OA_20190615-20190805_KOFFI_CFTO_GUEOTEC_Photos/24-SAI.JPG
SAI_fd6bce871b91807e4609d55b7f2bdf08_KOUAME_ORTHONGEL.JPG,fd6bce871b91807e4609d55b7f2bdf08,SAI-Istiophorus-albicans,fd6bce871b91807e4609d55b7f2bdf08,OA,Senne,20150326,BACKUP_IOTA_20250207/OCUP-OB/OA-300/375_OA_20150326-20150511_KOUAME_CFTO_GUERIDEN/OA_20150326-20150511_KOUAME_CFTO_GUERIDEN_Photos/PHOTOS/PHOTO  6.JPG
SAI_ff7c806ffdf094749c9a6d574d827e92_GBOGBO_ORTHONGEL.JPG,ff7c806ffdf094749c9a6d574d827e92,SAI-Istiophorus-albicans,ff7c806ffdf094749c9a6d574d827e92,OA,Senne,20190325,BACKUP_IOTA_20250207/OCUP-OB/OA-300/587_OA_20190325-20190507_GBOGBO_SPQT_VIAAVENIR/OA_20190325-20190507_GBOGBO_SPQT_VIAAVENIR_Photos/SDC16084.JPG
SFA_30b173c7a11d79796b77bea2a060b61d_KAUFFMAN_TAAF.JPG,30b173c7a11d79796b77bea2a060b61d,SFA-Istiophorus-platypterus,30b173c7a11d79796b77bea2a060b61d,OI,Senne,20130305,BACKUP_IOTA_20250207/DCF Senne (TAAF)/2013/TAAF2013-1 MANAPANY Kauffmann/OI_20130305-20130424_TAAF_KAUFFMAN_MANAPANY_Photos/13.04/Calée 25/P4130018.JPG
SFA_7278912c1cd23f3eacc08fde758afaa0_JEZEQUEL_ORTHONGEL.JPG,7278912c1cd23f3eacc08fde758afaa0,SFA-Istiophorus-platypterus,7278912c1cd23f3eacc08fde758afaa0,OI,Senne,20150129,"BACKUP_IOTA_20250207/OCUP-OB/OI-700/724_OI_20150129-20150331_JEZEQUEL_SAPMER_BELLE RIVE/OI_20150129-20150331_JEZEQUEL_SAPMER_BELLE RIVE_Photos/Photos, films/Espèces communes/DSCF1426.JPG"
SFA_82f0c9ea0154ec301df878b5b0734c61_VIERA_IRD.JPG,82f0c9ea0154ec301df878b5b0734c61,SFA-Istiophorus-platypterus,82f0c9ea0154ec301df878b5b0734c61,OI,Senne,20051028,BACKUP_IOTA_20250207/DCF Senne (IRD)/OI-200/200_OI_20051028-20051207_VIERA_CMB_TORRE GIULIA/OI_051028-060118_Viera_CMB_TorreGiulia+MenCren_Photos/PA310101.JPG
SFA_8905adbb091cdebc08bcadf4daef402d_MISTOIHI_ORTHONGEL.JPG,8905adbb091cdebc08bcadf4daef402d,SFA-Istiophorus-platypterus,8905adbb091cdebc08bcadf4daef402d,OI,Senne,20150801,BACKUP_IOTA_20250207/OCUP-OB/OI-700/734a_OI_20150801-20150821_MISTOIHI_SAP_FRANCHE TERRE/OI_20150801-20150821_MISTOIHI_SAP_FRANCHE TERRE_Photos/DSCF0196.JPG
SFA_89dfa47b72716cc61d2d2d35bbc0d199_JEZEQUEL_ORTHONGEL.JPG,89dfa47b72716cc61d2d2d35bbc0d199,SFA-Istiophorus-platypterus,89dfa47b72716cc61d2d2d35bbc0d199,OI,Senne,20150129,"BACKUP_IOTA_20250207/OCUP-OB/OI-700/724_OI_20150129-20150331_JEZEQUEL_SAPMER_BELLE RIVE/OI_20150129-20150331_JEZEQUEL_SAPMER_BELLE RIVE_Photos/Photos, films/Espèces communes/DSCF1420.JPG"
SFA_909e849c988cb06c1bcba901f1685c7a_VIERA_IRD.JPG,909e849c988cb06c1bcba901f1685c7a,SFA-Istiophorus-platypterus,909e849c988cb06c1bcba901f1685c7a,OI,Senne,20051028,BACKUP_IOTA_20250207/DCF Senne (IRD)/OI-200/200_OI_20051028-20051207_VIERA_CMB_TORRE GIULIA/OI_051028-060118_Viera_CMB_TorreGiulia+MenCren_Photos/PA310103.JPG
SFA_93d5a68a8faa41081c24e24b91899976_MELAN_IRD.jpg,93d5a68a8faa41081c24e24b91899976,SFA-Istiophorus-platypterus,93d5a68a8faa41081c24e24b91899976,OI,Senne,20191114,BACKUP_IOTA_20250207/DCF Senne (IRD)/OI-200/1211b_OI_20191114-20191209_MELAN_SAPMER_FRANCHE TERRE/OI_20191114-20191209_MELAN_SAPMER_FRANCHE TERRE_Photos/Calée33_SFA_01b.jpg
SFA_d71806ee968adcde094e3af602cd9577_HIMDI_ORTHONGEL.JPG,d71806ee968adcde094e3af602cd9577,SFA-Istiophorus-platypterus,d71806ee968adcde094e3af602cd9577,OI,Senne,20161230,BACKUP_IOTA_20250207/OCUP-OB/OI-700/786_OI_20161230-20170220_BACAR_CFTO_TORREGIULIA/OI_20161230-20170220_BACAR_CFTO_TORREGIULIA_Photos/DSCF2141.JPG
SFA_e2cd58b85d1d82756c822add08164aa5_JEZEQUEL_ORTHONGEL.JPG,e2cd58b85d1d82756c822add08164aa5,SFA-Istiophorus-platypterus,e2cd58b85d1d82756c822add08164aa5,OI,Senne,20150129,"BACKUP_IOTA_20250207/OCUP-OB/OI-700/724_OI_20150129-20150331_JEZEQUEL_SAPMER_BELLE RIVE/OI_20150129-20150331_JEZEQUEL_SAPMER_BELLE RIVE_Photos/Photos, films/Espèces communes/DSCF1421.JPG"
SHW_028d9c15b1a4ff3490ae09ec0b07a2ff_DEBAKUYO_ORTHONGEL.JPG,028d9c15b1a4ff3490ae09ec0b07a2ff,SHW-Globicephala-macrorhynchus,028d9c15b1a4ff3490ae09ec0b07a2ff,OA,Senne,20191208,BACKUP_IOTA_20250207/OCUP-OB/OA-300/623_OA_20191208-20200121_DABAKUYO_SPQT_VIAMISTRAL/OA_20191208-20200121_DABAKUYO_SPQT_VIAMISTRAL_Photos/DSCF1528.JPG
SHW_0808275163ed5f84d3c76fba985720bd_SHARP_IRD.png,0808275163ed5f84d3c76fba985720bd,SHW-Globicephala-macrorhynchus,,OI,Longline,,
SHW_0a07907339c3ee504ea13305bc4f1710_CAMARA_ORTHONGEL.JPG,0a07907339c3ee504ea13305bc4f1710,SHW-Globicephala-macrorhynchus,0a07907339c3ee504ea13305bc4f1710,OA,Senne,20190802,BACKUP_IOTA_20250207/OCUP-OB/OA-300/607_OA_20190802-20190917_CAMARA_SPQT_VIAEUROS/OA_20190802-20190917_CAMARA_SPQT_VIAEUROS_Photos/DSCF8355.JPG
SHW_143eec25578f4a168d013a049e3a31db_POIROUT_IRD.jpeg,143eec25578f4a168d013a049e3a31db,SHW-Globicephala-macrorhynchus,,OI,Longline,,
SHW_46f4b9030b4204a48771fc1e8f128dd1_POIROUT_IRD.jpeg,46f4b9030b4204a48771fc1e8f128dd1,SHW-Globicephala-macrorhynchus,,OI,Longline,,
SHW_4871bd574a14aedf8f58e85575edce41_SHARP_IRD.png,4871bd574a14aedf8f58e85575edce41,SHW-Globicephala-macrorhynchus,,OI,Longline,,
SHW_60203fdbe1c87d493c65dc787ecaf7e3_CAMARA_ORTHONGEL.JPG,60203fdbe1c87d493c65dc787ecaf7e3,SHW-Globicephala-macrorhynchus,60203fdbe1c87d493c65dc787ecaf7e3,OA,Senne,20190802,BACKUP_IOTA_20250207/OCUP-OB/OA-300/607_OA_20190802-20190917_CAMARA_SPQT_VIAEUROS/OA_20190802-20190917_CAMARA_SPQT_VIAEUROS_Photos/DSCF8350.JPG
SHW_61a542e008fd004e06511d1fc12a16ef_POIROUT_IRD.jpeg,61a542e008fd004e06511d1fc12a16ef,SHW-Globicephala-macrorhynchus,,OI,Longline,,
SHW_6f83d1a50c2b386eee0d758afc084712_CAMARA_ORTHONGEL.JPG,6f83d1a50c2b386eee0d758afc084712,SHW-Globicephala-macrorhynchus,6f83d1a50c2b386eee0d758afc084712,OA,Senne,20190802,BACKUP_IOTA_20250207/OCUP-OB/OA-300/607_OA_20190802-20190917_CAMARA_SPQT_VIAEUROS/OA_20190802-20190917_CAMARA_SPQT_VIAEUROS_Photos/DSCF8354.JPG
SHW_74d9f510a44f46b8fb1ba7a409d5c633_POIROUT_IRD.jpeg,74d9f510a44f46b8fb1ba7a409d5c633,SHW-Globicephala-macrorhynchus,,OI,Longline,,
SHW_97fb2de49d0a1800054c7569b86778ae_DEBAKUYO_ORTHONGEL.JPG,97fb2de49d0a1800054c7569b86778ae,SHW-Globicephala-macrorhynchus,97fb2de49d0a1800054c7569b86778ae,OA,Senne,20191208,BACKUP_IOTA_20250207/OCUP-OB/OA-300/623_OA_20191208-20200121_DABAKUYO_SPQT_VIAMISTRAL/OA_20191208-20200121_DABAKUYO_SPQT_VIAMISTRAL_Photos/DSCF1529.JPG
SHW_a6fa674b8a68bebea3485ea76d908a5d_CAMARA_ORTHONGEL.JPG,a6fa674b8a68bebea3485ea76d908a5d,SHW-Globicephala-macrorhynchus,a6fa674b8a68bebea3485ea76d908a5d,OA,Senne,20190802,BACKUP_IOTA_20250207/OCUP-OB/OA-300/607_OA_20190802-20190917_CAMARA_SPQT_VIAEUROS/OA_20190802-20190917_CAMARA_SPQT_VIAEUROS_Photos/DSCF8349.JPG
SHW_d4d44899e3017f97964899b754d0c8c6_SHARP_IRD.png,d4d44899e3017f97964899b754d0c8c6,SHW-Globicephala-macrorhynchus,,OI,Longline,,
SHW_ec4258849638e59e26487975929ff3cd_CAMARA_ORTHONGEL.JPG,ec4258849638e59e26487975929ff3cd,SHW-Globicephala-macrorhynchus,ec4258849638e59e26487975929ff3cd,OA,Senne,20190802,BACKUP_IOTA_20250207/OCUP-OB/OA-300/607_OA_20190802-20190917_CAMARA_SPQT_VIAEUROS/OA_20190802-20190917_CAMARA_SPQT_VIAEUROS_Photos/DSCF8353.JPG
SHW_f833b0bc11fe7e2a1d667792f9a35577_DEBAKUYO_ORTHONGEL.JPG,f833b0bc11fe7e2a1d667792f9a35577,SHW-Globicephala-macrorhynchus,f833b0bc11fe7e2a1d667792f9a35577,OA,Senne,20191208,BACKUP_IOTA_20250207/OCUP-OB/OA-300/623_OA_20191208-20200121_DABAKUYO_SPQT_VIAMISTRAL/OA_20191208-20200121_DABAKUYO_SPQT_VIAMISTRAL_Photos/DSCF1530.JPG
SHW_f893a333e3c4b858ce76a0dcb28e857e_BACH_IRD.jpeg,f893a333e3c4b858ce76a0dcb28e857e,SHW-Globicephala-macrorhynchus,,OI,Longline,,
SJK_1c8ef2ab71fe4dff3cf4c023b0ce974b_MONDON_ORTHONGEL.JPG,1c8ef2ab71fe4dff3cf4c023b0ce974b,SKJ-Katsuwonus-pelamis,1c8ef2ab71fe4dff3cf4c023b0ce974b,OI,Senne,20190404,BACKUP_IOTA_20250207/OCUP-OB/OI-700/897b_OI_20190404-20190509_MONDON_SAP_BELLEISLE/OI_20190404-20190509_MONDON_SAP_BELLEISLE_Photos/DSCF8105.JPG
SKJ_1843ebb7bcf34c83a5a19fd88db20582_RADEGONDE_ORTHONGEL.jpg,1843ebb7bcf34c83a5a19fd88db20582,SKJ-Katsuwonus-pelamis,1843ebb7bcf34c83a5a19fd88db20582,OI,Senne,20190202,BACKUP_IOTA_20250207/OCUP-OB/OI-700/879c_OI_20190202-20190220_RADEGONDE_SAP_BELLEISLE/OI_20190202-20190220_RADEGONDE_SAP_BELLEISLE_Photos/20190212_072857.jpg
SKJ_23590b7c13b9d9f76b1942a418ab7692_TREMBLAU_IRD.jpg,23590b7c13b9d9f76b1942a418ab7692,SKJ-Katsuwonus-pelamis,23590b7c13b9d9f76b1942a418ab7692,OI,Senne,20070721,"BACKUP_IOTA_20250207/DCF Senne (IRD)/OI-200/215_OI_20070721-20070822_TREMBLAU_CMB_CAP STE MARIE/OI_20070721-20070822_TREMBLAU_CMB_CAP STE MARIE_Photos/2007-08-15, CSM/CSM calee3 (27-07-07) 052.jpg"
SKJ_2ee0aea5a4de0c564723ecf9c6e2cdf2_SINON_ORTHONGEL.JPG,2ee0aea5a4de0c564723ecf9c6e2cdf2,SKJ-Katsuwonus-pelamis,2ee0aea5a4de0c564723ecf9c6e2cdf2,OI,Senne,20150926,BACKUP_IOTA_20250207/OCUP-OB/OI-700/740a_OI_20150926-20151028_SINON_SAP_BELLE ISLE/OI_20150926-20151028_SINON_SAP_BELLE ISLE_Photos-pb-dates/DSCF0156.JPG
SKJ_6b6c19695257cf1d9c12de8bf21a9588_PIERRE_ORTHONGEL.jpg,6b6c19695257cf1d9c12de8bf21a9588,SKJ-Katsuwonus-pelamis,6b6c19695257cf1d9c12de8bf21a9588,OI,Senne,20150822,BACKUP_IOTA_20250207/OCUP-OB/OI-700/735b_OI_20150822-20150921_PIERRE_SAP_BELLE ISLE/OI_20150822-20150921_PIERRE_SAP_BELLE ISLE_Photos/20150908_043230.jpg
SKJ_bd7618637ba77983375318c70568a110_RAKOTOMIRAHO_ORTHONGEL.JPG,bd7618637ba77983375318c70568a110,SKJ-Katsuwonus-pelamis,bd7618637ba77983375318c70568a110,OI,Senne,20190618,BACKUP_IOTA_20250207/OCUP-OB/OI-700/893_OI_20190618-20190804_RAKOTOMIRAHO_CFTO_TORREGIULIA/OI_20190618-20190804_RAKOTOMIRAHO_CFTO_TORREGIULIA_Photos/DSCF1197.JPG
SKJ_c02e5ad608c1ffb76045972d04c76de2_DHAINAUT_IRD.JPG,c02e5ad608c1ffb76045972d04c76de2,SKJ-Katsuwonus-pelamis,c02e5ad608c1ffb76045972d04c76de2,OI,Senne,20190803,BACKUP_IOTA_20250207/DCF Senne (IRD)/OI-200/1206a_OI_20190803-20190822_DHAINAUT_CFTO_TALENDUIC/OI_20190803-20190822_DHAINAUT_CFTO_TALENDUIC_Photos/04- THONS/SKJ/SKJ.JPG
SKJ_d916dcfea1fc483cf28e7f3f09afeb37_RAKOTOMIRAHO_ORTHONGEL.JPG,d916dcfea1fc483cf28e7f3f09afeb37,SKJ-Katsuwonus-pelamis,d916dcfea1fc483cf28e7f3f09afeb37,OI,Senne,20160426,BACKUP_IOTA_20250207/OCUP-OB/OI-700/761a_OI_20160426-20160504_RAKOTOMIRAHO_SAP_BELLEISLE/OI_20160426-20160628_RAKOTOMIRAHO_SAP_BELLEISLE_Photos/DSCF0026.JPG
SKJ_e0587a4aac6a20d59a54fc3ee1a7e41f_CESSATEUR_IRD.jpg,e0587a4aac6a20d59a54fc3ee1a7e41f,SKJ-Katsuwonus-pelamis,e0587a4aac6a20d59a54fc3ee1a7e41f,OI,Senne,20071024,BACKUP_IOTA_20250207/DCF Senne (IRD)/OI-200/220_OI_20071024-20071204_CESSATEUR_SPQ_VIA MISTRAL/OI_20071024-20071204_CESSATEUR_SPQ_VIA MISTRAL_Photos/IMG_0579.jpg
SKJ_fe9a7535bbb86d34d8c5fe8e9a94c820_TREMBLAU_IRD.jpg,fe9a7535bbb86d34d8c5fe8e9a94c820,SKJ-Katsuwonus-pelamis,fe9a7535bbb86d34d8c5fe8e9a94c820,OI,Senne,20070827,"BACKUP_IOTA_20250207/DCF Senne (IRD)/OI-200/216_OI_20070827-20071010_TREMBLAU_SPQ_VIA AVENIR/OI_20070827-20071010_TREMBLAU_SPQ_VIA AVENIR_Photos/2007-09-11, VIA AVENIR vues poissons tortues/CSM calee3 (27-07-07) 012.jpg"
SMA_041b7457c6ea48df9c8576c1714bd5e2_GOUE_ORTHONGEL.JPG,041b7457c6ea48df9c8576c1714bd5e2,SMA-Isurus-oxyrinchus,041b7457c6ea48df9c8576c1714bd5e2,OA,Senne,20140530,BACKUP_IOTA_20250207/OCUP-OB/OA-300/332_OA_20140530-20140715_GOUE_CFTO_STERENN/OA_20140530_20140715_GOUE_CFTO_STERENN_Photos/5-PHOTOS/SAM_0058.JPG
SMA_0812a0c9c49853213bcb5b1f17e429c2_AMARILLO_ORTHONGEL.JPG,0812a0c9c49853213bcb5b1f17e429c2,SMA-Isurus-oxyrinchus,0812a0c9c49853213bcb5b1f17e429c2,OA,Senne,20190627,BACKUP_IOTA_20250207/OCUP-OB/OA-300/603a_OA_20190627-20190716_DO ESPIRITO_CFTO_GEVRED/OA_20190627-20190716_DO ESPIRITO_CFTO_GEVRED_Photos/DSCF9738.JPG
SMA_09cdee6de62a52376d78d8fe26bb219b_BERTHELEME_IRD.jpg,09cdee6de62a52376d78d8fe26bb219b,SMA-Isurus-oxyrinchus,09cdee6de62a52376d78d8fe26bb219b,OA,Senne,20100928,BACKUP_IOTA_20250207/DCF Senne (IRD)/OA-100/125_OA_20100928-20101109_BERTHELEME_CMB_CAP BOJADOR/OA_20100928-20101109_BERTHELEME_CMB_CAP BOJADOR_Photos/Photo Bojador total/transfert 521.jpg
SMA_0d2567c2c5e31d16a3fe75cf4655eded_FORESTIER_IRD.jpg,0d2567c2c5e31d16a3fe75cf4655eded,SMA-Isurus-oxyrinchus,0d2567c2c5e31d16a3fe75cf4655eded,OA,Senne,20110507,BACKUP_IOTA_20250207/DCF Senne (IRD)/OA-100/130_OA_20110507-20110620_FORESTIER_CFTO_AVEL VOR/OA_20110507-20110620_Forestier_CFTO_AVEL VOR_Photos/Photo 240_1.jpg
SMA_108751ab4307904697e2f8336a987c54_RADEGONDE_ORTHONGEL.jpg,108751ab4307904697e2f8336a987c54,SMA-Isurus-oxyrinchus,108751ab4307904697e2f8336a987c54,OI,Senne,20181231,BACKUP_IOTA_20250207/OCUP-OB/OI-700/879a_OI_20181231-20190116_RADEGONDE_SAP_BELLEISLE/OI_20181231-20190116_RADEGONDE_SAP_BELLEISLE_Photos/20190107_191049.jpg
SMA_1700692bc53eda6a9bc2d038c7fdb71c_KOUAME_ORTHONGEL.JPG,1700692bc53eda6a9bc2d038c7fdb71c,SMA-Isurus-oxyrinchus,1700692bc53eda6a9bc2d038c7fdb71c,OA,Senne,20160820,BACKUP_IOTA_20250207/OCUP-OB/OA-300/456_OA_20160820-20161007_KOUAME_CFTO_PENDRUC/OA_20160820-20161007_KOUAME_CFTO_PENDRUC_Photos/10.JPG
SMA_1dc0433a37a03d19fc0cf399cb6c6058_EKPO_ORTHONGEL.jpg,1dc0433a37a03d19fc0cf399cb6c6058,SMA-Isurus-oxyrinchus,1dc0433a37a03d19fc0cf399cb6c6058,OA,Senne,20190813,BACKUP_IOTA_20250207/OCUP-OB/OA-300/611_OA_20190813-20190928_EKPO_CFTO_GUEOTEC/OA_ 20190813-20190928_EKPO_CFTO_GUEOTEC_Photos/SMA'.jpg
SMA_20a82dc9be4be085b08c1ec8f871be79_ALLANGBA_IRD.JPG,20a82dc9be4be085b08c1ec8f871be79,SMA-Isurus-oxyrinchus,20a82dc9be4be085b08c1ec8f871be79,OA,Senne,20150815,BACKUP_IOTA_20250207/DCF Senne (IRD)/OA-100/171_OA_20150815_20150925_ALLANGBA_CFTO_CAPBOJADOR/OA_20150815-20150927_ALLANGBA_CFTO_CAP BOJADOR_Photos/5-PHOTOS/Especes/selaciens/IMG_3279.JPG
SMA_2bddc3204588fb353e3a855299c9d9ac_EKPO_ORTHONGEL.JPG,2bddc3204588fb353e3a855299c9d9ac,SMA-Isurus-oxyrinchus,2bddc3204588fb353e3a855299c9d9ac,OA,Senne,20180809,BACKUP_IOTA_20250207/OCUP-OB/OA-300/562_OA_20180809-20181002_EKPO_CFTO_GUERIDEN/OA_20180809-20181002_EKPO_CFTO_GUERIDEN_Photos/08-Espèces/Requin/SMA (2).JPG
SMA_319f6828fbfc65d284e0223600b4a9c1_FILY_IRD.JPG,319f6828fbfc65d284e0223600b4a9c1,SMA-Isurus-oxyrinchus,319f6828fbfc65d284e0223600b4a9c1,OI,Senne,20221112,BACKUP_IOTA_20250207/DCF Senne (IRD)/OI-200/1234b_OI_20221112-20221205_FILY_SAPMER_FRANCHETERRE/OI_20221112-20221205_FILY_SAPMER_FRANCHETERRE_Photos/20221130_Calée 19/DSCF0126_20221130_SMA.JPG
SMA_32e1e7a4a8ecd8a0db3a7c6e7236ab2b_FORESTIER_IRD.jpg,32e1e7a4a8ecd8a0db3a7c6e7236ab2b,SMA-Isurus-oxyrinchus,32e1e7a4a8ecd8a0db3a7c6e7236ab2b,OA,Senne,20110507,BACKUP_IOTA_20250207/DCF Senne (IRD)/OA-100/130_OA_20110507-20110620_FORESTIER_CFTO_AVEL VOR/OA_20110507-20110620_Forestier_CFTO_AVEL VOR_Photos/Photo 240_2.jpg
SMA_4a134874d0e8bc13169d9f69b3d8e1b8_CISSE_ORTHONGEL.jpg,4a134874d0e8bc13169d9f69b3d8e1b8,SMA-Isurus-oxyrinchus,4a134874d0e8bc13169d9f69b3d8e1b8,OA,Senne,20190721,BACKUP_IOTA_20250207/OCUP-OB/OA-300/606a_OA_20190721-20190806_CISSE_CFTO_PENDRUC/OA_20190721-20190806_CISSE_CFTO_PENDRUC_Photos/IMG_20190726_201724.jpg
SMA_4b1f4239e25072e5ca8b0ef4e87340c3_DIOH_ORTHONGEL.JPG,4b1f4239e25072e5ca8b0ef4e87340c3,SMA-Isurus-oxyrinchus,4b1f4239e25072e5ca8b0ef4e87340c3,OA,Senne,20190627,BACKUP_IOTA_20250207/OCUP-OB/OA-300/602a_OA_20190627-20190709_DIOH_CFTO_STERENN/OA_20190627-20190709_DIOH_CFTO_STERENN_Photos/DSCF1254.JPG
SMA_4e03d1feaf672462abfe6392e1b897e5_ADINGRA_IRD.JPG,4e03d1feaf672462abfe6392e1b897e5,SMA-Isurus-oxyrinchus,4e03d1feaf672462abfe6392e1b897e5,OA,Senne,20180222,BACKUP_IOTA_20250207/DCF Senne (IRD)/OA-100/188_OA_20180222-20180415_ADINGRA_CFTO_GUERIDEN/OA_20180222-20180415_ADINGRA_CFTO_GUERIDEN_Photos/SAM_1572.JPG
SMA_570fa0f420eb7113f9433cb8e0d6492a_FORESTIER_IRD.jpg,570fa0f420eb7113f9433cb8e0d6492a,SMA-Isurus-oxyrinchus,570fa0f420eb7113f9433cb8e0d6492a,OA,Senne,20110507,BACKUP_IOTA_20250207/DCF Senne (IRD)/OA-100/130_OA_20110507-20110620_FORESTIER_CFTO_AVEL VOR/OA_20110507-20110620_Forestier_CFTO_AVEL VOR_Photos/Photo 240_3.jpg
SMA_5da0d775f74f36817252d4b8ca05e493_ASSOUGBA_IRD.jpg,5da0d775f74f36817252d4b8ca05e493,SMA-Isurus-oxyrinchus,5da0d775f74f36817252d4b8ca05e493,OA,Senne,20160603,BACKUP_IOTA_20250207/DCF Senne (IRD)/OA-100/177a_OA_20160603-20160624_ASSOUGBA_CFTO_GEVRED/OA_20160603-20160624_ASSOUGBA_CFTO_GEVRED_Photos/PHOTOS/20160620_081250.jpg
SMA_5e882b3a59069411d4629f4f6d6d9685_KOUASSI_ORTHONGEL.JPG,5e882b3a59069411d4629f4f6d6d9685,SMA-Isurus-oxyrinchus,5e882b3a59069411d4629f4f6d6d9685,OA,Senne,20191229,BACKUP_IOTA_20250207/OCUP-OB/OA-300/627b_OA_20191229-20200217_KOUASSI_CFTO_GUERIDEN/OA_20191229-20200217_KOUASSI_CFTO_GUERIDEN_Photos/SAM_3022.JPG
SMA_6055da830d6e0e6f5f4bc9544608c5e9_ASSOUGBA_ORTHONGEL.jpg,6055da830d6e0e6f5f4bc9544608c5e9,SMA-Isurus-oxyrinchus,6055da830d6e0e6f5f4bc9544608c5e9,OA,Senne,20160929,BACKUP_IOTA_20250207/OCUP-OB/OA-300/457a_OA_20160929-20161104_ASSOUGBA_CFTO_AVELVOR/OA_20160929-20161104_ASSOUGBA_CFTO_AVELVOR_Photos/20161015_081104.jpg
SMA_73f1985c8e1c5ca98a47e26944b7492a_KOUAME_ORTHONGEL.JPG,73f1985c8e1c5ca98a47e26944b7492a,SMA-Isurus-oxyrinchus,73f1985c8e1c5ca98a47e26944b7492a,OA,Senne,20160820,BACKUP_IOTA_20250207/OCUP-OB/OA-300/456_OA_20160820-20161007_KOUAME_CFTO_PENDRUC/OA_20160820-20161007_KOUAME_CFTO_PENDRUC_Photos/5.JPG
SMA_7842c561836ba828f5d843910cd6ac9e_GOUE_ORTHONGEL.JPG,7842c561836ba828f5d843910cd6ac9e,SMA-Isurus-oxyrinchus,7842c561836ba828f5d843910cd6ac9e,OA,Senne,20140530,BACKUP_IOTA_20250207/OCUP-OB/OA-300/332_OA_20140530-20140715_GOUE_CFTO_STERENN/OA_20140530_20140715_GOUE_CFTO_STERENN_Photos/5-PHOTOS/SAM_0061.JPG
SMA_7b198074f5ffb50ca73230479166f715_ASSOUGBA_IRD.jpg,7b198074f5ffb50ca73230479166f715,SMA-Isurus-oxyrinchus,7b198074f5ffb50ca73230479166f715,OA,Senne,20160603,BACKUP_IOTA_20250207/DCF Senne (IRD)/OA-100/177a_OA_20160603-20160624_ASSOUGBA_CFTO_GEVRED/OA_20160603-20160624_ASSOUGBA_CFTO_GEVRED_Photos/PHOTOS/20160620_081132.jpg
SMA_7c902fb200b0d4ca857cb667c4bde68e_BLE_ORTHONGEL.jpg,7c902fb200b0d4ca857cb667c4bde68e,SMA-Isurus-oxyrinchus,7c902fb200b0d4ca857cb667c4bde68e,OA,Senne,20181231,BACKUP_IOTA_20250207/OCUP-OB/OA-300/575b_OA_20181231-20190120_BLE_CFTO_GUERIDEN/OA_20181231-20190120_BLE_CFTO_GUERIDEN_Photos/N°1.jpg
SMA_7de4dd8de18a93a1ea1e30cf837483ab_FILY_IRD.JPG,7de4dd8de18a93a1ea1e30cf837483ab,SMA-Isurus-oxyrinchus,7de4dd8de18a93a1ea1e30cf837483ab,OI,Senne,20221112,BACKUP_IOTA_20250207/DCF Senne (IRD)/OI-200/1234b_OI_20221112-20221205_FILY_SAPMER_FRANCHETERRE/OI_20221112-20221205_FILY_SAPMER_FRANCHETERRE_Photos/20221130_Calée 19/IMG_6552_20221130_SMA.JPG
SMA_7e60ffe54a0ae4c78dc42ab2d68106d4_ALLANGBA_IRD.JPG,7e60ffe54a0ae4c78dc42ab2d68106d4,SMA-Isurus-oxyrinchus,7e60ffe54a0ae4c78dc42ab2d68106d4,OA,Senne,20150815,BACKUP_IOTA_20250207/DCF Senne (IRD)/OA-100/171_OA_20150815_20150925_ALLANGBA_CFTO_CAPBOJADOR/OA_20150815-20150927_ALLANGBA_CFTO_CAP BOJADOR_Photos/5-PHOTOS/Especes/selaciens/IMG_3280.JPG
SMA_80bca4d51d001ec2aeecead497060e12_ASSOUGBA_ORTHONGEL.jpg,80bca4d51d001ec2aeecead497060e12,SMA-Isurus-oxyrinchus,80bca4d51d001ec2aeecead497060e12,OA,Senne,20160929,BACKUP_IOTA_20250207/OCUP-OB/OA-300/457a_OA_20160929-20161104_ASSOUGBA_CFTO_AVELVOR/OA_20160929-20161104_ASSOUGBA_CFTO_AVELVOR_Photos/20161015_081044.jpg
SMA_8769c9d22850969907519d47b74cb8ef_EKPO_ORTHONGEL.jpg,8769c9d22850969907519d47b74cb8ef,SMA-Isurus-oxyrinchus,8769c9d22850969907519d47b74cb8ef,OA,Senne,20190323,BACKUP_IOTA_20250207/OCUP-OB/OA-300/590a_OA_20190323-20190512_EKPO_CFTO_GUERIDEN/OA_20190323-20190512_EKPO_CFTO_GUERIDEN_Photos/SMA.jpg
SMA_89757445888a6189a9428f48b9bfa9bd_EKPO_ORTHONGEL.JPG,89757445888a6189a9428f48b9bfa9bd,SMA-Isurus-oxyrinchus,89757445888a6189a9428f48b9bfa9bd,OA,Senne,20180809,BACKUP_IOTA_20250207/OCUP-OB/OA-300/562_OA_20180809-20181002_EKPO_CFTO_GUERIDEN/OA_20180809-20181002_EKPO_CFTO_GUERIDEN_Photos/08-Espèces/Requin/SMA (3).JPG
SMA_a5ca5d6336304b3794aa65d0e3798d93_KOUASSI_ORTHONGEL.JPG,a5ca5d6336304b3794aa65d0e3798d93,SMA-Isurus-oxyrinchus,a5ca5d6336304b3794aa65d0e3798d93,OA,Senne,20191229,BACKUP_IOTA_20250207/OCUP-OB/OA-300/627b_OA_20191229-20200217_KOUASSI_CFTO_GUERIDEN/OA_20191229-20200217_KOUASSI_CFTO_GUERIDEN_Photos/SAM_3023.JPG
SMA_a9045e2ff5922993a497d662dc1559c7_EKPO_ORTHONGEL.jpg,a9045e2ff5922993a497d662dc1559c7,SMA-Isurus-oxyrinchus,a9045e2ff5922993a497d662dc1559c7,OA,Senne,20190813,BACKUP_IOTA_20250207/OCUP-OB/OA-300/611_OA_20190813-20190928_EKPO_CFTO_GUEOTEC/OA_ 20190813-20190928_EKPO_CFTO_GUEOTEC_Photos/SMA.jpg
SMA_b0b0095ae011e72fc07e62b667dc19e2_HUILLIER_IRD.JPG,b0b0095ae011e72fc07e62b667dc19e2,SMA-Isurus-oxyrinchus,b0b0095ae011e72fc07e62b667dc19e2,OA,Senne,20110813,BACKUP_IOTA_20250207/DCF Senne (IRD)/OA-100/132_OA_20110813-20110927_HUILLIER_CFTO_AVEL VOR/OA_20110813-20110927_Huillier_CFTO_AVEL VOR_Photos/Espèces/83.JPG
SMA_b493e6b571e5db9bfa9f42343c1bc7a0_KOFFI_ORTHONGEL.jpg,b493e6b571e5db9bfa9f42343c1bc7a0,SMA-Isurus-oxyrinchus,b493e6b571e5db9bfa9f42343c1bc7a0,OA,Senne,20190615,BACKUP_IOTA_20250207/OCUP-OB/OA-300/600_OA_20190615-20190805_KOFFI_CFTO_GUEOTEC/OA_20190615-20190805_KOFFI_CFTO_GUEOTEC_Photos/51-SMA.jpg
SMA_b7a963524698d6814306a4c6780c5228_KOFFI_ORTHONGEL.jpg,b7a963524698d6814306a4c6780c5228,SMA-Isurus-oxyrinchus,b7a963524698d6814306a4c6780c5228,OA,Senne,20190615,BACKUP_IOTA_20250207/OCUP-OB/OA-300/600_OA_20190615-20190805_KOFFI_CFTO_GUEOTEC/OA_20190615-20190805_KOFFI_CFTO_GUEOTEC_Photos/50-SMA.jpg
SMA_ba85d99dec40333cbcc138258488b0e7_KOFF_ORTHONGEL.jpg,ba85d99dec40333cbcc138258488b0e7,SMA-Isurus-oxyrinchus,ba85d99dec40333cbcc138258488b0e7,OA,Senne,20190615,BACKUP_IOTA_20250207/OCUP-OB/OA-300/600_OA_20190615-20190805_KOFFI_CFTO_GUEOTEC/OA_20190615-20190805_KOFFI_CFTO_GUEOTEC_Photos/49-SMA.jpg
SMA_c1fec07d334c0c75e80d1ef3f9b6df43_CISSE_ORTHONGEL.jpg,c1fec07d334c0c75e80d1ef3f9b6df43,SMA-Isurus-oxyrinchus,c1fec07d334c0c75e80d1ef3f9b6df43,OA,Senne,20190721,BACKUP_IOTA_20250207/OCUP-OB/OA-300/606a_OA_20190721-20190806_CISSE_CFTO_PENDRUC/OA_20190721-20190806_CISSE_CFTO_PENDRUC_Photos/IMG_20190801_143323.jpg
SMA_c3e24ffb97c61232c54d0fd340fe91f6_FILY_IRD.JPG,c3e24ffb97c61232c54d0fd340fe91f6,SMA-Isurus-oxyrinchus,c3e24ffb97c61232c54d0fd340fe91f6,OI,Senne,20221112,BACKUP_IOTA_20250207/DCF Senne (IRD)/OI-200/1234b_OI_20221112-20221205_FILY_SAPMER_FRANCHETERRE/OI_20221112-20221205_FILY_SAPMER_FRANCHETERRE_Photos/20221130_Calée 19/IMG_6551_20221130_SMA.JPG
SMA_c4da260e9fbd55d4ab94a2955d434c68_EKPO_ORTHONGEL.JPG,c4da260e9fbd55d4ab94a2955d434c68,SMA-Isurus-oxyrinchus,c4da260e9fbd55d4ab94a2955d434c68,OA,Senne,20180809,BACKUP_IOTA_20250207/OCUP-OB/OA-300/562_OA_20180809-20181002_EKPO_CFTO_GUERIDEN/OA_20180809-20181002_EKPO_CFTO_GUERIDEN_Photos/08-Espèces/Requin/SMA (1).JPG
SMA_c78b3cb2b73d98bef5b68928caef07b2_CISSE_ORTHONGEL.jpg,c78b3cb2b73d98bef5b68928caef07b2,SMA-Isurus-oxyrinchus,c78b3cb2b73d98bef5b68928caef07b2,OA,Senne,20190721,BACKUP_IOTA_20250207/OCUP-OB/OA-300/606a_OA_20190721-20190806_CISSE_CFTO_PENDRUC/OA_20190721-20190806_CISSE_CFTO_PENDRUC_Photos/IMG_20190801_143313.jpg
SMA_cd85ce47064e216ca5c1b97aaa3ca45b_HUILLIER_IRD.JPG,cd85ce47064e216ca5c1b97aaa3ca45b,SMA-Isurus-oxyrinchus,cd85ce47064e216ca5c1b97aaa3ca45b,OA,Senne,20110813,BACKUP_IOTA_20250207/DCF Senne (IRD)/OA-100/132_OA_20110813-20110927_HUILLIER_CFTO_AVEL VOR/OA_20110813-20110927_Huillier_CFTO_AVEL VOR_Photos/Espèces/82.JPG
SMA_d2afea4d3197b9ecdf266ad86df24c27_ADINGRA_IRD.JPG,d2afea4d3197b9ecdf266ad86df24c27,SMA-Isurus-oxyrinchus,d2afea4d3197b9ecdf266ad86df24c27,OA,Senne,20180222,BACKUP_IOTA_20250207/DCF Senne (IRD)/OA-100/188_OA_20180222-20180415_ADINGRA_CFTO_GUERIDEN/OA_20180222-20180415_ADINGRA_CFTO_GUERIDEN_Photos/SAM_1573.JPG
SMA_db418025e4dc7ee1cc000ecfb02f4412_BERTHELEME_IRD.jpg,db418025e4dc7ee1cc000ecfb02f4412,SMA-Isurus-oxyrinchus,db418025e4dc7ee1cc000ecfb02f4412,OA,Senne,20100928,BACKUP_IOTA_20250207/DCF Senne (IRD)/OA-100/125_OA_20100928-20101109_BERTHELEME_CMB_CAP BOJADOR/OA_20100928-20101109_BERTHELEME_CMB_CAP BOJADOR_Photos/Photo Bojador total/transfert 520.jpg
SMA_ff3a93c9ce332535eeb44eb7c43afb7b_AMARILLO_ORTHONGEL.JPG,ff3a93c9ce332535eeb44eb7c43afb7b,SMA-Isurus-oxyrinchus,ff3a93c9ce332535eeb44eb7c43afb7b,OA,Senne,20190627,BACKUP_IOTA_20250207/OCUP-OB/OA-300/603a_OA_20190627-20190716_DO ESPIRITO_CFTO_GEVRED/OA_20190627-20190716_DO ESPIRITO_CFTO_GEVRED_Photos/DSCF9736.JPG
SPL_0791369440184b221cdd79e0f4f310eb_ALLANGBA_IRD.JPG,0791369440184b221cdd79e0f4f310eb,SPL-Sphyrna-lewini,0791369440184b221cdd79e0f4f310eb,OA,Senne,20150815,BACKUP_IOTA_20250207/DCF Senne (IRD)/OA-100/171_OA_20150815_20150925_ALLANGBA_CFTO_CAPBOJADOR/OA_20150815-20150927_ALLANGBA_CFTO_CAP BOJADOR_Photos/5-PHOTOS/Especes/selaciens/IMG_2900.JPG
SPL_0c9b6b071f012e5767d6a334a0bbdacd_GUILAVOGUI_ORTHONGEL.JPG,0c9b6b071f012e5767d6a334a0bbdacd,SPL-Sphyrna-lewini,0c9b6b071f012e5767d6a334a0bbdacd,OA,Senne,20190409,BACKUP_IOTA_20250207/OCUP-OB/OA-300/589b_OA_20190409-20190504_GUILAVOGUI_CFTO_AVELVOR/OA_20190409-20190504_GUILAVOGUI_CFTO_AVELVOR_Photos/SAM_2851.JPG
SPL_18e9d9b6b7b46db1452387864f49033a_EKPO_ORTHONGEL.jpg,18e9d9b6b7b46db1452387864f49033a,SPL-Sphyrna-lewini,18e9d9b6b7b46db1452387864f49033a,OA,Senne,20190813,BACKUP_IOTA_20250207/OCUP-OB/OA-300/611_OA_20190813-20190928_EKPO_CFTO_GUEOTEC/OA_ 20190813-20190928_EKPO_CFTO_GUEOTEC_Photos/SPL'.jpg
SPL_25d429794b67903a4683a4fed19e4b3f_KOUAKOU_ORTHONGEL.JPG,25d429794b67903a4683a4fed19e4b3f,SPL-Sphyrna-lewini,25d429794b67903a4683a4fed19e4b3f,OA,Senne,20141008,BACKUP_IOTA_20250207/OCUP-OB/OA-300/349_OA_20141008-20141118_KOUAKOU_SAUPIQUET_VIA AVENIR/OA_20141008-20141118_KOUAKOU_SAUPIQUET_VIAAVENIR_Photos/PHOTOS/SAM_1723.JPG
SPL_2d6394fcd77eaaef397955b8a38552de_ASSOUGBA_ORTHONGEL.jpg,2d6394fcd77eaaef397955b8a38552de,SPL-Sphyrna-lewini,2d6394fcd77eaaef397955b8a38552de,OA,Senne,20170416,BACKUP_IOTA_20250207/OCUP-OB/OA-300/495_OA_20170416-20170502_ASSOUGBA_CFTO_CAPBOJADOR/OA_20170416-20170502_ASSOUGBA_CFTO_CAPBOJADOR_Photos/5-PHOTOS/20170418_113952.jpg
SPL_2e10a4acf103eb33f186180a45291173_KOSSONOU_ORTHONGEL.JPG,2e10a4acf103eb33f186180a45291173,SPL-Sphyrna-lewini,2e10a4acf103eb33f186180a45291173,OA,Senne,20140817,BACKUP_IOTA_20250207/OCUP-OB/OA-300/342_OA_20140817-20140924_KOSSONOU_SAUPIQUET_VIA AVENIR/OA_20140817-20140924_KOSSONOU_SAUPIQUET_VIA AVENIR_Photos/PHOTOS/SAM_1378.JPG
SPL_32244e9bb906d029cbf94b57c43055a3_GOUE_ORTHONGEL.JPG,32244e9bb906d029cbf94b57c43055a3,SPL-Sphyrna-lewini,32244e9bb906d029cbf94b57c43055a3,OA,Senne,20140530,BACKUP_IOTA_20250207/OCUP-OB/OA-300/332_OA_20140530-20140715_GOUE_CFTO_STERENN/OA_20140530_20140715_GOUE_CFTO_STERENN_Photos/5-PHOTOS/SAM_0034.JPG
SPL_3ffa7eebade51be4812ffd5996733b94_MONSET_IRD.jpg,3ffa7eebade51be4812ffd5996733b94,SPL-Sphyrna-lewini,3ffa7eebade51be4812ffd5996733b94,OA,Senne,20100624,BACKUP_IOTA_20250207/DCF Senne (IRD)/OA-100/121_OA_20100624-20100807_MONSET_CMB_CAP BOJADOR/OA_20100624-20100807_MONSET_CMB_CAP BOJADOR_Photos/26.jpg
SPL_4d3d628c1693c375d2fbdc2fd916161d_KOUAKOU_ORTHONGEL.JPG,4d3d628c1693c375d2fbdc2fd916161d,SPL-Sphyrna-lewini,4d3d628c1693c375d2fbdc2fd916161d,OA,Senne,20160520,BACKUP_IOTA_20250207/OCUP-OB/OA-300/432_OA_20160520-20160607_KOUAKOU_CFTO_AVELVOR/OA_20160520-20160607_KOUAKOU_CFTO_AVELVOR_Photos & vidéos/PHOTOS/Especes/Requins/SAM_3487.JPG
SPL_4e6ff9494fc4c2b83fc1eeab7784a3cd_SIMON_IRD.JPG,4e6ff9494fc4c2b83fc1eeab7784a3cd,SPL-Sphyrna-lewini,4e6ff9494fc4c2b83fc1eeab7784a3cd,OA,Senne,20110817,BACKUP_IOTA_20250207/DCF Senne (IRD)/OA-100/133_OA_20110817-20110925_SIMON_CFTO_GUERIDEN/OA_20110817-20110925_Simon_CFTO_GUERIDEN_Photos/9.JPG
SPL_5a9c811220d23bffff8ed696d952cb4b_KOUAKOU_ORTHONGEL.JPG,5a9c811220d23bffff8ed696d952cb4b,SPL-Sphyrna-lewini,5a9c811220d23bffff8ed696d952cb4b,OA,Senne,20141008,BACKUP_IOTA_20250207/OCUP-OB/OA-300/349_OA_20141008-20141118_KOUAKOU_SAUPIQUET_VIA AVENIR/OA_20141008-20141118_KOUAKOU_SAUPIQUET_VIAAVENIR_Photos/PHOTOS/SAM_1716.JPG
SPL_5adb9f776834c1f1b3b9de3a43268b27_HUILLIER_IRD.JPG,5adb9f776834c1f1b3b9de3a43268b27,SPL-Sphyrna-lewini,5adb9f776834c1f1b3b9de3a43268b27,OA,Senne,20110813,BACKUP_IOTA_20250207/DCF Senne (IRD)/OA-100/132_OA_20110813-20110927_HUILLIER_CFTO_AVEL VOR/OA_20110813-20110927_Huillier_CFTO_AVEL VOR_Photos/Espèces/46.JPG
SPL_5e4aea906050895b36f6972bdf6224cd_KONAN_ORTHONGEL.JPG,5e4aea906050895b36f6972bdf6224cd,SPL-Sphyrna-lewini,5e4aea906050895b36f6972bdf6224cd,OA,Senne,20140727,BACKUP_IOTA_20250207/OCUP-OB/OA-300/340_OA_20140727-20140909_KONAN_SAUPIQUET_VIA HARMATTAN/OA_20140727_20140909_KONAN_SAUPIQUET_VIAHARMATTAN_Photos/PHOTOS/DSC00976.JPG
SPL_5febe308dfbd792516a5c60593ea91c1_KOUAKOU_ORTHONGEL.JPG,5febe308dfbd792516a5c60593ea91c1,SPL-Sphyrna-lewini,5febe308dfbd792516a5c60593ea91c1,OA,Senne,20141008,BACKUP_IOTA_20250207/OCUP-OB/OA-300/349_OA_20141008-20141118_KOUAKOU_SAUPIQUET_VIA AVENIR/OA_20141008-20141118_KOUAKOU_SAUPIQUET_VIAAVENIR_Photos/PHOTOS/SAM_1719.JPG
SPL_840a1397f37315a2957755c2b6b526c1_KOSSONOU_ORTHONGEL.JPG,840a1397f37315a2957755c2b6b526c1,SPL-Sphyrna-lewini,840a1397f37315a2957755c2b6b526c1,OA,Senne,20140817,BACKUP_IOTA_20250207/OCUP-OB/OA-300/342_OA_20140817-20140924_KOSSONOU_SAUPIQUET_VIA AVENIR/OA_20140817-20140924_KOSSONOU_SAUPIQUET_VIA AVENIR_Photos/PHOTOS/SAM_1380.JPG
SPL_84915232f8cc0fca491a15fc660edf70_KOSSONOU_ORTHONGEL.JPG,84915232f8cc0fca491a15fc660edf70,SPL-Sphyrna-lewini,84915232f8cc0fca491a15fc660edf70,OA,Senne,20140817,BACKUP_IOTA_20250207/OCUP-OB/OA-300/342_OA_20140817-20140924_KOSSONOU_SAUPIQUET_VIA AVENIR/OA_20140817-20140924_KOSSONOU_SAUPIQUET_VIA AVENIR_Photos/PHOTOS/SAM_1374.JPG
SPL_84f3a5de8340207147d9f07efde754a4_KOUAKOU_ORTHONGEL.JPG,84f3a5de8340207147d9f07efde754a4,SPL-Sphyrna-lewini,84f3a5de8340207147d9f07efde754a4,OA,Senne,20170816,BACKUP_IOTA_20250207/OCUP-OB/OA-300/519_OA_20170816-20171010_KOUAKOU_CFTO_STERENN/OA_20170816-20171010_KOUAKOU_CFTO_STERENN_Photos/ESPECES/SAM_3705.JPG
SPL_8527d2c00c3607ce73b867125efeb21f_KONAN_ORTHONGEL.JPG,8527d2c00c3607ce73b867125efeb21f,SPL-Sphyrna-lewini,8527d2c00c3607ce73b867125efeb21f,OA,Senne,20140727,BACKUP_IOTA_20250207/OCUP-OB/OA-300/340_OA_20140727-20140909_KONAN_SAUPIQUET_VIA HARMATTAN/OA_20140727_20140909_KONAN_SAUPIQUET_VIAHARMATTAN_Photos/PHOTOS/DSC01096.JPG
SPL_a9fba2a6d335a163afb48ff4aab83545_GUILAVOGUI_ORTHONGEL.JPG,a9fba2a6d335a163afb48ff4aab83545,SPL-Sphyrna-lewini,a9fba2a6d335a163afb48ff4aab83545,OA,Senne,20190409,BACKUP_IOTA_20250207/OCUP-OB/OA-300/589b_OA_20190409-20190504_GUILAVOGUI_CFTO_AVELVOR/OA_20190409-20190504_GUILAVOGUI_CFTO_AVELVOR_Photos/SAM_2850.JPG
SPL_cedb0c9bd268649f7c72f4766c72b801_KOSSONOU_ORTHONGEL.JPG,cedb0c9bd268649f7c72f4766c72b801,SPL-Sphyrna-lewini,cedb0c9bd268649f7c72f4766c72b801,OA,Senne,20140817,BACKUP_IOTA_20250207/OCUP-OB/OA-300/342_OA_20140817-20140924_KOSSONOU_SAUPIQUET_VIA AVENIR/OA_20140817-20140924_KOSSONOU_SAUPIQUET_VIA AVENIR_Photos/PHOTOS/SAM_1379.JPG
SPL_cf20695034e51d600e8200f989a7d1ca_BLE_ORTHONGEL.JPG,cf20695034e51d600e8200f989a7d1ca,SPL-Sphyrna-lewini,cf20695034e51d600e8200f989a7d1ca,OA,Senne,20150823,BACKUP_IOTA_20250207/OCUP-OB/OA-300/396_OA_20150823-20151002_BLE_SPQ_VIAHARMATTAN/OA_20150823-20151002_BLE_SPQ_VIAHARMATTAN_Photos/photos espèces/N°8 (1).JPG
SPL_cff683e3ed3b5c5a300273dd08950881_ALLARD_ORTHONGEL.JPG,cff683e3ed3b5c5a300273dd08950881,SPL-Sphyrna-lewini,cff683e3ed3b5c5a300273dd08950881,OA,Senne,20140425,BACKUP_IOTA_20250207/OCUP-OB/OA-300/327_OA_20140425-20140603_ALLARD_SPQ_VIA HARMATTAN/OA_20140425-20140603_ALLARD_SPQ_VIA HARMATTAN_Photos/Photos/photo obervation par date/09052014/caléé1/DSCF0369.JPG
SPL_d156f76ed2d24380d3b5a5381b8e4177_KONAN_ORTHONGEL.JPG,d156f76ed2d24380d3b5a5381b8e4177,SPL-Sphyrna-lewini,d156f76ed2d24380d3b5a5381b8e4177,OA,Senne,20140727,BACKUP_IOTA_20250207/OCUP-OB/OA-300/340_OA_20140727-20140909_KONAN_SAUPIQUET_VIA HARMATTAN/OA_20140727_20140909_KONAN_SAUPIQUET_VIAHARMATTAN_Photos/PHOTOS/DSC01098.JPG
SPL_d8c2606bbc1c6e19e7adfdac3d6f6588_GOUE_ORTHONGEL.JPG,d8c2606bbc1c6e19e7adfdac3d6f6588,SPL-Sphyrna-lewini,d8c2606bbc1c6e19e7adfdac3d6f6588,OA,Senne,20140530,BACKUP_IOTA_20250207/OCUP-OB/OA-300/332_OA_20140530-20140715_GOUE_CFTO_STERENN/OA_20140530_20140715_GOUE_CFTO_STERENN_Photos/5-PHOTOS/SAM_0138.JPG
SPL_e713223a10a34d6e6e3aa0c0206c88f0_HUILLIER_IRD.JPG,e713223a10a34d6e6e3aa0c0206c88f0,SPL-Sphyrna-lewini,e713223a10a34d6e6e3aa0c0206c88f0,OA,Senne,20110813,BACKUP_IOTA_20250207/DCF Senne (IRD)/OA-100/132_OA_20110813-20110927_HUILLIER_CFTO_AVEL VOR/OA_20110813-20110927_Huillier_CFTO_AVEL VOR_Photos/Espèces/45.JPG
SPL_f90bb4b9da407e819893883e611003c4_ALLARD_ORTHONGEL.JPG,f90bb4b9da407e819893883e611003c4,SPL-Sphyrna-lewini,f90bb4b9da407e819893883e611003c4,OA,Senne,20140425,BACKUP_IOTA_20250207/OCUP-OB/OA-300/327_OA_20140425-20140603_ALLARD_SPQ_VIA HARMATTAN/OA_20140425-20140603_ALLARD_SPQ_VIA HARMATTAN_Photos/Photos/photo obervation par date/09052014/caléé1/DSCF0360.JPG
SPL_fbe009a528c9a0cb46fe3d1edeb52986_KONAN_ORTHONGEL.JPG,fbe009a528c9a0cb46fe3d1edeb52986,SPL-Sphyrna-lewini,fbe009a528c9a0cb46fe3d1edeb52986,OA,Senne,20140727,BACKUP_IOTA_20250207/OCUP-OB/OA-300/340_OA_20140727-20140909_KONAN_SAUPIQUET_VIA HARMATTAN/OA_20140727_20140909_KONAN_SAUPIQUET_VIAHARMATTAN_Photos/PHOTOS/DSC00974.JPG
SPL_fc0bab3168b04b3f821a13e08cdcc208_SIMON_IRD.JPG,fc0bab3168b04b3f821a13e08cdcc208,SPL-Sphyrna-lewini,fc0bab3168b04b3f821a13e08cdcc208,OA,Senne,20110817,BACKUP_IOTA_20250207/DCF Senne (IRD)/OA-100/133_OA_20110817-20110925_SIMON_CFTO_GUERIDEN/OA_20110817-20110925_Simon_CFTO_GUERIDEN_Photos/8.JPG
SPL_ff82341b9c6b8893dafdd79c69e6c0d2_HUILLIER_IRD.JPG,ff82341b9c6b8893dafdd79c69e6c0d2,SPL-Sphyrna-lewini,ff82341b9c6b8893dafdd79c69e6c0d2,OA,Senne,20110813,BACKUP_IOTA_20250207/DCF Senne (IRD)/OA-100/132_OA_20110813-20110927_HUILLIER_CFTO_AVEL VOR/OA_20110813-20110927_Huillier_CFTO_AVEL VOR_Photos/Espèces/47.JPG
SPW_bc7ae3538df1093fa12386217a2f6e5b_Kouame_Orthongel.JPG,bc7ae3538df1093fa12386217a2f6e5b,SPW-Physeter-macrocephalus,bc7ae3538df1093fa12386217a2f6e5b,OA,Senne,20140722,BACKUP_IOTA_20250207/OCUP-OB/OA-300/339c_OA_20140722-20140903_KOUAME_SAUPIQUET_VIA EUROS/OA_20140722-20140903_KOUAME_SAUPIQUET_VIAEUROS_Photos/PHOTOS/Chavirage de SPW.JPG
SPZ_02f59df87e59495685836ccc66ad25e7_CISSE_ORTHONGEL.jpg,02f59df87e59495685836ccc66ad25e7,SPZ-Sphyrna-zygaena,02f59df87e59495685836ccc66ad25e7,OA,Senne,20180902,BACKUP_IOTA_20250207/OCUP-OB/OA-300/563a_OA_20180902-20181013_CISSE_CFTO_CAPBOJADOR/OA_20180902-20181013_CISSE_CFTO_CAPBOJADOR_Photos/IMG_20180929_145635.jpg
SPZ_0e363e9a745215303b0719953ecf0d63_SIMON_IRD.JPG,0e363e9a745215303b0719953ecf0d63,SPZ-Sphyrna-zygaena,0e363e9a745215303b0719953ecf0d63,OA,Senne,20110817,BACKUP_IOTA_20250207/DCF Senne (IRD)/OA-100/133_OA_20110817-20110925_SIMON_CFTO_GUERIDEN/OA_20110817-20110925_Simon_CFTO_GUERIDEN_Photos/33.JPG
SPZ_0f6c9fb61c90c26dd0da403a5d0f85c5_SIMON_IRD.JPG,0f6c9fb61c90c26dd0da403a5d0f85c5,SPZ-Sphyrna-zygaena,0f6c9fb61c90c26dd0da403a5d0f85c5,OA,Senne,20110817,BACKUP_IOTA_20250207/DCF Senne (IRD)/OA-100/133_OA_20110817-20110925_SIMON_CFTO_GUERIDEN/OA_20110817-20110925_Simon_CFTO_GUERIDEN_Photos/35.JPG
SPZ_10f40f41e5736f69670ad5e2282ed5bc_BLE_ORTHONGEL.JPG,10f40f41e5736f69670ad5e2282ed5bc,SPZ-Sphyrna-zygaena,10f40f41e5736f69670ad5e2282ed5bc,OA,Senne,20140522,BACKUP_IOTA_20250207/OCUP-OB/OA-300/330_OA_20140522-20140710_BLE_CFTO_CAP BOJADOR/OA_20140522-20140710_BLE_CFTO_CAPBOJADOR_Photos/5-PHOTOS/espèces/photo espèce numérotée/N°1_calée 3 (2).JPG
SPZ_12c581b9abd04ef1ed5bc3c7028dc3ff_BLE_ORTHONGEL.JPG,12c581b9abd04ef1ed5bc3c7028dc3ff,SPZ-Sphyrna-zygaena,12c581b9abd04ef1ed5bc3c7028dc3ff,OA,Senne,20140810,BACKUP_IOTA_20250207/OCUP-OB/OA-300/336b_OA_20140810-20140901_BLE_CFTO_CAP BOJADOR/OA_20140810-20140901_BLE_CFTO_CAP BOJADOR_Photos/PHOTOS/espèces/photo espèce numérotée/N°2_calée 8 (2).JPG
SPZ_163bf987fa757c49ce31db2bcb4c4496_EKPO_ORTHONGEL.jpg,163bf987fa757c49ce31db2bcb4c4496,SPZ-Sphyrna-zygaena,163bf987fa757c49ce31db2bcb4c4496,OA,Senne,20190813,BACKUP_IOTA_20250207/OCUP-OB/OA-300/611_OA_20190813-20190928_EKPO_CFTO_GUEOTEC/OA_ 20190813-20190928_EKPO_CFTO_GUEOTEC_Photos/SPL.jpg
SPZ_1a35bf699ca55169cf7e94b302b537ca_KOUAKOU_ORTHONGEL.JPG,1a35bf699ca55169cf7e94b302b537ca,SPZ-Sphyrna-zygaena,1a35bf699ca55169cf7e94b302b537ca,OA,Senne,20150712,BACKUP_IOTA_20250207/OCUP-OB/OA-300/389a_OA_20150712-20150729_KOUAKOU_CFTO_AVEL VOR/OA_20150712-20150729_KOUAKOU_CFTO_AVELVOR_Photos/PHOTOS/Autres/63.JPG
SPZ_23ae8ae6fa6e6bef3003d1df0c7ee520_HUILLIER_IRD.JPG,23ae8ae6fa6e6bef3003d1df0c7ee520,SPZ-Sphyrna-zygaena,23ae8ae6fa6e6bef3003d1df0c7ee520,OA,Senne,20110813,BACKUP_IOTA_20250207/DCF Senne (IRD)/OA-100/132_OA_20110813-20110927_HUILLIER_CFTO_AVEL VOR/OA_20110813-20110927_Huillier_CFTO_AVEL VOR_Photos/Espèces/75.JPG
SPZ_2956d2e96074aec0274359dc36187afe_KOSSONOU_ORTHONGEL.JPG,2956d2e96074aec0274359dc36187afe,SPZ-Sphyrna-zygaena,2956d2e96074aec0274359dc36187afe,OA,Senne,20140703,BACKUP_IOTA_20250207/OCUP-OB/OA-300/334a_OA_20140703-20140725_KOSSONOU_SAUPIQUET_VIA AVENIR/OA_20140703-20140725_KOSSONOU_SAUPIQUET_VIA AVENIR_Photos/PHOTOS/SAM_1297.JPG
SPZ_2b9cb11b3355db822f9318c9e9983737_EKPO_ORTHONGEL.jpg,2b9cb11b3355db822f9318c9e9983737,SPZ-Sphyrna-zygaena,2b9cb11b3355db822f9318c9e9983737,OA,Senne,20190813,BACKUP_IOTA_20250207/OCUP-OB/OA-300/611_OA_20190813-20190928_EKPO_CFTO_GUEOTEC/OA_ 20190813-20190928_EKPO_CFTO_GUEOTEC_Photos/SPL''.jpg
SPZ_2d4ae5bf986a9499fab32bf63d00f7dd_KOUAKOU_ORTHONGEL.JPG,2d4ae5bf986a9499fab32bf63d00f7dd,SPZ-Sphyrna-zygaena,2d4ae5bf986a9499fab32bf63d00f7dd,OA,Senne,20150712,BACKUP_IOTA_20250207/OCUP-OB/OA-300/389a_OA_20150712-20150729_KOUAKOU_CFTO_AVEL VOR/OA_20150712-20150729_KOUAKOU_CFTO_AVELVOR_Photos/PHOTOS/Autres/60.JPG
SPZ_469201e38393be52013f89fd72d81f9f_ORIOT_IRD.jpg,469201e38393be52013f89fd72d81f9f,SPZ-Sphyrna-zygaena,469201e38393be52013f89fd72d81f9f,OA,Senne,20080221,BACKUP_IOTA_20250207/DCF Senne (IRD)/OA-100/107_OA_20080221-20080327_ORIOT_SPQ_PERE BRIANT/OA_20080221-20080327_ORIOT_SPQ_PERE BRIANT_Photos/27-02-08 015.jpg
SPZ_4a75c35829629ad85af6c8dcba852087_BLE_ORTHONGEL.JPG,4a75c35829629ad85af6c8dcba852087,SPZ-Sphyrna-zygaena,4a75c35829629ad85af6c8dcba852087,OA,Senne,20140522,BACKUP_IOTA_20250207/OCUP-OB/OA-300/330_OA_20140522-20140710_BLE_CFTO_CAP BOJADOR/OA_20140522-20140710_BLE_CFTO_CAPBOJADOR_Photos/5-PHOTOS/espèces/photo espèce numérotée/N°1_calée 3 (5).JPG
SPZ_51fa4eeb329bb073c04a4d9fb7a054a3_DIOH_ORTHONGEL.JPG,51fa4eeb329bb073c04a4d9fb7a054a3,SPZ-Sphyrna-zygaena,51fa4eeb329bb073c04a4d9fb7a054a3,OA,Senne,20190627,BACKUP_IOTA_20250207/OCUP-OB/OA-300/602a_OA_20190627-20190709_DIOH_CFTO_STERENN/OA_20190627-20190709_DIOH_CFTO_STERENN_Photos/DSCF1317.JPG
SPZ_53f144c653c64aa2b44d3b65f65b5e6a_BADIANE_ORTHONGEL.JPG,53f144c653c64aa2b44d3b65f65b5e6a,SPZ-Sphyrna-zygaena,53f144c653c64aa2b44d3b65f65b5e6a,OA,Senne,20140909,BACKUP_IOTA_20250207/OCUP-OB/OA-300/345_OA_20140909-20141013_BADIANE_SAUPIQUET_VIAEUROS/OA_20140909-20141013_BADIANE_SAUPIQUET_VIAEUROS_Photos/PHOTOS/SAM_1328.JPG
SPZ_5a71dbb4d7c7301b31c77e706ce29c98_BLE_ORTHONGEL.JPG,5a71dbb4d7c7301b31c77e706ce29c98,SPZ-Sphyrna-zygaena,5a71dbb4d7c7301b31c77e706ce29c98,OA,Senne,20140810,BACKUP_IOTA_20250207/OCUP-OB/OA-300/336b_OA_20140810-20140901_BLE_CFTO_CAP BOJADOR/OA_20140810-20140901_BLE_CFTO_CAP BOJADOR_Photos/PHOTOS/espèces/photo espèce numérotée/N°2_calée 8.JPG
SPZ_5ce9b118e57b5d1eb0359c30bc1fb9ce_BLE_ORTHONGEL.JPG,5ce9b118e57b5d1eb0359c30bc1fb9ce,SPZ-Sphyrna-zygaena,5ce9b118e57b5d1eb0359c30bc1fb9ce,OA,Senne,20150823,BACKUP_IOTA_20250207/OCUP-OB/OA-300/396_OA_20150823-20151002_BLE_SPQ_VIAHARMATTAN/OA_20150823-20151002_BLE_SPQ_VIAHARMATTAN_Photos/photos espèces/N°8 (2).JPG
SPZ_619c403ed588cc18714c253709148eae_INAPOGUI_ORTHONGEL.JPG,619c403ed588cc18714c253709148eae,SPZ-Sphyrna-zygaena,619c403ed588cc18714c253709148eae,OA,Senne,20190427,BACKUP_IOTA_20250207/OCUP-OB/OA-300/596a_OA_20190427-20190525_INAPOGUI_SPQT_VIAEUROS/OA_20190427-20190525_ INAPOGUI_SPQT_VIAEUROS_Photos/DSCF8231.JPG
SPZ_80f70d2b483c93fa397d510bcbe77819_GOUE_ORTHONGEL.JPG,80f70d2b483c93fa397d510bcbe77819,SPZ-Sphyrna-zygaena,80f70d2b483c93fa397d510bcbe77819,OA,Senne,20160622,BACKUP_IOTA_20250207/OCUP-OB/OA-300/438b_OA_20160622-20160713_GOUE_SQT_VIAMISTRAL/OA_20160622-20160713_GOUE_SQT_VIAMISTRAL_Photos & vidéos/PHOTOS/SAM_4209.JPG
SPZ_837bee7463f7caf2f7f24fdc1aa8d674_ORIOT_IRD.jpg,837bee7463f7caf2f7f24fdc1aa8d674,SPZ-Sphyrna-zygaena,837bee7463f7caf2f7f24fdc1aa8d674,OA,Senne,20080221,BACKUP_IOTA_20250207/DCF Senne (IRD)/OA-100/107_OA_20080221-20080327_ORIOT_SPQ_PERE BRIANT/OA_20080221-20080327_ORIOT_SPQ_PERE BRIANT_Photos/27-02-08 018.jpg
SPZ_863365356232739251f769611735df78_ADINGRA_ORTHONGEL.JPG,863365356232739251f769611735df78,SPZ-Sphyrna-zygaena,,OI,Longline,,
SPZ_9241874b40b464ca80c3ac0376ce44db_WINKLER_IRD.JPG,9241874b40b464ca80c3ac0376ce44db,SPZ-Sphyrna-zygaena,9241874b40b464ca80c3ac0376ce44db,OA,Senne,20100318,BACKUP_IOTA_20250207/DCF Senne (IRD)/OA-100/118_OA_20100318_20100422_WINKLER_CMB_CAP BOJADOR/OA_20100318_20100422_WINKLER_CMB_CAP BOJADOR_Photo especes-OA-Winkler Joachim-Cap Bojador-100318_100422/2.JPG
SPZ_936623b228f6201774da874acfa391ae_MONSET_IRD.jpg,936623b228f6201774da874acfa391ae,SPZ-Sphyrna-zygaena,936623b228f6201774da874acfa391ae,OA,Senne,20100511,BACKUP_IOTA_20250207/DCF Senne (IRD)/OA-100/120_OA_20100511-20100619_MONSET_CMB_GUEOTEC/OA_20100511-20100619_MONSET_CMB_GUEOTEC_Photos/11.jpg
SPZ_989dcfc0b7b0554a96006c56eac131d0_BLE_ORTHONGEL.JPG,989dcfc0b7b0554a96006c56eac131d0,SPZ-Sphyrna-zygaena,989dcfc0b7b0554a96006c56eac131d0,OA,Senne,20140522,BACKUP_IOTA_20250207/OCUP-OB/OA-300/330_OA_20140522-20140710_BLE_CFTO_CAP BOJADOR/OA_20140522-20140710_BLE_CFTO_CAPBOJADOR_Photos/5-PHOTOS/espèces/photo espèce numérotée/N°1_calée 3 (3).JPG
SPZ_a2d80b628bf61a87c50db84ca25e7606_MONSET_IRD.jpg,a2d80b628bf61a87c50db84ca25e7606,SPZ-Sphyrna-zygaena,a2d80b628bf61a87c50db84ca25e7606,OA,Senne,20100511,BACKUP_IOTA_20250207/DCF Senne (IRD)/OA-100/120_OA_20100511-20100619_MONSET_CMB_GUEOTEC/OA_20100511-20100619_MONSET_CMB_GUEOTEC_Photos/14.jpg
SPZ_de19408b9a13a83932a3136452da9ecf_WINKLER_IRD.JPG,de19408b9a13a83932a3136452da9ecf,SPZ-Sphyrna-zygaena,de19408b9a13a83932a3136452da9ecf,OA,Senne,20100318,BACKUP_IOTA_20250207/DCF Senne (IRD)/OA-100/118_OA_20100318_20100422_WINKLER_CMB_CAP BOJADOR/OA_20100318_20100422_WINKLER_CMB_CAP BOJADOR_Photo especes-OA-Winkler Joachim-Cap Bojador-100318_100422/1.JPG
SPZ_df7d07ee996f86c18ae776274dc2063f_KOSSONOU_ORTHONGEL.JPG,df7d07ee996f86c18ae776274dc2063f,SPZ-Sphyrna-zygaena,df7d07ee996f86c18ae776274dc2063f,OA,Senne,20140703,BACKUP_IOTA_20250207/OCUP-OB/OA-300/334a_OA_20140703-20140725_KOSSONOU_SAUPIQUET_VIA AVENIR/OA_20140703-20140725_KOSSONOU_SAUPIQUET_VIA AVENIR_Photos/PHOTOS/SAM_1298.JPG
SPZ_e4a9df7960802fea087d43f0f01d5d2e_GOUE_ORTHONGEL.JPG,e4a9df7960802fea087d43f0f01d5d2e,SPZ-Sphyrna-zygaena,e4a9df7960802fea087d43f0f01d5d2e,OA,Senne,20160622,BACKUP_IOTA_20250207/OCUP-OB/OA-300/438b_OA_20160622-20160713_GOUE_SQT_VIAMISTRAL/OA_20160622-20160713_GOUE_SQT_VIAMISTRAL_Photos & vidéos/PHOTOS/SAM_4208.JPG
SPZ_ef523f53372c204fb0f6a7470d5d0831_KOSSONOU_ORTHONGEL.JPG,ef523f53372c204fb0f6a7470d5d0831,SPZ-Sphyrna-zygaena,ef523f53372c204fb0f6a7470d5d0831,OA,Senne,20140703,BACKUP_IOTA_20250207/OCUP-OB/OA-300/334a_OA_20140703-20140725_KOSSONOU_SAUPIQUET_VIA AVENIR/OA_20140703-20140725_KOSSONOU_SAUPIQUET_VIA AVENIR_Photos/PHOTOS/SAM_1299.JPG
SPZ_f26b9342746afc39c054d6c51c3a30e9_CISSE_ORTHONGEL.jpg,f26b9342746afc39c054d6c51c3a30e9,SPZ-Sphyrna-zygaena,f26b9342746afc39c054d6c51c3a30e9,OA,Senne,20180902,BACKUP_IOTA_20250207/OCUP-OB/OA-300/563a_OA_20180902-20181013_CISSE_CFTO_CAPBOJADOR/OA_20180902-20181013_CISSE_CFTO_CAPBOJADOR_Photos/IMG_20180929_145629.jpg
SPZ_faafdd185a92f4a77b49cad61f8b390c_KOUAKOU_ORTHONGEL.JPG,faafdd185a92f4a77b49cad61f8b390c,SPZ-Sphyrna-zygaena,faafdd185a92f4a77b49cad61f8b390c,OA,Senne,20150712,BACKUP_IOTA_20250207/OCUP-OB/OA-300/389a_OA_20150712-20150729_KOUAKOU_CFTO_AVEL VOR/OA_20150712-20150729_KOUAKOU_CFTO_AVELVOR_Photos/PHOTOS/Autres/69.JPG
SPZ_fae3d0cf13335cc9a33303c249c6a598_KRAMO_ORTHONGEL.JPG,fae3d0cf13335cc9a33303c249c6a598,SPZ-Sphyrna-zygaena,fae3d0cf13335cc9a33303c249c6a598,OA,Senne,20190919,BACKUP_IOTA_20250207/OCUP-OB/OA-300/609b_OA_20190919-20191007_KRAMO_CFTO_STERENN/OA_20190919-20191007_KRAMO_CFTO_STERENN_Photos/SAM_1875.JPG
SPZ_fbeaf01eb643c4ee51676308a0181935_ADINGRA_ORTHONGEL.JPG,fbeaf01eb643c4ee51676308a0181935,SPZ-Sphyrna-zygaena,,OI,Longline,,
SPZ_feb11876098601115531695ae077223b_HUILLIER_IRD.JPG,feb11876098601115531695ae077223b,SPZ-Sphyrna-zygaena,feb11876098601115531695ae077223b,OA,Senne,20110813,BACKUP_IOTA_20250207/DCF Senne (IRD)/OA-100/132_OA_20110813-20110927_HUILLIER_CFTO_AVEL VOR/OA_20110813-20110927_Huillier_CFTO_AVEL VOR_Photos/Espèces/76.JPG
SSP_00c56a751574e9bf6d2561b4cd7e34be_LEMOAL_TAAF.JPG,00c56a751574e9bf6d2561b4cd7e34be,SSP-Tetrapturus-angustirostris,00c56a751574e9bf6d2561b4cd7e34be,OI,Senne,20120330,BACKUP_IOTA_20250207/DCF Senne (TAAF)/2012/TAAF2012-3_SAP_MANAPANY_Le Moal/OI_20120330-20120430_TAAF2012-3_SAP_MANAPANY_Le Moal_Photos et films/1204 sony/DSC00610.JPG
SSP_046a3c6420272a4f47aaf83bb24c26c1_BOURASSEAU_IRD.jpg,046a3c6420272a4f47aaf83bb24c26c1,SSP-Tetrapturus-angustirostris,046a3c6420272a4f47aaf83bb24c26c1,OI,Senne,20180731,BACKUP_IOTA_20250207/DCF Senne (IRD)/OI-200/294b_OI_20180731-20180820_BOURASSEAU_SAP_MANAPANY/OI_20180731-20180820_BOURASSEAU_SAP_MANAPANY_Photos/SSP-1.jpg
SSP_0f3c36b9139d1b0de61d420c4ecd209f_BERTRAND_IRD.JPG,0f3c36b9139d1b0de61d420c4ecd209f,SSP-Tetrapturus-angustirostris,,OI,Longline,,
SSP_0fabc582f08a0c82108b25b126b03073_BERTRAND_IRD.JPG,0fabc582f08a0c82108b25b126b03073,SSP-Tetrapturus-angustirostris,,OI,Longline,,
SSP_1523ddd9b37a04cae30a52500b9f6af8_POIROUT_IRD.jpeg,1523ddd9b37a04cae30a52500b9f6af8,SSP-Tetrapturus-angustirostris,,OI,Longline,,
SSP_1d8f2a8ade54cf3b4506f57acd54e19f_BERTRAND_IRD.jpeg,1d8f2a8ade54cf3b4506f57acd54e19f,SSP-Tetrapturus-angustirostris,,OI,Longline,,
SSP_20f04ce64628eb9cad2566186a482c9e_SHARP_IRD.jpeg,20f04ce64628eb9cad2566186a482c9e,SSP-Tetrapturus-angustirostris,,OI,Longline,,
SSP_3e9753110680d497b8a035887c6172a8_WINKLER_IRD.jpg,3e9753110680d497b8a035887c6172a8,SSP-Tetrapturus-angustirostris,,OI,Longline,,
SSP_512f0e7bab6a6239f27c01cc7a34bcac_PUECH_IRD.JPG,512f0e7bab6a6239f27c01cc7a34bcac,SSP-Tetrapturus-angustirostris,,OI,Longline,,
SSP_5846c406b9d803201e2e01b6afebfc10_PUECH_IRD.JPG,5846c406b9d803201e2e01b6afebfc10,SSP-Tetrapturus-angustirostris,,OI,Longline,,
SSP_58e60438eb8ce9a0b7962575eb849c7c_SHARP_IRD.jpeg,58e60438eb8ce9a0b7962575eb849c7c,SSP-Tetrapturus-angustirostris,,OI,Longline,,
SSP_616a6640d62906dc858816104a229d63_BERTRAND_IRD.JPG,616a6640d62906dc858816104a229d63,SSP-Tetrapturus-angustirostris,,OI,Longline,,
SSP_717907a5599efb0e8b000cd40a4d754f_PUECH_IRD.JPG,717907a5599efb0e8b000cd40a4d754f,SSP-Tetrapturus-angustirostris,,OI,Longline,,
SSP_71f9a9bd89ab45a862bcae8cb6229c36_ROMANOV_IRD.jpeg,71f9a9bd89ab45a862bcae8cb6229c36,SSP-Tetrapturus-angustirostris,,OI,Longline,,
SSP_8ec0b8ed5f1ab07c1a4b433cf37600a8_BERTRAND_IRD.JPG,8ec0b8ed5f1ab07c1a4b433cf37600a8,SSP-Tetrapturus-angustirostris,,OI,Longline,,
SSP_977ebd6de076624af94a78d4b1304d63_BERTRAND_IRD.JPG,977ebd6de076624af94a78d4b1304d63,SSP-Tetrapturus-angustirostris,,OI,Longline,,
SSP_a5511b006f126626bf99aaadb16ef304_KAUFFMANN_IRD.JPG,a5511b006f126626bf99aaadb16ef304,SSP-Tetrapturus-angustirostris,,OI,Longline,,
SSP_b50a7783e982070e5242fa22085b9e32_SHARP_IRD.jpeg,b50a7783e982070e5242fa22085b9e32,SSP-Tetrapturus-angustirostris,,OI,Longline,,
SSP_ba1df3359caed882545c83ff733a83d7_GROULT_IRD.JPG,ba1df3359caed882545c83ff733a83d7,SSP-Tetrapturus-angustirostris,,OI,Longline,,
SSP_bd20d281d48b45c391c0e7bdb2ecff54_PUECH_IRD.JPG,bd20d281d48b45c391c0e7bdb2ecff54,SSP-Tetrapturus-angustirostris,,OI,Longline,,
SSP_c29f448e289f4c4b5f07622f3a42e953_POIROUT_IRD.jpeg,c29f448e289f4c4b5f07622f3a42e953,SSP-Tetrapturus-angustirostris,,OI,Longline,,
SSP_ce866b0978e85fb498d3df255f1d1eef_PUECH_IRD.JPG,ce866b0978e85fb498d3df255f1d1eef,SSP-Tetrapturus-angustirostris,,OI,Longline,,
SSP_d588c9085c9d0a24de4fbf84bb9ea560_PRIOUL_IRD.JPG,d588c9085c9d0a24de4fbf84bb9ea560,SSP-Tetrapturus-angustirostris,d588c9085c9d0a24de4fbf84bb9ea560,OI,Senne,20081105,BACKUP_IOTA_20250207/DCF Senne (IRD)/OI-200/234_OI_20081105-20081216_PRIOUL_ CMB_MEN GOE/OI_20081105_20081216_PRIOUL_ CMB_MEN GOE_Photos/19 Terapturus angustirostris (Voilier).JPG
SSP_d87442563f0ea97387f8421528a12826_LEMOAL_TAAF.JPG,d87442563f0ea97387f8421528a12826,SSP-Tetrapturus-angustirostris,d87442563f0ea97387f8421528a12826,OI,Senne,20120330,BACKUP_IOTA_20250207/DCF Senne (TAAF)/2012/TAAF2012-3_SAP_MANAPANY_Le Moal/OI_20120330-20120430_TAAF2012-3_SAP_MANAPANY_Le Moal_Photos et films/1204 sony/DSC00609.JPG
SSP_dc900e7a526386b18b70bec5122bc144_POIROUT_IRD.jpeg,dc900e7a526386b18b70bec5122bc144,SSP-Tetrapturus-angustirostris,,OI,Longline,,
SSP_e265fab02ea819d9026b46849e221632_POIROUT_IRD.jpeg,e265fab02ea819d9026b46849e221632,SSP-Tetrapturus-angustirostris,,OI,Longline,,
SSP_e46200f84c1020c30e8775c8d909f82b_PUECH_IRD.JPG,e46200f84c1020c30e8775c8d909f82b,SSP-Tetrapturus-angustirostris,,OI,Longline,,
SSP_e4630c3335b69ac44b92cb0bf2d6c0965_SHARP_IRD.jpeg,e4630c3335b69ac44b92cb0bf2d6c096,SSP-Tetrapturus-angustirostris,,OI,Longline,,
SSP_e6924125539291cf9df796e30d48442c_SHARP_IRD.jpeg,e6924125539291cf9df796e30d48442c,SSP-Tetrapturus-angustirostris,,OI,Longline,,
SSP_f0a4cfb14d82a4405d556b73bdb6cf8f_LEMOAL_TAAF.JPG,f0a4cfb14d82a4405d556b73bdb6cf8f,SSP-Tetrapturus-angustirostris,f0a4cfb14d82a4405d556b73bdb6cf8f,OI,Senne,20120330,BACKUP_IOTA_20250207/DCF Senne (TAAF)/2012/TAAF2012-3_SAP_MANAPANY_Le Moal/OI_20120330-20120430_TAAF2012-3_SAP_MANAPANY_Le Moal_Photos et films/1204 sony/DSC00607.JPG
SSP_f7ab3fc1355bed8bd38da9abc15e9cb6_POIROUT_IRD.jpeg,f7ab3fc1355bed8bd38da9abc15e9cb6,SSP-Tetrapturus-angustirostris,,OI,Longline,,
SSP_f8a596bc4bca29a4ec053e044984f207_KAUFFMANN_IRD.JPG,f8a596bc4bca29a4ec053e044984f207,SSP-Tetrapturus-angustirostris,,OI,Longline,,
Naso-reticulatus_5a72e7c8c1c6816d11490b9438afe335_GOUE_IRD.JPG,5a72e7c8c1c6816d11490b9438afe335,SUR-Naso-reticulatus,5a72e7c8c1c6816d11490b9438afe335,OI,Senne,20180314,BACKUP_IOTA_20250207/DCF Senne (IRD)/OI-200/292b_OI_20180314-20180402_GOUE_SAP_BELOUVE/OI_20180314-20180402_GOUE_SAPMER_BELOUVE_Photos/SAM_0001.JPG
Naso-reticulatus_edf5974c844e219805022106a82bdd9a_GOUE_IRD.JPG,edf5974c844e219805022106a82bdd9a,SUR-Naso-reticulatus,edf5974c844e219805022106a82bdd9a,OI,Senne,20180314,BACKUP_IOTA_20250207/DCF Senne (IRD)/OI-200/292b_OI_20180314-20180402_GOUE_SAP_BELOUVE/OI_20180314-20180402_GOUE_SAPMER_BELOUVE_Photos/SAM_0002.JPG
SWO_19f8b6f2b94a1d4bbae1ea4983f0b2a3_GOUE_ORTHONGEL.JPG,19f8b6f2b94a1d4bbae1ea4983f0b2a3,SWO-Xiphias-gladius,19f8b6f2b94a1d4bbae1ea4983f0b2a3,OA,Senne,20200112,BACKUP_IOTA_20250207/OCUP-OB/OA-300/632_OA_20200112-20200224_GOUE_SQT_VIAAVENIR/OA_20200112-20200224_GOUE_SQT_VIAAVENIR_Photos/Calée 6_SWO_1a.JPG
SWO_1ea47f1052e742732e50f6633c780416_POIRIER_IRD.JPG,1ea47f1052e742732e50f6633c780416,SWO-Xiphias-gladius,1ea47f1052e742732e50f6633c780416,OI,Senne,20200804,BACKUP_IOTA_20250207/DCF Senne (IRD)/OI-200/1215a_OI_20200804-20200913_POIRIER_SAPMER_DOLOMIEU/OI_20200804-20200913_POIRIER_SAPMER_DOLOMIEU_Photos/Calée 4/Calée4 (8)_SWO.JPG
SWO_4449e0f4855dad72ab5287f9d8131881_EKPO_ORTHONGEL.jpg,4449e0f4855dad72ab5287f9d8131881,SWO-Xiphias-gladius,4449e0f4855dad72ab5287f9d8131881,OA,Senne,20190813,BACKUP_IOTA_20250207/OCUP-OB/OA-300/611_OA_20190813-20190928_EKPO_CFTO_GUEOTEC/OA_ 20190813-20190928_EKPO_CFTO_GUEOTEC_Photos/SWO1.jpg
SWO_55dcc68c8f4c984cdad1152af31846d0_GOUE_ORTHONGEL.JPG,55dcc68c8f4c984cdad1152af31846d0,SWO-Xiphias-gladius,55dcc68c8f4c984cdad1152af31846d0,OA,Senne,20200112,BACKUP_IOTA_20250207/OCUP-OB/OA-300/632_OA_20200112-20200224_GOUE_SQT_VIAAVENIR/OA_20200112-20200224_GOUE_SQT_VIAAVENIR_Photos/Calée 6_SWO_1c.JPG
SWO_699d152df2027be65a5d57e9de8e9421_COCONI_IRD.JPG,699d152df2027be65a5d57e9de8e9421,SWO-Xiphias-gladius,699d152df2027be65a5d57e9de8e9421,OI,Senne,20180930,BACKUP_IOTA_20250207/DCF Senne (IRD)/OI-200/297b_OI_20180930-20181105_COCONI_SAP_DOLOMIEU/OI_20180930-20181105_COCONI_SAP_DOLOMIEU_Photos/pêche 17/PA203464.JPG
SWO_75e2dce7efd47ca04bbfe8c1d20b844e_GOUE_ORTHONGEL.JPG,75e2dce7efd47ca04bbfe8c1d20b844e,SWO-Xiphias-gladius,75e2dce7efd47ca04bbfe8c1d20b844e,OA,Senne,20200112,BACKUP_IOTA_20250207/OCUP-OB/OA-300/632_OA_20200112-20200224_GOUE_SQT_VIAAVENIR/OA_20200112-20200224_GOUE_SQT_VIAAVENIR_Photos/Calée 6_SWO_1b.JPG
SWO_83853359658cebeb4bccdde24a07bd09_COCONI_IRD.JPG,83853359658cebeb4bccdde24a07bd09,SWO-Xiphias-gladius,83853359658cebeb4bccdde24a07bd09,OI,Senne,20180930,BACKUP_IOTA_20250207/DCF Senne (IRD)/OI-200/297b_OI_20180930-20181105_COCONI_SAP_DOLOMIEU/OI_20180930-20181105_COCONI_SAP_DOLOMIEU_Photos/pêche 17/PA203466.JPG
SWO_8f3e0e9879e405910bc00a637e27dd10_BOURASSEAU_IRD.jpg,8f3e0e9879e405910bc00a637e27dd10,SWO-Xiphias-gladius,8f3e0e9879e405910bc00a637e27dd10,OI,Senne,20170624,BACKUP_IOTA_20250207/DCF Senne (IRD)/OI-200/286a_OI_20170624-20170723_BOURASSEAU_SAP_BERNICA/OI_20170624-20170826_BOURASSEAU_SAP_BERNICA_Photos/Poissons/SWO.jpg
SWO_95118ce4e6cad0c4fb81b4cca7011743_THELLIER_IRD.JPG,95118ce4e6cad0c4fb81b4cca7011743,SWO-Xiphias-gladius,95118ce4e6cad0c4fb81b4cca7011743,OA,Senne,20110107,BACKUP_IOTA_20250207/DCF Senne (IRD)/OA-100/127_OA_20110107-20110302_THELLIER_CMB_STERENN/OA_20110107-20110228_Thellier_CMB_STERENN_Photos/Tibo_Sterenn8B.JPG
SWO_96c04425c0225f36853907931ccbf2d5_EKPO_ORTHONGEL.JPG,96c04425c0225f36853907931ccbf2d5,SWO-Xiphias-gladius,96c04425c0225f36853907931ccbf2d5,OA,Senne,20180809,BACKUP_IOTA_20250207/OCUP-OB/OA-300/562_OA_20180809-20181002_EKPO_CFTO_GUERIDEN/OA_20180809-20181002_EKPO_CFTO_GUERIDEN_Photos/08-Espèces/Poissons porte-épée/BUM.JPG
SWO_d13698757ad48d9a915596bec8c0fd70_COCONI_IRD.JPG,d13698757ad48d9a915596bec8c0fd70,SWO-Xiphias-gladius,d13698757ad48d9a915596bec8c0fd70,OI,Senne,20180930,BACKUP_IOTA_20250207/DCF Senne (IRD)/OI-200/297b_OI_20180930-20181105_COCONI_SAP_DOLOMIEU/OI_20180930-20181105_COCONI_SAP_DOLOMIEU_Photos/pêche 17/PA203465.JPG
SWO_d7ed7fd056d787aced216bf7e3c65f27_COZANNET_IRD.JPG,d7ed7fd056d787aced216bf7e3c65f27,SWO-Xiphias-gladius,d7ed7fd056d787aced216bf7e3c65f27,OI,Senne,20160527,BACKUP_IOTA_20250207/DCF Senne (IRD)/OI-200/278a_OI_20160527-20160624_COZANNET_SAPMER_BELOUVE/OI_20160527-20160624_COZANNET_SAPMER_BELOUVE_Photos/DSCF0358.JPG
TAL_6e539b2247c79bcf3de1e15cbfd19550_CISSE_ORTHONGEL.jpg,6e539b2247c79bcf3de1e15cbfd19550,TAL-Taractichthys-longipinnis,6e539b2247c79bcf3de1e15cbfd19550,OA,Senne,20190809,BACKUP_IOTA_20250207/OCUP-OB/OA-300/606b_OA_20190809-20190828_CISSE_CFTO_PENDRUC/OA_20190809-20190828_CISSE_CFTO_PENDRUC_Photos/IMG_20190825_111236.jpg
TAL_9848d1c1c3a8ea308b18e76317680501_DIOH_ORTHONGEL.JPG,9848d1c1c3a8ea308b18e76317680501,TAL-Taractichthys-longipinnis,9848d1c1c3a8ea308b18e76317680501,OA,Senne,20190712,BACKUP_IOTA_20250207/OCUP-OB/OA-300/602b_OA_20190712-20190728_DIOH_CFTO_STERENN/OA_20190712-20190728_DIOH_CFTO_STERENN_Photos/DSCF1274.JPG
TAL_9dddf1525a06df619eaa00ad47a7aeed_DIOH_ORTHONGEL.JPG,9dddf1525a06df619eaa00ad47a7aeed,TAL-Taractichthys-longipinnis,9dddf1525a06df619eaa00ad47a7aeed,OA,Senne,20190712,BACKUP_IOTA_20250207/OCUP-OB/OA-300/602b_OA_20190712-20190728_DIOH_CFTO_STERENN/OA_20190712-20190728_DIOH_CFTO_STERENN_Photos/DSCF1275.JPG
TIG_29e57a98418c39e9863b77a7838312fb_SHARP_IRD.jpeg,29e57a98418c39e9863b77a7838312fb,TIG-Galeocerdo-cuvier,,OI,Longline,,
TIG_5eab96f25e93b679b5c1e0f4937ec373_SHARP_IRD.jpeg,5eab96f25e93b679b5c1e0f4937ec373,TIG-Galeocerdo-cuvier,,OI,Longline,,
TIG_a59d8e4851d78c05439994ef85023d93I_HOUILLIOT_TAAF.JPG,a59d8e4851d78c05439994ef85023d93,TIG-Galeocerdo-cuvier,a59d8e4851d78c05439994ef85023d93,,Senne,2013,BACKUP_IOTA_20250207/DCF Senne (TAAF)/2013/TAAF2013-6 TXORI TOKI Houillot/TXORI TOKI (E)/Photos/Divers/P5020006.JPG
TIG_b4bb9e4e9301019221387193d3c14a85_HOUILLIOT_TAAF.JPG,b4bb9e4e9301019221387193d3c14a85,TIG-Galeocerdo-cuvier,b4bb9e4e9301019221387193d3c14a85,,Senne,2013,BACKUP_IOTA_20250207/DCF Senne (TAAF)/2013/TAAF2013-6 TXORI TOKI Houillot/TXORI TOKI (E)/Photos/Espèces numérotées/Photo 19 GCU GHOU.JPG
TIG_b69963b8f66fe3cee25a1363d5924b18_SHARP_IRD.jpeg,b69963b8f66fe3cee25a1363d5924b18,TIG-Galeocerdo-cuvier,,OI,Longline,,
TIG_b89146045888dc97a559fac7c6f556b7_SHARP_IRD.jpeg,b89146045888dc97a559fac7c6f556b7,TIG-Galeocerdo-cuvier,,OI,Longline,,
TIG_f5b3b57ade098331136e838afe254b6d_HOUILLIOT_TAAF.JPG,f5b3b57ade098331136e838afe254b6d,TIG-Galeocerdo-cuvier,f5b3b57ade098331136e838afe254b6d,,Senne,2013,BACKUP_IOTA_20250207/DCF Senne (TAAF)/2013/TAAF2013-6 TXORI TOKI Houillot/TXORI TOKI (E)/Photos/Divers/P5020007.JPG
TRG_046e74fa13a391f8f8e8a348636ee6b1_COULIBALY_IRD.JPG,046e74fa13a391f8f8e8a348636ee6b1,TRG-Balistes-capriscus,046e74fa13a391f8f8e8a348636ee6b1,OA,Senne,20150302,BACKUP_IOTA_20250207/DCF Senne (IRD)/OA-100/167b_OA_20150302_20150316_KOSSONOU_CFTO_AVELVOR/OA_20150302-20150316_KOSSONOU_CFTO_AVEL VOR_Photos/PHOTOS/SAM_1751.JPG
TRG_047557b2722014d614526e7a56a5752e_KOUAME_ORTHONGEL.JPG,047557b2722014d614526e7a56a5752e,TRG-Balistes-capriscus,047557b2722014d614526e7a56a5752e,OA,Senne,20150301,BACKUP_IOTA_20250207/OCUP-OB/OA-300/368_OA_20150301-20150325_KOUAME_SAUPIQUET_VIAHARMATTAN/OA_20150301-20150325_KOUAME_SAUPIQUET_VIAHARMATTAN_Photos/PHOTOS/Opération_Pêche/TRG (2).JPG
TRG_0d26b76245174676ffe4e22ef169b614_ALLANGBA_ORTHONGEL.JPG,0d26b76245174676ffe4e22ef169b614,TRG-Balistes-capriscus,0d26b76245174676ffe4e22ef169b614,OA,Senne,20160521,BACKUP_IOTA_20250207/OCUP-OB/OA-300/434a_OA_20160521-20160626_ALLANGBA_CFTO_CAPBOJADOR/OA_20160521-20160626_ALLANGBA_CFTO_CAPBOJADOR_Photos & vidéos/PHOTOS/Autres poissons/SAM_0012.JPG
TRG_0f7d92636e910a42ae67db6003a6ffbe_ASSOUGBA_ORTHONGEL.jpg,0f7d92636e910a42ae67db6003a6ffbe,TRG-Balistes-capriscus,0f7d92636e910a42ae67db6003a6ffbe,OA,Senne,20161209,BACKUP_IOTA_20250207/OCUP-OB/OA-300/471_OA_20161209-20170130_ASSOUGBA_CFTO_PENDRUC/OA_20161209-20170130_ASSOUGBA_CFTO_PENDRUC_Photos/20161223_090416.jpg
TRG_0fc566fed0cc7300c7c8db0c6d7c7221_BERTHELEME_IRD.jpg,0fc566fed0cc7300c7c8db0c6d7c7221,TRG-Balistes-capriscus,0fc566fed0cc7300c7c8db0c6d7c7221,OA,Senne,20100928,BACKUP_IOTA_20250207/DCF Senne (IRD)/OA-100/125_OA_20100928-20101109_BERTHELEME_CMB_CAP BOJADOR/OA_20100928-20101109_BERTHELEME_CMB_CAP BOJADOR_Photos/Photo Bojador total/transfert 433.jpg
TRG_1024bd5fc4520b303b655bbb9130233e_DUBAR_IRD.JPG,1024bd5fc4520b303b655bbb9130233e,TRG-Balistes-capriscus,1024bd5fc4520b303b655bbb9130233e,OA,Senne,20110130,BACKUP_IOTA_20250207/DCF Senne (IRD)/OA-100/128_OA_20110130-20110312_DUBAR_CMB_GUERIDEN/OA_20110130-20110312_Dubar_CMB_GUERIDEN_Photos/Pour le rapport/Photo 10.JPG
TRG_18948dbcc279ce0d5c2d3b7a5ff36b16_JEHENNE_ORTHONGEL.JPG,18948dbcc279ce0d5c2d3b7a5ff36b16,TRG-Balistes-capriscus,18948dbcc279ce0d5c2d3b7a5ff36b16,OA,Senne,20121230,BACKUP_IOTA_20250207/OCUP-OB/OA-300/150_OA_20121230-20130219_JEHENNE_SPQ_VIA AVENIR/OA_20121230-20130219_Jehenne_SPQ_VIA AVENIR_Photos/échantillon (11).JPG
TRG_1dad24d3b41c121d7a25f116aa607cf6_GBOGBO_ORTHONGEL.jpg,1dad24d3b41c121d7a25f116aa607cf6,TRG-Balistes-capriscus,1dad24d3b41c121d7a25f116aa607cf6,OA,Senne,20190831,BACKUP_IOTA_20250207/OCUP-OB/OA-300/608_OA_20190831-20191014_GBOGBO_SQPT_VIAMISTRAL/OA_20190831-20191014_GBOGBO_SQPT_VIAMISTRAL_Photos/IMG_20190912_100658.jpg
TRG_1f78e92e79ab92e35444e01dba4c89b6_KOUAME_ORTHONGEL.JPG,1f78e92e79ab92e35444e01dba4c89b6,TRG-Balistes-capriscus,1f78e92e79ab92e35444e01dba4c89b6,OA,Senne,20150301,BACKUP_IOTA_20250207/OCUP-OB/OA-300/368_OA_20150301-20150325_KOUAME_SAUPIQUET_VIAHARMATTAN/OA_20150301-20150325_KOUAME_SAUPIQUET_VIAHARMATTAN_Photos/PHOTOS/Opération_Pêche/CNT.JPG
TRG_21ee2ce9b52ce14e2aa32378b82f92e2_PANGNE_ORTHONGEL.JPG,21ee2ce9b52ce14e2aa32378b82f92e2,TRG-Balistes-capriscus,21ee2ce9b52ce14e2aa32378b82f92e2,OA,Senne,20191124,BACKUP_IOTA_20250207/OCUP-OB/OA-300/622_OA_20191124-20200106_PANGNE_SPQT_VIAAVENIR/OA_20191124-20200106_PANGNE_SPQT_VIAAVENIR_Photos/DSCF1107.JPG
TRG_255da12e8e28cf6f097715bbe713d6ed_ALLANGBA_ORTHONGEL.JPG,255da12e8e28cf6f097715bbe713d6ed,TRG-Balistes-capriscus,255da12e8e28cf6f097715bbe713d6ed,OA,Senne,20160718,BACKUP_IOTA_20250207/OCUP-OB/OA-300/445_OA_20160718-20160905_ALLANGBA_CFTO_CAPBOJADOR/OA_20160718-20160905_ALLANGBA_CFTO_CAPBOJADOR_Photos/5-PHOTOS/SAM_0589.JPG
TRG_40cd00d6b913627342d9ad485ff4df92_DAO_ORTHONGEL.JPG,40cd00d6b913627342d9ad485ff4df92,TRG-Balistes-capriscus,40cd00d6b913627342d9ad485ff4df92,OA,Senne,20160824,BACKUP_IOTA_20250207/OCUP-OB/OA-300/443b_OA_20160824-20160913_DAO_CFTO_STERENN/OA_20160824-20160913_DAO_CFTO_STERENN_Photos/5-PHOTOS/SAM_3210.JPG
TRG_4f3ee6e98e9ce336bd4ffd43afa9b0e0_MOEC_IRD.JPG,4f3ee6e98e9ce336bd4ffd43afa9b0e0,TRG-Balistes-capriscus,4f3ee6e98e9ce336bd4ffd43afa9b0e0,OA,Senne,20081201,BACKUP_IOTA_20250207/DCF Senne (IRD)/OA-100/111_OA_20081201_20090105_MOEC_CMB_AVEL VOR/OA_20081201_20090105_MOEC_CMB_AVEL VOR_Photos/photo 3.JPG
TRG_5314b2ee41bfa3267c73ae9952fd93f7_MONIN_IRD.jpg,5314b2ee41bfa3267c73ae9952fd93f7,TRG-Balistes-capriscus,5314b2ee41bfa3267c73ae9952fd93f7,OA,Senne,20190502,BACKUP_IOTA_20250207/DCF Senne (IRD)/OA-100/1104_OA_20190502-20190622_MONIN_CFTO_GEVRED/OA_20190502-20190622_MONIN_CFTO_GEVRED_Photos/Photo du 10062019/calée 37 (8).jpg
TRG_6d3576cc0de35ac7a4690ad5e8274e74_KOUAKOU_ORTHONGEL.JPG,6d3576cc0de35ac7a4690ad5e8274e74,TRG-Balistes-capriscus,6d3576cc0de35ac7a4690ad5e8274e74,OA,Senne,20141008,BACKUP_IOTA_20250207/OCUP-OB/OA-300/349_OA_20141008-20141118_KOUAKOU_SAUPIQUET_VIA AVENIR/OA_20141008-20141118_KOUAKOU_SAUPIQUET_VIAAVENIR_Photos/PHOTOS/SAM_1727.JPG
TRG_6f388ed8e1bf8023a68046091c4d13e0_GOUE_ORTHONGEL.JPG,6f388ed8e1bf8023a68046091c4d13e0,TRG-Balistes-capriscus,6f388ed8e1bf8023a68046091c4d13e0,OA,Senne,20141201,BACKUP_IOTA_20250207/OCUP-OB/OA-300/359b_OA_20141201-20150105_GOUE_CFTO_STERENN/OA_20141201-20150105_GOUE_CFTO_STERENN_Photos/PHOTOS/DSC01511.JPG
TRG_8095f1d83f2eb802469318d393d25b49_COULIBALY_IRD.JPG,8095f1d83f2eb802469318d393d25b49,TRG-Balistes-capriscus,8095f1d83f2eb802469318d393d25b49,OA,Senne,20150302,BACKUP_IOTA_20250207/DCF Senne (IRD)/OA-100/167b_OA_20150302_20150316_KOSSONOU_CFTO_AVELVOR/OA_20150302-20150316_KOSSONOU_CFTO_AVEL VOR_Photos/PHOTOS/SAM_1772.JPG
TRG_851f637621c4d35e0b58e6871ef4a500_WINKLER_IRD.JPG,851f637621c4d35e0b58e6871ef4a500,TRG-Balistes-capriscus,851f637621c4d35e0b58e6871ef4a500,OA,Senne,20100206,BACKUP_IOTA_20250207/DCF Senne (IRD)/OA-100/117_OA_20100206_20100316_WINKLER_CMB_GUEOTEC/OA_20100206_20100316_WINKLER_CMB_GUEOTEC_Photos/Photos especes - OA- Winkler Joachim- Gueotec- 100206_100316/13.JPG
TRG_8999ccdf3482a0711335952d0ec8bc15_EKPO_ORTHONGEL.JPG,8999ccdf3482a0711335952d0ec8bc15,TRG-Balistes-capriscus,8999ccdf3482a0711335952d0ec8bc15,OA,Senne,20180809,BACKUP_IOTA_20250207/OCUP-OB/OA-300/562_OA_20180809-20181002_EKPO_CFTO_GUERIDEN/OA_20180809-20181002_EKPO_CFTO_GUERIDEN_Photos/08-Espèces/Autres-Poissons/TRG 1.JPG
TRG_8cf0c464ea6afdcd9a253800ce3dda0f_KOUAKOU_ORTHONGEL.JPG,8cf0c464ea6afdcd9a253800ce3dda0f,TRG-Balistes-capriscus,8cf0c464ea6afdcd9a253800ce3dda0f,OA,Senne,20150712,BACKUP_IOTA_20250207/OCUP-OB/OA-300/389a_OA_20150712-20150729_KOUAKOU_CFTO_AVEL VOR/OA_20150712-20150729_KOUAKOU_CFTO_AVELVOR_Photos/PHOTOS/Autres/SAM_2229.JPG
TRG_9e98e6b9b6e0dbfd8c624415ac263c20_PANGUE_ORTHONGEL.JPG,9e98e6b9b6e0dbfd8c624415ac263c20,TRG-Balistes-capriscus,9e98e6b9b6e0dbfd8c624415ac263c20,OA,Senne,20200124,BACKUP_IOTA_20250207/OCUP-OB/OA-300/630_OA_20200124-20200316_PANGNE_CFTO_GUEOTEC/OA_20200124-20200316_PANGNE_CFTO_GUEOTEC_Photos/SAM_0042.JPG
TRG_a37ada6e03a38dcdfa590ca1a2153d54_EKPO_ORTHONGEL.JPG,a37ada6e03a38dcdfa590ca1a2153d54,TRG-Balistes-capriscus,a37ada6e03a38dcdfa590ca1a2153d54,OA,Senne,20180809,BACKUP_IOTA_20250207/OCUP-OB/OA-300/562_OA_20180809-20181002_EKPO_CFTO_GUERIDEN/OA_20180809-20181002_EKPO_CFTO_GUERIDEN_Photos/08-Espèces/Autres-Poissons/TRG.JPG
TRG_a5fc8c21f6d26de319fce2db24207536_HUILLIER_IRD.JPG,a5fc8c21f6d26de319fce2db24207536,TRG-Balistes-capriscus,a5fc8c21f6d26de319fce2db24207536,OA,Senne,20110813,BACKUP_IOTA_20250207/DCF Senne (IRD)/OA-100/132_OA_20110813-20110927_HUILLIER_CFTO_AVEL VOR/OA_20110813-20110927_Huillier_CFTO_AVEL VOR_Photos/Espèces/32.JPG
TRG_b3068dc3cd33a07d59dc838d39c85b0b_ASSOUGBA_ORTHONGEL.jpg,b3068dc3cd33a07d59dc838d39c85b0b,TRG-Balistes-capriscus,b3068dc3cd33a07d59dc838d39c85b0b,OA,Senne,20161209,BACKUP_IOTA_20250207/OCUP-OB/OA-300/471_OA_20161209-20170130_ASSOUGBA_CFTO_PENDRUC/OA_20161209-20170130_ASSOUGBA_CFTO_PENDRUC_Photos/20170117_190003.jpg
TRG_be7c001f0f9d74e0c8eeb16bf1151a82_PANGNE_ORTHONGEL.JPG,be7c001f0f9d74e0c8eeb16bf1151a82,TRG-Balistes-capriscus,be7c001f0f9d74e0c8eeb16bf1151a82,OA,Senne,20191124,BACKUP_IOTA_20250207/OCUP-OB/OA-300/622_OA_20191124-20200106_PANGNE_SPQT_VIAAVENIR/OA_20191124-20200106_PANGNE_SPQT_VIAAVENIR_Photos/DSCF1092.JPG
TRG_c5d9ad9b31036249dce586ec29b8c82c_DAO_ORTHONGEL.JPG,c5d9ad9b31036249dce586ec29b8c82c,TRG-Balistes-capriscus,c5d9ad9b31036249dce586ec29b8c82c,OA,Senne,20161219,BACKUP_IOTA_20250207/OCUP-OB/OA-300/472_OA_20161219-20170201_DAO_SQT_VIAMISTRAL/OA_20161219-20170201_DAO_SQT_VIAMISTRAL_Photos/5-PHOTOS/SAM_1606.JPG
TRG_da21f28f9895f0089bbfd0c1466c9b48_AFONSO_ORTHONGEL.jpg,da21f28f9895f0089bbfd0c1466c9b48,TRG-Balistes-capriscus,da21f28f9895f0089bbfd0c1466c9b48,OA,Senne,20181028,BACKUP_IOTA_20250207/OCUP-OB/OA-300/571_OA_20181028-20181211_AFONSO_SPQT_VIAAVENIR/OA_20181028-20181211_AFONSO_SPQT_VIAAVENIR_Photos/IMG_20181113_154025.jpg
TRG_e15ac4d4c2357dab22f311383d34f76f_MONIN_IRD.jpg,e15ac4d4c2357dab22f311383d34f76f,TRG-Balistes-capriscus,e15ac4d4c2357dab22f311383d34f76f,OA,Senne,20190502,BACKUP_IOTA_20250207/DCF Senne (IRD)/OA-100/1104_OA_20190502-20190622_MONIN_CFTO_GEVRED/OA_20190502-20190622_MONIN_CFTO_GEVRED_Photos/photo du 16052019/Calée 18 à 14H 13 (36).jpg
TRG_e223ac02b9e571a5e474ef4999a937f9_KONAN_ORTHONGEL.JPG,e223ac02b9e571a5e474ef4999a937f9,TRG-Balistes-capriscus,e223ac02b9e571a5e474ef4999a937f9,OA,Senne,20140727,BACKUP_IOTA_20250207/OCUP-OB/OA-300/340_OA_20140727-20140909_KONAN_SAUPIQUET_VIA HARMATTAN/OA_20140727_20140909_KONAN_SAUPIQUET_VIAHARMATTAN_Photos/PHOTOS/DSC01253.JPG
TRG_f12738814c2a371a9d6e30a4b904a814_DAO_ORTHONGEL.JPG,f12738814c2a371a9d6e30a4b904a814,TRG-Balistes-capriscus,f12738814c2a371a9d6e30a4b904a814,OA,Senne,20150116,BACKUP_IOTA_20250207/OCUP-OB/OA-300/358b_OA_20150116-20150127_DAO_SAUPIQUET_VIA EUROS/OA_20150116-20150127_DAO_SAUPIQUET_VIA EUROS_Photos/PHOTOS/SAM_1681.JPG
Xanthichthys-caeruleolineatus_253a292a608dfe407676a0b2aa9fae1b_REBOUX_IRD.JPG,253a292a608dfe407676a0b2aa9fae1b,TRI-Xanthichthys-caeruleolineatus,253a292a608dfe407676a0b2aa9fae1b,OI,Senne,20150820,BACKUP_IOTA_20250207/DCF Senne (IRD)/OI-200/273a_OI_20150820-20150921_REBOUX_SAP_BELOUVE/OI_20150820-20150921_REBOUX_SAP_BELOUVE_Photos marée 1 & 2/OI_150923-151025_Reboux_SAPMER_BELOUVE_Photos/Poissons/baliste non identifé.JPG
Xanthichthys-caeruleolineatus_59d2d740fb28a13fa1054c03087246b8_LEDANTEC_IRD.JPG,59d2d740fb28a13fa1054c03087246b8,TRI-Xanthichthys-caeruleolineatus,59d2d740fb28a13fa1054c03087246b8,OI,Senne,20140716,BACKUP_IOTA_20250207/DCF Senne (IRD)/OI-200/262b_OI_20140716-20140818_LE DANTEC_SAP_DOLOMIEU/OI_20140716-20140818_LE DANTEC_SAPMER_DOLOMIEU_Photos/Photos poissons rejet/1_CNT3.JPG
TTH_02d9660e51b98caf1d19988e8a5e8feb_LEMERDY_IRD.jpg,02d9660e51b98caf1d19988e8a5e8feb,TTH-Eretmochelys-imbricata,02d9660e51b98caf1d19988e8a5e8feb,OI,Senne,20180120,BACKUP_IOTA_20250207/DCF Senne (IRD)/OI-200/290a_OI_20180120_20180222_LEMERDY_SAP_BERNICA/OI_20180120_20180222_LEMERDY_SAP_BERNICA_Photos/Calée 1 - 27.01.2018/20180127_2.jpg
TTH_0ac07ea58b8cf87ebc1e1ede42bffc41_LEMERDY_IRD.jpg,0ac07ea58b8cf87ebc1e1ede42bffc41,TTH-Eretmochelys-imbricata,0ac07ea58b8cf87ebc1e1ede42bffc41,OI,Senne,20180120,BACKUP_IOTA_20250207/DCF Senne (IRD)/OI-200/290a_OI_20180120_20180222_LEMERDY_SAP_BERNICA/OI_20180120_20180222_LEMERDY_SAP_BERNICA_Photos/Calée 1 - 27.01.2018/20180127_1.jpg
TTH_0d5e7832e9c0361ad15294c47c228a8c_GUILLON_TAAF.JPG,0d5e7832e9c0361ad15294c47c228a8c,TTH-Eretmochelys-imbricata,0d5e7832e9c0361ad15294c47c228a8c,OI,Senne,20160507,BACKUP_IOTA_20250207/DCF Senne (TAAF)/2016/16-4_OI_20160507-20160712_GUILLON_SAPMER_FRANCHETERRE/OI_20160507-20160712_GUILLON_SAPMER_FRANCHETERRE_Photos/Captures accidentelles/TTH W.JPG
TTH_124f7b1599a80ab1af8b68aa0efdba17_VIERA_IRD.JPG,124f7b1599a80ab1af8b68aa0efdba17,TTH-Eretmochelys-imbricata,124f7b1599a80ab1af8b68aa0efdba17,OI,Senne,20051028,BACKUP_IOTA_20250207/DCF Senne (IRD)/OI-200/200_OI_20051028-20051207_VIERA_CMB_TORRE GIULIA/OI_051028-060118_Viera_CMB_TorreGiulia+MenCren_Photos/PB190131.JPG
TTH_1907791295ac3c68b5ac6a110fb1fb92_WINKER_IRD.JPG,1907791295ac3c68b5ac6a110fb1fb92,TTH-Eretmochelys-imbricata,,OI,Longline,,
TTH_1907791295ac3c68b5ac6a110fb1fb92_WINKLER_IRD.JPG,1907791295ac3c68b5ac6a110fb1fb92,TTH-Eretmochelys-imbricata,,OI,Longline,,
TTH_1cd2afd149a610b772b450b7d4f1df72_SIMON_IRD.JPG,1cd2afd149a610b772b450b7d4f1df72,TTH-Eretmochelys-imbricata,1cd2afd149a610b772b450b7d4f1df72,OI,Senne,20131020,BACKUP_IOTA_20250207/DCF Senne (IRD)/OI-200/259_OI_20131020-20131202_SIMON_CFTO_TORRE GIULIA/OI_20131020-20131202_Simon_CFTO_TORRE GIULIA_Photos/76.JPG
TTH_20ec60a1d6dc07c4f047c80e3209f7ba_GUILLON_TAAF.JPG,20ec60a1d6dc07c4f047c80e3209f7ba,TTH-Eretmochelys-imbricata,20ec60a1d6dc07c4f047c80e3209f7ba,OI,Senne,20160507,BACKUP_IOTA_20250207/DCF Senne (TAAF)/2016/16-4_OI_20160507-20160712_GUILLON_SAPMER_FRANCHETERRE/OI_20160507-20160712_GUILLON_SAPMER_FRANCHETERRE_Photos/Captures accidentelles/TTH LF.JPG
TTH_2f190fb44141d165b8a078f18bf6e61a_BIGER_TAAF.JPG,2f190fb44141d165b8a078f18bf6e61a,TTH-Eretmochelys-imbricata,2f190fb44141d165b8a078f18bf6e61a,OI,Senne,20110315,BACKUP_IOTA_20250207/DCF Senne (TAAF)/2011/TAAF11-1_OI 20110315-20110421_CFTO_TORRE GIULIA_Biger/OI_20110315-20110421_CFTO_TORRE GIULIA_Photos/T. Imbriquée/ID 105670  Profil gauche.JPG
TTH_3867a1130ebe3fa348263732bb1ce6d3_BIGER_TAAF.JPG,3867a1130ebe3fa348263732bb1ce6d3,TTH-Eretmochelys-imbricata,3867a1130ebe3fa348263732bb1ce6d3,OI,Senne,20110315,BACKUP_IOTA_20250207/DCF Senne (TAAF)/2011/TAAF11-1_OI 20110315-20110421_CFTO_TORRE GIULIA_Biger/OI_20110315-20110421_CFTO_TORRE GIULIA_Photos/T. Imbriquée/ID 105670.JPG
TTH_4caafbd1ac66df47732fe252aa9feb14_BIGER_TAAF.JPG,4caafbd1ac66df47732fe252aa9feb14,TTH-Eretmochelys-imbricata,4caafbd1ac66df47732fe252aa9feb14,OI,Senne,20110315,BACKUP_IOTA_20250207/DCF Senne (TAAF)/2011/TAAF11-1_OI 20110315-20110421_CFTO_TORRE GIULIA_Biger/OI_20110315-20110421_CFTO_TORRE GIULIA_Photos/T. Imbriquée/ID 105670_Plastron.JPG
TTH_55236f2feaa01eb4645f0cc465c454f0_SIMON_IRD.JPG,55236f2feaa01eb4645f0cc465c454f0,TTH-Eretmochelys-imbricata,55236f2feaa01eb4645f0cc465c454f0,OI,Senne,20131020,BACKUP_IOTA_20250207/DCF Senne (IRD)/OI-200/259_OI_20131020-20131202_SIMON_CFTO_TORRE GIULIA/OI_20131020-20131202_Simon_CFTO_TORRE GIULIA_Photos/74.JPG
TTH_5aa0b6a19c0e12dfe3b29308aa35d886_LEFOL_IRD.JPG,5aa0b6a19c0e12dfe3b29308aa35d886,TTH-Eretmochelys-imbricata,5aa0b6a19c0e12dfe3b29308aa35d886,OA,Senne,20090913,BACKUP_IOTA_20250207/DCF Senne (IRD)/OA-100/113_OA_20090913-20091021_LEFOL_SPQ_VIA EUROS/OA_20090913-20091021_Le Fol_SPQ_VIA EUROS_Photos/photos especes/EIM/EIM1.JPG
TTH_6770d0d00cf213173a00f4dd2f17a3e1_BIGER_TAAF.JPG,6770d0d00cf213173a00f4dd2f17a3e1,TTH-Eretmochelys-imbricata,6770d0d00cf213173a00f4dd2f17a3e1,OI,Senne,20110315,BACKUP_IOTA_20250207/DCF Senne (TAAF)/2011/TAAF11-1_OI 20110315-20110421_CFTO_TORRE GIULIA_Biger/OI_20110315-20110421_CFTO_TORRE GIULIA_Photos/T. Imbriquée/ID 105670_Balise (1).JPG
TTH_88e8694d0df0b263650ee73835336a5d_SIMON_IRD.JPG,88e8694d0df0b263650ee73835336a5d,TTH-Eretmochelys-imbricata,88e8694d0df0b263650ee73835336a5d,OI,Senne,20131020,BACKUP_IOTA_20250207/DCF Senne (IRD)/OI-200/259_OI_20131020-20131202_SIMON_CFTO_TORRE GIULIA/OI_20131020-20131202_Simon_CFTO_TORRE GIULIA_Photos/75.JPG
TTH_8db5ff1840cff2651afc7e1a64769549_LEMERDY_IRD.jpg,8db5ff1840cff2651afc7e1a64769549,TTH-Eretmochelys-imbricata,8db5ff1840cff2651afc7e1a64769549,OI,Senne,20180120,BACKUP_IOTA_20250207/DCF Senne (IRD)/OI-200/290a_OI_20180120_20180222_LEMERDY_SAP_BERNICA/OI_20180120_20180222_LEMERDY_SAP_BERNICA_Photos/Calée 1 - 27.01.2018/20180127_4.jpg
TTH_9df7135d7b4eb0630fd165238d30d504_BIGER_TAAF.JPG,9df7135d7b4eb0630fd165238d30d504,TTH-Eretmochelys-imbricata,9df7135d7b4eb0630fd165238d30d504,OI,Senne,20110315,BACKUP_IOTA_20250207/DCF Senne (TAAF)/2011/TAAF11-1_OI 20110315-20110421_CFTO_TORRE GIULIA_Biger/OI_20110315-20110421_CFTO_TORRE GIULIA_Photos/T. Imbriquée/ID 105670_Préfrontale.JPG
TTH_b0fa4c0c3074b7cd8137721f6df10a1c_LEFOL_IRD.JPG,b0fa4c0c3074b7cd8137721f6df10a1c,TTH-Eretmochelys-imbricata,b0fa4c0c3074b7cd8137721f6df10a1c,OA,Senne,20090913,BACKUP_IOTA_20250207/DCF Senne (IRD)/OA-100/113_OA_20090913-20091021_LEFOL_SPQ_VIA EUROS/OA_20090913-20091021_Le Fol_SPQ_VIA EUROS_Photos/photos especes/EIM/EIM2.JPG
TTH_b2714b78f7362c9c8e89a704997a106c_JOGUET_ORTHONGEL.JPG,b2714b78f7362c9c8e89a704997a106c,TTH-Eretmochelys-imbricata,b2714b78f7362c9c8e89a704997a106c,OI,Senne,20150116,BACKUP_IOTA_20250207/OCUP-OB/OI-700/722a_OI_20150116-20150212_JOGUET_SAPMER_MANAPANY/OI_20150116-20150212_JOGUET_SAPMER_MANAPANY_Photos/espèces/tortues/IMG_0782.JPG
TTH_bdbfcc1e1a39b49b07e346e00414d62e_JOGUET_ORTHONGEL.JPG,bdbfcc1e1a39b49b07e346e00414d62e,TTH-Eretmochelys-imbricata,bdbfcc1e1a39b49b07e346e00414d62e,OI,Senne,20150116,BACKUP_IOTA_20250207/OCUP-OB/OI-700/722a_OI_20150116-20150212_JOGUET_SAPMER_MANAPANY/OI_20150116-20150212_JOGUET_SAPMER_MANAPANY_Photos/espèces/tortues/IMG_0781.JPG
TTH_c3c8874110bc79b6d14ac610b643a306_SPADONI_IRD.JPG,c3c8874110bc79b6d14ac610b643a306,TTH-Eretmochelys-imbricata,c3c8874110bc79b6d14ac610b643a306,OI,Senne,20190822,BACKUP_IOTA_20250207/DCF Senne (IRD)/OI-200/1209a_OI_20190822-20190917_SPADONI_SAP_MANAPANY/OI_20190822-20190917_SPADONI_SAP_MANAPANY_Photos/TTH_130919_01.JPG
TTH_c996084f5b483509f4bcc52e62dfe6cf_GUILLON_TAAF.JPG,c996084f5b483509f4bcc52e62dfe6cf,TTH-Eretmochelys-imbricata,c996084f5b483509f4bcc52e62dfe6cf,OI,Senne,20160507,BACKUP_IOTA_20250207/DCF Senne (TAAF)/2016/16-4_OI_20160507-20160712_GUILLON_SAPMER_FRANCHETERRE/OI_20160507-20160712_GUILLON_SAPMER_FRANCHETERRE_Photos/Captures accidentelles/TTH B.JPG
TTH_d15afc69575c1fafc7626653ed8d7d0a_DERRID_IRD.jpg,d15afc69575c1fafc7626653ed8d7d0a,TTH-Eretmochelys-imbricata,d15afc69575c1fafc7626653ed8d7d0a,OA,Senne,20090705,BACKUP_IOTA_20250207/DCF Senne (IRD)/OA-100/112_OA_20090705_20090821_DERRIDJ_CMB_MEN GOE/OA_20090705_20090821_Derridj_CMB_MEN GOE_Photos/PHOTO 22 EIM Eretmochelys imbricata.jpg
TTH_e87464ea99fed615f2b7e3f97ba4f47d_LEMERDY_IRD.jpg,e87464ea99fed615f2b7e3f97ba4f47d,TTH-Eretmochelys-imbricata,e87464ea99fed615f2b7e3f97ba4f47d,OI,Senne,20180120,BACKUP_IOTA_20250207/DCF Senne (IRD)/OI-200/290a_OI_20180120_20180222_LEMERDY_SAP_BERNICA/OI_20180120_20180222_LEMERDY_SAP_BERNICA_Photos/Calée 1 - 27.01.2018/20180127_3.jpg
TTL_02dff34459b7abb5b0f8d5f8d155c174_KRAMO_ORTHONGEL.JPG,02dff34459b7abb5b0f8d5f8d155c174,TTL-Caretta-caretta,02dff34459b7abb5b0f8d5f8d155c174,OA,Senne,20190919,BACKUP_IOTA_20250207/OCUP-OB/OA-300/609b_OA_20190919-20191007_KRAMO_CFTO_STERENN/OA_20190919-20191007_KRAMO_CFTO_STERENN_Photos/SAM_1885.JPG
TTL_049c40d983aee5c41e94d60e1133e097_CISSE_ORTHONGEL.jpg,049c40d983aee5c41e94d60e1133e097,TTL-Caretta-caretta,049c40d983aee5c41e94d60e1133e097,OA,Senne,20190809,BACKUP_IOTA_20250207/OCUP-OB/OA-300/606b_OA_20190809-20190828_CISSE_CFTO_PENDRUC/OA_20190809-20190828_CISSE_CFTO_PENDRUC_Photos/IMG_20190818_113439.jpg
TTL_050a10d967e34243579c67d08206f3d4_SIMON_IRD.JPG,050a10d967e34243579c67d08206f3d4,TTL-Caretta-caretta,050a10d967e34243579c67d08206f3d4,OI,Senne,20131020,BACKUP_IOTA_20250207/DCF Senne (IRD)/OI-200/259_OI_20131020-20131202_SIMON_CFTO_TORRE GIULIA/OI_20131020-20131202_Simon_CFTO_TORRE GIULIA_Photos/20.JPG
TTL_052e18969f8e578b52fae3d77cfc8510_SIMON_IRD.JPG,052e18969f8e578b52fae3d77cfc8510,TTL-Caretta-caretta,052e18969f8e578b52fae3d77cfc8510,OI,Senne,20131020,BACKUP_IOTA_20250207/DCF Senne (IRD)/OI-200/259_OI_20131020-20131202_SIMON_CFTO_TORRE GIULIA/OI_20131020-20131202_Simon_CFTO_TORRE GIULIA_Photos/22.JPG
TTL_13a2ba091a528c6c067229adc25f2809_ZOUZOUGBO_ORTHONGEL.JPG,13a2ba091a528c6c067229adc25f2809,TTL-Caretta-caretta,13a2ba091a528c6c067229adc25f2809,OA,Senne,20170426,BACKUP_IOTA_20250207/OCUP-OB/OA-300/497_OA_20170426-20170518_ZOUZOUGBO_CFTO_STERENN/OA_20170426-20170518_ZOUZOUGBO_CFTO_STERENN_Photos/5-PHOTOS/SAM_3458.JPG
TTL_1bc3bd361c196676f41fe89ebc351a3e_CISSE_ORTHONGEL.jpg,1bc3bd361c196676f41fe89ebc351a3e,TTL-Caretta-caretta,1bc3bd361c196676f41fe89ebc351a3e,OA,Senne,20190809,BACKUP_IOTA_20250207/OCUP-OB/OA-300/606b_OA_20190809-20190828_CISSE_CFTO_PENDRUC/OA_20190809-20190828_CISSE_CFTO_PENDRUC_Photos/IMG_20190817_140249.jpg
TTL_1bd31f85ad5bfebae08a884b8096b1d1_KOUAME_ORTHONGEL.JPG,1bd31f85ad5bfebae08a884b8096b1d1,TTL-Caretta-caretta,1bd31f85ad5bfebae08a884b8096b1d1,OA,Senne,20140531,BACKUP_IOTA_20250207/OCUP-OB/OA-300/339a_OA_20140531-20140626_KOUAME_SAUPIQUET_VIA EUROS/OA_20140531-20140626_KOUAME_SAUPIQUET_VIAEUROS_Photos/PHOTOS/TTL (10).JPG
TTL_24288d09f91de404b89b4fe1216be24d_EKPO_ORTHONGEL.jpg,24288d09f91de404b89b4fe1216be24d,TTL-Caretta-caretta,24288d09f91de404b89b4fe1216be24d,OA,Senne,20190323,BACKUP_IOTA_20250207/OCUP-OB/OA-300/590a_OA_20190323-20190512_EKPO_CFTO_GUERIDEN/OA_20190323-20190512_EKPO_CFTO_GUERIDEN_Photos/TTL.jpg
TTL_2bd8966c8f72e583226e0790f5ff6a6a_CISSE_ORTHONGEL.jpg,2bd8966c8f72e583226e0790f5ff6a6a,TTL-Caretta-caretta,2bd8966c8f72e583226e0790f5ff6a6a,OA,Senne,20190420,BACKUP_IOTA_20250207/OCUP-OB/OA-300/594_OA_20190420-20190608_CISSE_CFTO_GUEOTEC/OA_20190420-20190608_CISSE_CFTO_GUEOTEC_Photos/IMG_20190502_114328.jpg
TTL_31c89cfb68d16efad87f01df94d6902c_KOUAKOU_IRD.jpg,31c89cfb68d16efad87f01df94d6902c,TTL-Caretta-caretta,31c89cfb68d16efad87f01df94d6902c,OA,Senne,20190210,BACKUP_IOTA_20250207/DCF Senne (IRD)/OA-100/1101_OA_20190210-20190328_KOUAKOU_SQT_VIAMISTRAL/OA_20190210-20190328_KOUAKOU_SQT_VIAMISTRAL_Photos/PHOTOS/20190307_124440.jpg
TTL_39a5bd56f4b9cb16c22c1a93c3cb7778_CAMARA_ORTHONGEL.JPG,39a5bd56f4b9cb16c22c1a93c3cb7778,TTL-Caretta-caretta,39a5bd56f4b9cb16c22c1a93c3cb7778,OA,Senne,20190406,BACKUP_IOTA_20250207/OCUP-OB/OA-300/592_OA_20190406-20190522_CAMARA_SPQT_VIA MISTRAL/OA_20190406-20190522_CAMARA_SPQT_VIA MISTRAL_Photos/DSCF4054.JPG
TTL_51ab0c38277866ead2310faf2caf4313_CAMARA_ORTHONGEL.JPG,51ab0c38277866ead2310faf2caf4313,TTL-Caretta-caretta,51ab0c38277866ead2310faf2caf4313,OA,Senne,20190406,BACKUP_IOTA_20250207/OCUP-OB/OA-300/592_OA_20190406-20190522_CAMARA_SPQT_VIA MISTRAL/OA_20190406-20190522_CAMARA_SPQT_VIA MISTRAL_Photos/DSCF4049.JPG
TTL_52d9d312d97713805805c37dc1d08029_RAKOTONIRINA_ORTHONGEL.JPG,52d9d312d97713805805c37dc1d08029,TTL-Caretta-caretta,52d9d312d97713805805c37dc1d08029,OI,Senne,20180820,BACKUP_IOTA_20250207/OCUP-OB/OI-700/857c_OI_20180820-20180907_SAP_RAKOTONIRINA_BELLERIVE/OI_20180820-20180907_SAP_RAKOTONIRINA_BELLERIVE_Photos/Tortue imbriquée (2).JPG
TTL_5cc90319399ed826b2c54fce77000746_CAMARA_ORTHONGEL.JPG,5cc90319399ed826b2c54fce77000746,TTL-Caretta-caretta,5cc90319399ed826b2c54fce77000746,OA,Senne,20190406,BACKUP_IOTA_20250207/OCUP-OB/OA-300/592_OA_20190406-20190522_CAMARA_SPQT_VIA MISTRAL/OA_20190406-20190522_CAMARA_SPQT_VIA MISTRAL_Photos/DSCF4048.JPG
TTL_72b7e4aca5fb59d9c7bb7de689c56d43_EKPO_ORTHONGEL.jpg,72b7e4aca5fb59d9c7bb7de689c56d43,TTL-Caretta-caretta,72b7e4aca5fb59d9c7bb7de689c56d43,OA,Senne,20190518,BACKUP_IOTA_20250207/OCUP-OB/OA-300/590b_OA_20190518-20190707_EKPO_CFTO_GUERIDEN/OA_20190518-20190707_EKPO_CFTO_GUERIDEN_Photos/TTL.jpg
TTL_73bb90558a08755d9f5f418f162513af_GERVAIS_ORTHONGEL.jpg,73bb90558a08755d9f5f418f162513af,TTL-Caretta-caretta,,OI,Longline,,
TTL_7696fce452197048308f459ca0baf717_DABAKUYO_ORTHONGEL.JPG,7696fce452197048308f459ca0baf717,TTL-Caretta-caretta,7696fce452197048308f459ca0baf717,OA,Senne,20190404,BACKUP_IOTA_20250207/OCUP-OB/OA-300/588b_OA_20190404-20190424_DABAKUYO_CFTO_STERENN/OA_20190404-20190424_DABAKUYO_CFTO_STERENN_Photos/SAM_1667.JPG
TTL_8d359e99084b4f600ec8db2f4c778d86_CISSE_ORTHONGEL.jpg,8d359e99084b4f600ec8db2f4c778d86,TTL-Caretta-caretta,8d359e99084b4f600ec8db2f4c778d86,OA,Senne,20190809,BACKUP_IOTA_20250207/OCUP-OB/OA-300/606b_OA_20190809-20190828_CISSE_CFTO_PENDRUC/OA_20190809-20190828_CISSE_CFTO_PENDRUC_Photos/IMG_20190811_103220.jpg
TTL_948fb439077b0e8d82ea6d56f8567b7e_DIOH_ORTHONGEL.JPG,948fb439077b0e8d82ea6d56f8567b7e,TTL-Caretta-caretta,948fb439077b0e8d82ea6d56f8567b7e,OA,Senne,20190627,BACKUP_IOTA_20250207/OCUP-OB/OA-300/602a_OA_20190627-20190709_DIOH_CFTO_STERENN/OA_20190627-20190709_DIOH_CFTO_STERENN_Photos/DSCF1252.JPG
TTL_955c54b64793a9f5b3067147fb1af1ba_CAMARA_ORTHONGEL.JPG,955c54b64793a9f5b3067147fb1af1ba,TTL-Caretta-caretta,955c54b64793a9f5b3067147fb1af1ba,OA,Senne,20190406,BACKUP_IOTA_20250207/OCUP-OB/OA-300/592_OA_20190406-20190522_CAMARA_SPQT_VIA MISTRAL/OA_20190406-20190522_CAMARA_SPQT_VIA MISTRAL_Photos/DSCF4055.JPG
TTL_9743a1bf5ce2b879ac1016720c1bbdfa_CISSE_ORTHONGEL.jpg,9743a1bf5ce2b879ac1016720c1bbdfa,TTL-Caretta-caretta,9743a1bf5ce2b879ac1016720c1bbdfa,OA,Senne,20190721,BACKUP_IOTA_20250207/OCUP-OB/OA-300/606a_OA_20190721-20190806_CISSE_CFTO_PENDRUC/OA_20190721-20190806_CISSE_CFTO_PENDRUC_Photos/IMG_20190728_113406.jpg
TTL_9e35c6ffa13052af6167e360a0649d8c_CISSE_ORTHONGEL.jpg,9e35c6ffa13052af6167e360a0649d8c,TTL-Caretta-caretta,9e35c6ffa13052af6167e360a0649d8c,OA,Senne,20190721,BACKUP_IOTA_20250207/OCUP-OB/OA-300/606a_OA_20190721-20190806_CISSE_CFTO_PENDRUC/OA_20190721-20190806_CISSE_CFTO_PENDRUC_Photos/IMG_20190727_111816.jpg
TTL_aba59fe81001c835ff2030aa8de77635_DABAKUYO_ORTHONGEL.JPG,aba59fe81001c835ff2030aa8de77635,TTL-Caretta-caretta,aba59fe81001c835ff2030aa8de77635,OA,Senne,20190404,BACKUP_IOTA_20250207/OCUP-OB/OA-300/588b_OA_20190404-20190424_DABAKUYO_CFTO_STERENN/OA_20190404-20190424_DABAKUYO_CFTO_STERENN_Photos/SAM_1668.JPG
TTL_babe95cd4c9670dd5f39a853b7a587cf_KOUAME_ORTHONGEL.JPG,babe95cd4c9670dd5f39a853b7a587cf,TTL-Caretta-caretta,babe95cd4c9670dd5f39a853b7a587cf,OA,Senne,20140531,BACKUP_IOTA_20250207/OCUP-OB/OA-300/339a_OA_20140531-20140626_KOUAME_SAUPIQUET_VIA EUROS/OA_20140531-20140626_KOUAME_SAUPIQUET_VIAEUROS_Photos/PHOTOS/TTL (23).JPG
TTL_bf750ecdcc8d5c37116abe14d241344a_GERVAIS_ORTHONGEL.jpg,bf750ecdcc8d5c37116abe14d241344a,TTL-Caretta-caretta,,OI,Longline,,
TTL_c1f34dd657d5a84c0e4858f4b870b84f_SIMON_IRD.JPG,c1f34dd657d5a84c0e4858f4b870b84f,TTL-Caretta-caretta,c1f34dd657d5a84c0e4858f4b870b84f,OI,Senne,20131020,BACKUP_IOTA_20250207/DCF Senne (IRD)/OI-200/259_OI_20131020-20131202_SIMON_CFTO_TORRE GIULIA/OI_20131020-20131202_Simon_CFTO_TORRE GIULIA_Photos/21.JPG
TTL_d6f20b2dc4604d3105cbe0b46ed3c593_KOUAME_ORTHONGEL.JPG,d6f20b2dc4604d3105cbe0b46ed3c593,TTL-Caretta-caretta,d6f20b2dc4604d3105cbe0b46ed3c593,OA,Senne,20140531,BACKUP_IOTA_20250207/OCUP-OB/OA-300/339a_OA_20140531-20140626_KOUAME_SAUPIQUET_VIA EUROS/OA_20140531-20140626_KOUAME_SAUPIQUET_VIAEUROS_Photos/PHOTOS/TTL (19).JPG
TTL_f193d6e34ee2d01f37a9a62d860861b0_KOUAME_ORTHONGEL.JPG,f193d6e34ee2d01f37a9a62d860861b0,TTL-Caretta-caretta,f193d6e34ee2d01f37a9a62d860861b0,OA,Senne,20140531,BACKUP_IOTA_20250207/OCUP-OB/OA-300/339a_OA_20140531-20140626_KOUAME_SAUPIQUET_VIA EUROS/OA_20140531-20140626_KOUAME_SAUPIQUET_VIAEUROS_Photos/PHOTOS/TTL (1).JPG
TTL_f7cbf2a0499d50726d0d8d50ead3a3c3_GERVAIS_ORTHONGEL.jpg,f7cbf2a0499d50726d0d8d50ead3a3c3,TTL-Caretta-caretta,,OI,Longline,,
TUG_09b79e41379bd44d9b98c7f56186fa0c_BIGER_TAAF.JPG,09b79e41379bd44d9b98c7f56186fa0c,TUG-Chelonia-mydas,09b79e41379bd44d9b98c7f56186fa0c,OI,Senne,20110315,BACKUP_IOTA_20250207/DCF Senne (TAAF)/2011/TAAF11-1_OI 20110315-20110421_CFTO_TORRE GIULIA_Biger/OI_20110315-20110421_CFTO_TORRE GIULIA_Photos/T. verte/Tortue verte_Plastron_26 03 2011.JPG
TUG_0df7c42bda8c11b4068a48f2778d490b_LEMERDY_ORTHONGEL.JPG,0df7c42bda8c11b4068a48f2778d490b,TUG-Chelonia-mydas,0df7c42bda8c11b4068a48f2778d490b,OI,Senne,20161130,BACKUP_IOTA_20250207/OCUP-OB/OI-700/780b_OI_20161130-20170103_LEMERDY_SAP_MORNSESELWA/OI_20161029-20170103_LEMERDY_SAP_MORNSESELWA_Photos/DSCF3290.JPG
TUG_0e338e2b25c7a0a510abf2ee2a7cb470_THELLIER_IRD.JPG,0e338e2b25c7a0a510abf2ee2a7cb470,TUG-Chelonia-mydas,0e338e2b25c7a0a510abf2ee2a7cb470,OA,Senne,20110107,BACKUP_IOTA_20250207/DCF Senne (IRD)/OA-100/127_OA_20110107-20110302_THELLIER_CMB_STERENN/OA_20110107-20110228_Thellier_CMB_STERENN_Photos/Tibo_Sterenn9B.JPG
TUG_14849552d32d64b107613adecde9eb03_SIMON_IRD.JPG,14849552d32d64b107613adecde9eb03,TUG-Chelonia-mydas,14849552d32d64b107613adecde9eb03,OI,Senne,20111204,BACKUP_IOTA_20250207/DCF Senne (IRD)/OI-200/246_OI_20111204-20111222_SIMON_SAP_BERNICA/OI_20111204-20111222_Simon_SAP_BERNICA_Photos/Photos poissons M1/64.JPG
TUG_16bb3c7823226aa07949210a71c52299_LEMERDY_ORTHONGEL.JPG,16bb3c7823226aa07949210a71c52299,TUG-Chelonia-mydas,16bb3c7823226aa07949210a71c52299,OI,Senne,20161130,BACKUP_IOTA_20250207/OCUP-OB/OI-700/780b_OI_20161130-20170103_LEMERDY_SAP_MORNSESELWA/OI_20161029-20170103_LEMERDY_SAP_MORNSESELWA_Photos/DSCF3289.JPG
TUG_19503cfc7e4d6431eef2925e15f55729_ADINGRA_ORTHONGEL.JPG,19503cfc7e4d6431eef2925e15f55729,TUG-Chelonia-mydas,19503cfc7e4d6431eef2925e15f55729,OA,Senne,20171230,BACKUP_IOTA_20250207/OCUP-OB/OA-300/535a_OA_20171230-20180201_ADINGRA_CFTO_GUERIDEN/OA_20171230-20180201_ADINGRA_CFTO_GUERIDEN_Photos/5-PHOTOS/Espäces (Conflit lié au codage Unicode)/N¯15.JPG
TUG_1ccae93991d0472fbbcf24f231362a30_CISSE_ORTHONGEL.jpg,1ccae93991d0472fbbcf24f231362a30,TUG-Chelonia-mydas,1ccae93991d0472fbbcf24f231362a30,OA,Senne,20190809,BACKUP_IOTA_20250207/OCUP-OB/OA-300/606b_OA_20190809-20190828_CISSE_CFTO_PENDRUC/OA_20190809-20190828_CISSE_CFTO_PENDRUC_Photos/IMG_20190825_110847.jpg
TUG_1ffb957d05ec757613ed6faa90bfbcf0_RANDRIAMIHAJA_ORTHONGEL.JPG,1ffb957d05ec757613ed6faa90bfbcf0,TUG-Chelonia-mydas,1ffb957d05ec757613ed6faa90bfbcf0,OI,Senne,20180909,BACKUP_IOTA_20250207/OCUP-OB/OI-700/863b_OI_20180909-20181001_RANDRIAMIHAJA_SAP_FRANCHE TERRE/OI_20180909-20181001_RANDRIAMIHAJA_SAP_FRANCHE TERRE_Photos/DSCF0132.JPG
TUG_21afaddfb8e91ee4464701d2f73add1d_BIGER_TAAF.JPG,21afaddfb8e91ee4464701d2f73add1d,TUG-Chelonia-mydas,21afaddfb8e91ee4464701d2f73add1d,OI,Senne,20110315,BACKUP_IOTA_20250207/DCF Senne (TAAF)/2011/TAAF11-1_OI 20110315-20110421_CFTO_TORRE GIULIA_Biger/OI_20110315-20110421_CFTO_TORRE GIULIA_Photos/T. verte/Tortue verte_26 03 2011.JPG
TUG_2d96ed96ae9c15255d196faad517fa8f_KAUFFMAN_TAAF.JPG,2d96ed96ae9c15255d196faad517fa8f,TUG-Chelonia-mydas,2d96ed96ae9c15255d196faad517fa8f,OI,Senne,20130305,BACKUP_IOTA_20250207/DCF Senne (TAAF)/2013/TAAF2013-1 MANAPANY Kauffmann/OI_20130305-20130424_TAAF_KAUFFMAN_MANAPANY_Photos/01.04/P4010011.JPG
TUG_34f82533fb0d6a9ceb71de3aa3355240_TORRES_IRD.jpg,34f82533fb0d6a9ceb71de3aa3355240,TUG-Chelonia-mydas,34f82533fb0d6a9ceb71de3aa3355240,OI,Senne,20090403,BACKUP_IOTA_20250207/DCF Senne (IRD)/OI-200/238_OI_20090403-20090508_TORRES_CMB_CAP ST VINCENT/OI_20090403_20090508_Torres_CMB_CAP ST VINCENT_Photos/15.04.09/calée17/photos/1/Photo 029.jpg
TUG_3d2a9d3671cb40c48342f9ade85056cf_LEMERDY_ORTHONGEL.JPG,3d2a9d3671cb40c48342f9ade85056cf,TUG-Chelonia-mydas,3d2a9d3671cb40c48342f9ade85056cf,OI,Senne,20161130,BACKUP_IOTA_20250207/OCUP-OB/OI-700/780b_OI_20161130-20170103_LEMERDY_SAP_MORNSESELWA/OI_20161029-20170103_LEMERDY_SAP_MORNSESELWA_Photos/DSCF3293.JPG
TUG_3e8b64b5dd3af7308f8ff5a9f42c0e46_RAKOTONIRINA_ORTHONGEL.JPG,3e8b64b5dd3af7308f8ff5a9f42c0e46,TUG-Chelonia-mydas,3e8b64b5dd3af7308f8ff5a9f42c0e46,OI,Senne,20180820,BACKUP_IOTA_20250207/OCUP-OB/OI-700/857c_OI_20180820-20180907_SAP_RAKOTONIRINA_BELLERIVE/OI_20180820-20180907_SAP_RAKOTONIRINA_BELLERIVE_Photos/Tortue verte.JPG
TUG_423801e473c9ecdb5c5db372d0acd961_KAUFFMAN_TAAF.JPG,423801e473c9ecdb5c5db372d0acd961,TUG-Chelonia-mydas,423801e473c9ecdb5c5db372d0acd961,OI,Senne,20130305,BACKUP_IOTA_20250207/DCF Senne (TAAF)/2013/TAAF2013-1 MANAPANY Kauffmann/OI_20130305-20130424_TAAF_KAUFFMAN_MANAPANY_Photos/01.04/P4010012.JPG
TUG_47f7781b78fd79a8c18cb32ea8196a2a_MISTOIHI_ORTHONGEL.JPG,47f7781b78fd79a8c18cb32ea8196a2a,TUG-Chelonia-mydas,47f7781b78fd79a8c18cb32ea8196a2a,OI,Senne,20170930,BACKUP_IOTA_20250207/OCUP-OB/OI-700/819c_OI_20170930-20171004_MISTOIHI_CFTO_TORREGIULIA/OI_20170930-20171004_MISTOIHI_CFTO_TORREGIULIA_Photos/DSCF1339.JPG
TUG_4fb63dc322ae62cb02bc517fc3f70f7a_THELLIER_IRD.JPG,4fb63dc322ae62cb02bc517fc3f70f7a,TUG-Chelonia-mydas,4fb63dc322ae62cb02bc517fc3f70f7a,OA,Senne,20110107,BACKUP_IOTA_20250207/DCF Senne (IRD)/OA-100/127_OA_20110107-20110302_THELLIER_CMB_STERENN/OA_20110107-20110228_Thellier_CMB_STERENN_Photos/Tibo_Sterenn9A.JPG
TUG_51537ad849ab4cf433ff43554ecf9d0f_EKPO_ORTHONGEL.jpg,51537ad849ab4cf433ff43554ecf9d0f,TUG-Chelonia-mydas,51537ad849ab4cf433ff43554ecf9d0f,OA,Senne,20190813,BACKUP_IOTA_20250207/OCUP-OB/OA-300/611_OA_20190813-20190928_EKPO_CFTO_GUEOTEC/OA_ 20190813-20190928_EKPO_CFTO_GUEOTEC_Photos/TUG (2).jpg
TUG_56083d56293c925b9c0b474778cf8952_ADINGRA_ORTHONGEL.JPG,56083d56293c925b9c0b474778cf8952,TUG-Chelonia-mydas,56083d56293c925b9c0b474778cf8952,OA,Senne,20171230,BACKUP_IOTA_20250207/OCUP-OB/OA-300/535a_OA_20171230-20180201_ADINGRA_CFTO_GUERIDEN/OA_20171230-20180201_ADINGRA_CFTO_GUERIDEN_Photos/5-PHOTOS/Espäces (Conflit lié au codage Unicode)/14.JPG
TUG_5ad8918e249a4430c626443cd83fb69d_TOUSSAINT_TAAF.JPG,5ad8918e249a4430c626443cd83fb69d,TUG-Chelonia-mydas,5ad8918e249a4430c626443cd83fb69d,OI,Senne,20170228,BACKUP_IOTA_20250207/DCF Senne (TAAF)/2017/17-4a_OI_20170228-20170330_TOUSSAINT_SAPMER_MANAPANY_IRD/OI_20170228-20170330_TOUSSAINT_SAPMER_MANAPANY_IRD_Photos/TUG.JPG
TUG_5cd606d6b092ddeb32d1a9016191a380_EKPO_ORTHONGEL.JPG,5cd606d6b092ddeb32d1a9016191a380,TUG-Chelonia-mydas,5cd606d6b092ddeb32d1a9016191a380,OA,Senne,20180809,BACKUP_IOTA_20250207/OCUP-OB/OA-300/562_OA_20180809-20181002_EKPO_CFTO_GUERIDEN/OA_20180809-20181002_EKPO_CFTO_GUERIDEN_Photos/08-Espèces/Tortue/TUG.JPG
TUG_642080c28b999442972e31adaa2203b8_TOUSSAINT_TAAF.JPG,642080c28b999442972e31adaa2203b8,TUG-Chelonia-mydas,642080c28b999442972e31adaa2203b8,OI,Senne,20170228,BACKUP_IOTA_20250207/DCF Senne (TAAF)/2017/17-4a_OI_20170228-20170330_TOUSSAINT_SAPMER_MANAPANY_IRD/OI_20170228-20170330_TOUSSAINT_SAPMER_MANAPANY_IRD_Photos/TUG(PD).JPG
TUG_6d14ac21b4004006758419f160592fe9_SIMON_IRD.JPG,6d14ac21b4004006758419f160592fe9,TUG-Chelonia-mydas,6d14ac21b4004006758419f160592fe9,OI,Senne,20111204,BACKUP_IOTA_20250207/DCF Senne (IRD)/OI-200/246_OI_20111204-20111222_SIMON_SAP_BERNICA/OI_20111204-20111222_Simon_SAP_BERNICA_Photos/Photos poissons M1/55.JPG
TUG_72fb5f0ebfca8f8ed69048090a3fd6d8_RAKOTONIRINA_ORTHONGEL.JPG,72fb5f0ebfca8f8ed69048090a3fd6d8,TUG-Chelonia-mydas,72fb5f0ebfca8f8ed69048090a3fd6d8,OI,Senne,20180820,BACKUP_IOTA_20250207/OCUP-OB/OI-700/857c_OI_20180820-20180907_SAP_RAKOTONIRINA_BELLERIVE/OI_20180820-20180907_SAP_RAKOTONIRINA_BELLERIVE_Photos/Tortue verte (2).JPG
TUG_866adf8920bd6531a88ce6732e332d60_BIGER_TAAF.JPG,866adf8920bd6531a88ce6732e332d60,TUG-Chelonia-mydas,866adf8920bd6531a88ce6732e332d60,OI,Senne,20110315,BACKUP_IOTA_20250207/DCF Senne (TAAF)/2011/TAAF11-1_OI 20110315-20110421_CFTO_TORRE GIULIA_Biger/OI_20110315-20110421_CFTO_TORRE GIULIA_Photos/T. verte/Tortue verte_Profil gauche_26 03 11 (2).JPG
TUG_a7e69a1d35377d23d60c95a5caa880f4_SIMON_IRD.JPG,a7e69a1d35377d23d60c95a5caa880f4,TUG-Chelonia-mydas,a7e69a1d35377d23d60c95a5caa880f4,OI,Senne,20111204,BACKUP_IOTA_20250207/DCF Senne (IRD)/OI-200/246_OI_20111204-20111222_SIMON_SAP_BERNICA/OI_20111204-20111222_Simon_SAP_BERNICA_Photos/Photo Bernica 1/53.JPG
TUG_aa15392e52e5fe3e204dd8225388e5ff_SOW_ORTHONGEL.JPG,aa15392e52e5fe3e204dd8225388e5ff,TUG-Chelonia-mydas,aa15392e52e5fe3e204dd8225388e5ff,OA,Senne,20180920,BACKUP_IOTA_20250207/OCUP-OB/OA-300/567_OA_20180920-20181112_SOW_CFTO_GEVRED/OA_20180920-20181112_SOW_CFTO_GEVRED_Photos/SAM_2801.JPG
TUG_ae2a4bc973039cd56c857d03d1f950b6_TORRES_IRD.jpg,ae2a4bc973039cd56c857d03d1f950b6,TUG-Chelonia-mydas,ae2a4bc973039cd56c857d03d1f950b6,OI,Senne,20090403,BACKUP_IOTA_20250207/DCF Senne (IRD)/OI-200/238_OI_20090403-20090508_TORRES_CMB_CAP ST VINCENT/OI_20090403_20090508_Torres_CMB_CAP ST VINCENT_Photos/15.04.09/calée17/photos/1/Photo 031.jpg
TUG_b69d8e204f2e1fed22d4a9687a8caa55_RANDRIAMIHAJA_ORTHONGEL.JPG,b69d8e204f2e1fed22d4a9687a8caa55,TUG-Chelonia-mydas,b69d8e204f2e1fed22d4a9687a8caa55,OI,Senne,20180909,BACKUP_IOTA_20250207/OCUP-OB/OI-700/863b_OI_20180909-20181001_RANDRIAMIHAJA_SAP_FRANCHE TERRE/OI_20180909-20181001_RANDRIAMIHAJA_SAP_FRANCHE TERRE_Photos/DSCF0131.JPG
TUG_bba98fc18f69fc0a5da631ba196650f5_THELLIER_IRD.JPG,bba98fc18f69fc0a5da631ba196650f5,TUG-Chelonia-mydas,bba98fc18f69fc0a5da631ba196650f5,OA,Senne,20110107,BACKUP_IOTA_20250207/DCF Senne (IRD)/OA-100/127_OA_20110107-20110302_THELLIER_CMB_STERENN/OA_20110107-20110228_Thellier_CMB_STERENN_Photos/Tibo_Sterenn9C.JPG
TUG_bccd78aa65bde8c3e2513809ae403578_BIGER_TAAF.JPG,bccd78aa65bde8c3e2513809ae403578,TUG-Chelonia-mydas,bccd78aa65bde8c3e2513809ae403578,OI,Senne,20110315,BACKUP_IOTA_20250207/DCF Senne (TAAF)/2011/TAAF11-1_OI 20110315-20110421_CFTO_TORRE GIULIA_Biger/OI_20110315-20110421_CFTO_TORRE GIULIA_Photos/T. verte/Tortue verte_Profil droit_26 03 11.JPG
TUG_bfc016a7fe3d8d65e335b3d304623155_KAUFFMAN_TAAF.JPG,bfc016a7fe3d8d65e335b3d304623155,TUG-Chelonia-mydas,bfc016a7fe3d8d65e335b3d304623155,OI,Senne,20130305,BACKUP_IOTA_20250207/DCF Senne (TAAF)/2013/TAAF2013-1 MANAPANY Kauffmann/OI_20130305-20130424_TAAF_KAUFFMAN_MANAPANY_Photos/PHOTOS IRD/129.JPG
TUG_c5ac61767f67e435f2ad17b260c21880_EKPO_ORTHONGEL.jpg,c5ac61767f67e435f2ad17b260c21880,TUG-Chelonia-mydas,c5ac61767f67e435f2ad17b260c21880,OA,Senne,20190813,BACKUP_IOTA_20250207/OCUP-OB/OA-300/611_OA_20190813-20190928_EKPO_CFTO_GUEOTEC/OA_ 20190813-20190928_EKPO_CFTO_GUEOTEC_Photos/TUG.jpg
TUG_c7fd0cfc4a860337ef51d36583cc4123_BIGER_TAAF.JPG,c7fd0cfc4a860337ef51d36583cc4123,TUG-Chelonia-mydas,c7fd0cfc4a860337ef51d36583cc4123,OI,Senne,20110315,BACKUP_IOTA_20250207/DCF Senne (TAAF)/2011/TAAF11-1_OI 20110315-20110421_CFTO_TORRE GIULIA_Biger/OI_20110315-20110421_CFTO_TORRE GIULIA_Photos/T. verte/Tortue verte_Préfrontal_26 03 2011 (2).JPG
TUG_ccde0614c0b4ac0c3c3c94808642d976_SIMON_IRD.JPG,ccde0614c0b4ac0c3c3c94808642d976,TUG-Chelonia-mydas,ccde0614c0b4ac0c3c3c94808642d976,OI,Senne,20111204,BACKUP_IOTA_20250207/DCF Senne (IRD)/OI-200/246_OI_20111204-20111222_SIMON_SAP_BERNICA/OI_20111204-20111222_Simon_SAP_BERNICA_Photos/Photos poissons M1/54.JPG
TUG_ecc9cdc47456ed03dcc68228e08be7af_BIGER_TAAF.JPG,ecc9cdc47456ed03dcc68228e08be7af,TUG-Chelonia-mydas,ecc9cdc47456ed03dcc68228e08be7af,OI,Senne,20110315,BACKUP_IOTA_20250207/DCF Senne (TAAF)/2011/TAAF11-1_OI 20110315-20110421_CFTO_TORRE GIULIA_Biger/OI_20110315-20110421_CFTO_TORRE GIULIA_Photos/T. verte/Tortue verte_Préfrontal_26 03 2011 (1).JPG
UDD_2bf92780aae9f5e8fa296fe9d6745ddb_BAIDAI_ORTHONGEL.JPG,2bf92780aae9f5e8fa296fe9d6745ddb,UDD-Uraspis-helvola,2bf92780aae9f5e8fa296fe9d6745ddb,OI,Senne,20141010,BACKUP_IOTA_20250207/OCUP-OB/OI-700/711_OI_20141010-20141108_BAIDAI_SAPMER_BELLE ISLE/OI_20141010-20141108_BAIDAI_SAPMER_BELLE ISLE_Photos/PHOTOS/Especes/IMG_2205.JPG
UDD_7c3291890ad08183da0f0eaf381f282a_REVILLA_TAAF.JPG,7c3291890ad08183da0f0eaf381f282a,UDD-Uraspis-helvola,7c3291890ad08183da0f0eaf381f282a,OI,Senne,20140417,BACKUP_IOTA_20250207/DCF Senne (TAAF)/2014/TAAF_14-4_OIOI_20140417-20140621_REVILLA_BELOUVE/OI_20140417-20140621_REVILLA_BELOUVE_Photos/Ines/SANY2816.JPG
UDD_c35061368246958112801b1e081e591d_c35061368246958112801b1e081e591d_WINKLER_IRD.jpg,c35061368246958112801b1e081e591d,UDD-Uraspis-helvola,,OI,Longline,,
UDD_e338f19f86f3c7e61c4b258395b926ed_MOLLIER_ORTHONGEL.jpg,e338f19f86f3c7e61c4b258395b926ed,UDD-Uraspis-helvola,e338f19f86f3c7e61c4b258395b926ed,OI,Senne,20220809,BACKUP_IOTA_20250207/OCUP-OB/OI-700/936_OI_20220809-20220905_MOLLIER_SAPMER_FRANCHE TERRE/OI_20220809-20220905_MOLLIER_SAPMER_FRANCHE TERRE_Photos/Calée 13_29 08/UDD_IMG_20220829_153930.jpg
USE_a0ea289661bc2082a922574794b8345b_KOUAME_ORTHONGEL.JPG,a0ea289661bc2082a922574794b8345b,UDD-Uraspis-helvola,a0ea289661bc2082a922574794b8345b,OA,Senne,20150408,BACKUP_IOTA_20250207/OCUP-OB/OA-300/377_OA_20150408-20150517_KOUAME_SAUPIQUET_VIAHARMATTAN/OA_20150408-20150517_KOUAME_SAUPIQUET_VIAHARMATTAN_Photos/PHOTOS/Opération de pêche/NAU.JPG
URU_390f2f4b2e6fdf3e77c3763e49f38510_PERNAK_IRD.JPG,390f2f4b2e6fdf3e77c3763e49f38510,URU-Uraspis-uraspis,390f2f4b2e6fdf3e77c3763e49f38510,OI,Senne,20141025,BACKUP_IOTA_20250207/DCF Senne (IRD)/OI-200/265a_OI_20141025-20141124_PERNAK_SAPMER_FRANCHE TERRE/OI_20141025-20141124_PERNAK_SAPMER_FRANCHE TERRE_ Photos/PHOTOS/espèces pêchées/USE.JPG
URU_c07c060b15d3aec82aa18c70ecaae345_MELAN_IRD.JPG,c07c060b15d3aec82aa18c70ecaae345,URU-Uraspis-uraspis,c07c060b15d3aec82aa18c70ecaae345,OA,Senne,20190525,BACKUP_IOTA_20250207/DCF Senne (IRD)/OA-100/1105_OA_20190525-20190715_MELAN_CFTO_PENDRUC/OA_20190525-20190715_MELAN_CFTO_PENDRUC_Photos/N°32.JPG
USE_0fa0cbe71aed560e34eaa8000c7f2098_TORRES_IRD.jpg,0fa0cbe71aed560e34eaa8000c7f2098,USE-Uraspis-secunda,0fa0cbe71aed560e34eaa8000c7f2098,OI,Senne,20090403,BACKUP_IOTA_20250207/DCF Senne (IRD)/OI-200/238_OI_20090403-20090508_TORRES_CMB_CAP ST VINCENT/OI_20090403_20090508_Torres_CMB_CAP ST VINCENT_Photos/11.04.09/photos/calée 12/4/Photo 026.jpg
USE_1a0cb9f566a13955066d4ee991e3a1ff_RADEGONDE_ORTHONGEL.JPG,1a0cb9f566a13955066d4ee991e3a1ff,USE-Uraspis-secunda,1a0cb9f566a13955066d4ee991e3a1ff,OI,Senne,20180914,BACKUP_IOTA_20250207/OCUP-OB/OI-700/874a_OI_20180914-20181008_RADEGONDE_SAP_BELOUVE/OI_20180914-20181008_RADEGONDE_SAP_BELOUVE_Photos/DSCF0811.JPG
USE_2f8f4cd28113b195bfaba6cf8b8fd7b0_CAUQUIL_IRD.JPG,2f8f4cd28113b195bfaba6cf8b8fd7b0,USE-Uraspis-secunda,2f8f4cd28113b195bfaba6cf8b8fd7b0,OI,Senne,20120705,BACKUP_IOTA_20250207/DCF Senne (IRD)/OI-200/251_OI_20120705_20120808_CAUQUIL_CFTO_TORRE GIULIA/OI_20120705_20120808_CAUQUIL_CFTO_TORRE GIULIA_Photos/IMG_4477.JPG
USE_31df0143212b1431133526062a4da844_EKPO_ORHTONGEL.jpg,31df0143212b1431133526062a4da844,USE-Uraspis-secunda,31df0143212b1431133526062a4da844,OI,Senne,20200118,BACKUP_IOTA_20250207/OCUP-OB/OI-700/908b_OI_ 20200118-20200224_EKPO_SAPMER_BERNICA/OI_ 20200118-20200224_EKPO_SAPMER_BERNICA_Photos/Autres-Poissons/USE.jpg
USE_4196322652f31fb8b212a6f76af80ef0_RADEGONDE_ORTHONGEL.JPG,4196322652f31fb8b212a6f76af80ef0,USE-Uraspis-secunda,4196322652f31fb8b212a6f76af80ef0,OI,Senne,20180914,BACKUP_IOTA_20250207/OCUP-OB/OI-700/874a_OI_20180914-20181008_RADEGONDE_SAP_BELOUVE/OI_20180914-20181008_RADEGONDE_SAP_BELOUVE_Photos/DSCF0764.JPG
USE_583a4941c1508d80110d3b9d45237cf5_BAILLOUT_TAAF.JPG,583a4941c1508d80110d3b9d45237cf5,USE-Uraspis-secunda,583a4941c1508d80110d3b9d45237cf5,,Senne,20151505,BACKUP_IOTA_20250207/DCF Senne (TAAF)/2015/15-5a&b_Baillout_BELOUVE/Copie CD 2/photos marée/IMG_9413.JPG
USE_717999b5c4455e38b6b43f72de97ca5d_LEDANTEC_IRD.JPG,717999b5c4455e38b6b43f72de97ca5d,USE-Uraspis-secunda,717999b5c4455e38b6b43f72de97ca5d,OI,Senne,20140716,BACKUP_IOTA_20250207/DCF Senne (IRD)/OI-200/262b_OI_20140716-20140818_LE DANTEC_SAP_DOLOMIEU/OI_20140716-20140818_LE DANTEC_SAPMER_DOLOMIEU_Photos/Photos poissons rejet/8_3CUX4.JPG
USE_7797bdf330743403b4f86360ae661aa3_DAO_ORTHONGEL.JPG,7797bdf330743403b4f86360ae661aa3,USE-Uraspis-secunda,7797bdf330743403b4f86360ae661aa3,OA,Senne,20170204,BACKUP_IOTA_20250207/OCUP-OB/OA-300/482_OA_20170204-20170321_DAO_SQT_VIAMISTRAL/OA_20170204-20170321_DAO_SQT_VIAMISTRAL_Photos/5-PHOTOS/SAM_1718.JPG
USE_7d6a417e0e46549ff2bc4aa9254645ec_TORRES_IRD.jpg,7d6a417e0e46549ff2bc4aa9254645ec,USE-Uraspis-secunda,7d6a417e0e46549ff2bc4aa9254645ec,OI,Senne,20090403,BACKUP_IOTA_20250207/DCF Senne (IRD)/OI-200/238_OI_20090403-20090508_TORRES_CMB_CAP ST VINCENT/OI_20090403_20090508_Torres_CMB_CAP ST VINCENT_Photos/11.04.09/photos/calée 12/4/Photo 020.jpg
USE_7e086fadd7942494f59fa1c95dd6e540_EKPO_ORTHONGEL.JPG,7e086fadd7942494f59fa1c95dd6e540,USE-Uraspis-secunda,7e086fadd7942494f59fa1c95dd6e540,OA,Senne,20180809,BACKUP_IOTA_20250207/OCUP-OB/OA-300/562_OA_20180809-20181002_EKPO_CFTO_GUERIDEN/OA_20180809-20181002_EKPO_CFTO_GUERIDEN_Photos/08-Espèces/Autres-Poissons/USE.JPG
USE_7e53d79220963f85d40c21f59921e1d4_WILLAUME_IRD.JPG,7e53d79220963f85d40c21f59921e1d4,USE-Uraspis-secunda,7e53d79220963f85d40c21f59921e1d4,OI,Senne,20070723,BACKUP_IOTA_20250207/DCF Senne (IRD)/OI-200/217_OI_20070723-20070903_WILLAUME_CMB_STERENN/OI_20070723-20070903_WILLAUME_CMB_STERENN_Photos/3Urapsissecunda.JPG
USE_7f14b43c2afd131a8be37156a9804087_CUILLANDRE_IRD.jpg,7f14b43c2afd131a8be37156a9804087,USE-Uraspis-secunda,7f14b43c2afd131a8be37156a9804087,OA,Senne,20080926,BACKUP_IOTA_20250207/DCF Senne (IRD)/OA-100/110_OA_20080926_20081105_CUILLANDRE_CMB_SANTA MARIA/OA_20080926_20081105_CUILLANDRE_CMB_SANTA MARIA_Photos/photo 130.jpg
USE_813d3bdb73c9d067bdca0d719fee1b11_LEDANTEC_IRD.JPG,813d3bdb73c9d067bdca0d719fee1b11,USE-Uraspis-secunda,813d3bdb73c9d067bdca0d719fee1b11,OI,Senne,20140716,BACKUP_IOTA_20250207/DCF Senne (IRD)/OI-200/262b_OI_20140716-20140818_LE DANTEC_SAP_DOLOMIEU/OI_20140716-20140818_LE DANTEC_SAPMER_DOLOMIEU_Photos/Photos poissons rejet/8_CUX3.JPG
USE_8fb5a23eb585564db5ca7d1e50788f7b_LEDANTEC_IRD.JPG,8fb5a23eb585564db5ca7d1e50788f7b,USE-Uraspis-secunda,8fb5a23eb585564db5ca7d1e50788f7b,OI,Senne,20141219,BACKUP_IOTA_20250207/DCF Senne (IRD)/OI-200/266b_OI_20141219-20150119_LE DANTEC_SAPMER_BELOUVE/OI_20141219-20150119_LE DANTEC_SAPMER_BELOUVE_Photos/Images_141117-141215_BELOUVE/Photos poissons rejet/DSCF0803.JPG
USE_b0d567e77ad121a3ca814b3edcf8c50d_BUR_IRD.JPG,b0d567e77ad121a3ca814b3edcf8c50d,USE-Uraspis-secunda,b0d567e77ad121a3ca814b3edcf8c50d,OI,Senne,20140621,"BACKUP_IOTA_20250207/DCF Senne (IRD)/OI-200/263a_OI_20140621-20140716_BUR_SAP_MANAPANY/OI_20140621-20140716_BUR_SAPMER_MANAPANY_Photos/Photos classées par thème (especes, manoeuvres...)/Espèces rencontrées/17 USE carangue coton/SDC13748.JPG"
USE_b9393c66b1ba897125df59efa97e9d06_RADEGONDE_ORTHONGEL.jpg,b9393c66b1ba897125df59efa97e9d06,USE-Uraspis-secunda,b9393c66b1ba897125df59efa97e9d06,OI,Senne,20180922,BACKUP_IOTA_20250207/DCF Senne (IRD)/OI-200/296a_OI_20180922-20181023_VEGA_CFTO_TREVIGNON/OI_20180922-20181023_VEGA_CFTO_TREVIGNON_Photos/DSCF0606.JPG
USE_b9393c66b1ba897125df59efa97e9d06_VEGA_IRD.JPG,b9393c66b1ba897125df59efa97e9d06,USE-Uraspis-secunda,b9393c66b1ba897125df59efa97e9d06,OI,Senne,20180922,BACKUP_IOTA_20250207/DCF Senne (IRD)/OI-200/296a_OI_20180922-20181023_VEGA_CFTO_TREVIGNON/OI_20180922-20181023_VEGA_CFTO_TREVIGNON_Photos/DSCF0606.JPG
USE_cb2f6cede537fe0f1f53b5e6cf744c1a_LEDANTEC_IRD.JPG,cb2f6cede537fe0f1f53b5e6cf744c1a,USE-Uraspis-secunda,cb2f6cede537fe0f1f53b5e6cf744c1a,OI,Senne,20140716,BACKUP_IOTA_20250207/DCF Senne (IRD)/OI-200/262b_OI_20140716-20140818_LE DANTEC_SAP_DOLOMIEU/OI_20140716-20140818_LE DANTEC_SAPMER_DOLOMIEU_Photos/Photos poissons rejet/8_3CUX2.JPG
USE_e1a89f486f6f5f4305ecb859a8734693_RADEGONDE_ORTHONGEL.JPG,e1a89f486f6f5f4305ecb859a8734693,USE-Uraspis-secunda,e1a89f486f6f5f4305ecb859a8734693,OI,Senne,20180914,BACKUP_IOTA_20250207/OCUP-OB/OI-700/874a_OI_20180914-20181008_RADEGONDE_SAP_BELOUVE/OI_20180914-20181008_RADEGONDE_SAP_BELOUVE_Photos/DSCF0761.JPG
USE_e46949a1442cdeaa16cd3af3b75c7459_REVILLA_TAAF.JPG,e46949a1442cdeaa16cd3af3b75c7459,USE-Uraspis-secunda,e46949a1442cdeaa16cd3af3b75c7459,OI,Senne,20140417,BACKUP_IOTA_20250207/DCF Senne (TAAF)/2014/TAAF_14-4_OIOI_20140417-20140621_REVILLA_BELOUVE/OI_20140417-20140621_REVILLA_BELOUVE_Photos/Ines/SANY2817.JPG
USE_f03059cf304508f2dcb149892c143e47_BUR_IRD.JPG,f03059cf304508f2dcb149892c143e47,USE-Uraspis-secunda,f03059cf304508f2dcb149892c143e47,OI,Senne,20140621,"BACKUP_IOTA_20250207/DCF Senne (IRD)/OI-200/263a_OI_20140621-20140716_BUR_SAP_MANAPANY/OI_20140621-20140716_BUR_SAPMER_MANAPANY_Photos/Photos classées par thème (especes, manoeuvres...)/Espèces rencontrées/17 USE carangue coton/SDC13212.JPG"
USE_fb545cc16f855086ea459ac851a1de38_HOUAREAU_ORTHONGEL.JPG,fb545cc16f855086ea459ac851a1de38,USE-Uraspis-secunda,fb545cc16f855086ea459ac851a1de38,OI,Senne,20150202,BACKUP_IOTA_20250207/OCUP-OB/OI-700/721b_OI_20150202-20150316_HOAREAU_SAPMER_DOLOMIEU/OI_20150202-20150316_HOAREAU_SAPMER_DOLOMIEU_Photos/PHOTOS/U1.JPG
WAH_067e3b3aae515c58267d104ef82839e9_LEMERDY_ORTHONGEL.JPG,067e3b3aae515c58267d104ef82839e9,WAH-Acanthocybium-solandri,067e3b3aae515c58267d104ef82839e9,OI,Senne,20161130,BACKUP_IOTA_20250207/OCUP-OB/OI-700/780b_OI_20161130-20170103_LEMERDY_SAP_MORNSESELWA/OI_20161029-20170103_LEMERDY_SAP_MORNSESELWA_Photos/DSCF3035.JPG
WAH_1978dcd360e9db3e8a94d53bb13f08e6_RADEGONDE_ORTHONGEL.jpg,1978dcd360e9db3e8a94d53bb13f08e6,WAH-Acanthocybium-solandri,1978dcd360e9db3e8a94d53bb13f08e6,OI,Senne,20180914,BACKUP_IOTA_20250207/OCUP-OB/OI-700/874a_OI_20180914-20181008_RADEGONDE_SAP_BELOUVE/OI_20180914-20181008_RADEGONDE_SAP_BELOUVE_Photos/20180921_072004.jpg
WAH_2829bc3535cac8a8beae804fa8b22cfd_TORRES_IRD.jpg,2829bc3535cac8a8beae804fa8b22cfd,WAH-Acanthocybium-solandri,2829bc3535cac8a8beae804fa8b22cfd,OI,Senne,20090403,BACKUP_IOTA_20250207/DCF Senne (IRD)/OI-200/238_OI_20090403-20090508_TORRES_CMB_CAP ST VINCENT/OI_20090403_20090508_Torres_CMB_CAP ST VINCENT_Photos/11.04.09/photos/calée 12/5/Photo 034.jpg
WAH_34e99422d94a497f99bd3fd8a6257f53_BAILLOUT_TAAF.JPG,34e99422d94a497f99bd3fd8a6257f53,WAH-Acanthocybium-solandri,34e99422d94a497f99bd3fd8a6257f53,,Senne,20151505,BACKUP_IOTA_20250207/DCF Senne (TAAF)/2015/15-5a&b_Baillout_BELOUVE/Copie CD 2/photos marée/IMG_9411.JPG
WAH_3bf401e6568ed21c0e01b56b48e441f4_TORRES_IRD.jpg,3bf401e6568ed21c0e01b56b48e441f4,WAH-Acanthocybium-solandri,3bf401e6568ed21c0e01b56b48e441f4,OI,Senne,20090403,BACKUP_IOTA_20250207/DCF Senne (IRD)/OI-200/238_OI_20090403-20090508_TORRES_CMB_CAP ST VINCENT/OI_20090403_20090508_Torres_CMB_CAP ST VINCENT_Photos/12.04.09/photos (calée 13)/5/Photo 009.jpg
WAH_4f295007a25971470a0d3e3fa1fe09b1_MOEC_IRD.JPG,4f295007a25971470a0d3e3fa1fe09b1,WAH-Acanthocybium-solandri,4f295007a25971470a0d3e3fa1fe09b1,OA,Senne,20081201,BACKUP_IOTA_20250207/DCF Senne (IRD)/OA-100/111_OA_20081201_20090105_MOEC_CMB_AVEL VOR/OA_20081201_20090105_MOEC_CMB_AVEL VOR_Photos/photo 10.JPG
WAH_5e8a648dd02bf03eba880e963a0a24a4_KOUAME_ORTHONGEL.JPG,5e8a648dd02bf03eba880e963a0a24a4,WAH-Acanthocybium-solandri,5e8a648dd02bf03eba880e963a0a24a4,OA,Senne,20150408,BACKUP_IOTA_20250207/OCUP-OB/OA-300/377_OA_20150408-20150517_KOUAME_SAUPIQUET_VIAHARMATTAN/OA_20150408-20150517_KOUAME_SAUPIQUET_VIAHARMATTAN_Photos/PHOTOS/Opération de pêche/WAH (2).JPG
WAH_781ea9c89b2a12562467bc7dc805a914_KOUAKOU_ORTHONGEL.JPG,781ea9c89b2a12562467bc7dc805a914,WAH-Acanthocybium-solandri,781ea9c89b2a12562467bc7dc805a914,OA,Senne,20150712,BACKUP_IOTA_20250207/OCUP-OB/OA-300/389a_OA_20150712-20150729_KOUAKOU_CFTO_AVEL VOR/OA_20150712-20150729_KOUAKOU_CFTO_AVELVOR_Photos/PHOTOS/ESPECES/9.JPG
WAH_79f70daa4e4fd3f95502f6f91e8112b8_BERTHELEME_IRD.jpg,79f70daa4e4fd3f95502f6f91e8112b8,WAH-Acanthocybium-solandri,79f70daa4e4fd3f95502f6f91e8112b8,OA,Senne,20100928,BACKUP_IOTA_20250207/DCF Senne (IRD)/OA-100/125_OA_20100928-20101109_BERTHELEME_CMB_CAP BOJADOR/OA_20100928-20101109_BERTHELEME_CMB_CAP BOJADOR_Photos/Photo Bojador total/transfert 353.jpg
WAH_7a5c39f32f9f76408ef7f2f7c25e5431_ASSOUGBA_ORTHONGEL.JPG,7a5c39f32f9f76408ef7f2f7c25e5431,WAH-Acanthocybium-solandri,7a5c39f32f9f76408ef7f2f7c25e5431,OA,Senne,20150228,BACKUP_IOTA_20250207/OCUP-OB/OA-300/369_OA_20150228-20150327_ASSOUGBA_SAUPIQUET_VIA AVENIR/OA_20150228-20150327_ASSOUGBA_SAUPIQUET_VIAAVENIR_Photos/PHOTOS/IMG_1430.JPG
WAH_a6e7156b707aa1a52cc84b5337d89496_DERRIDJ_IRD.jpg,a6e7156b707aa1a52cc84b5337d89496,WAH-Acanthocybium-solandri,a6e7156b707aa1a52cc84b5337d89496,OA,Senne,20090705,BACKUP_IOTA_20250207/DCF Senne (IRD)/OA-100/112_OA_20090705_20090821_DERRIDJ_CMB_MEN GOE/OA_20090705_20090821_Derridj_CMB_MEN GOE_Photos/PHOTO 3 WAH Acanthocybium solandri.jpg
WAH_a83fe2a593f0b7b756f45ab164bdddeb_KOUAME_ORTHONGEL.JPG,a83fe2a593f0b7b756f45ab164bdddeb,WAH-Acanthocybium-solandri,a83fe2a593f0b7b756f45ab164bdddeb,OA,Senne,20150408,BACKUP_IOTA_20250207/OCUP-OB/OA-300/377_OA_20150408-20150517_KOUAME_SAUPIQUET_VIAHARMATTAN/OA_20150408-20150517_KOUAME_SAUPIQUET_VIAHARMATTAN_Photos/PHOTOS/Opération de pêche/WAH.JPG
WAH_ac46d8732729d5d223cfe4ff5b879ee9_GUILLON_TAAF.JPG,ac46d8732729d5d223cfe4ff5b879ee9,WAH-Acanthocybium-solandri,ac46d8732729d5d223cfe4ff5b879ee9,OI,Senne,20160507,BACKUP_IOTA_20250207/DCF Senne (TAAF)/2016/16-4_OI_20160507-20160712_GUILLON_SAPMER_FRANCHETERRE/OI_20160507-20160712_GUILLON_SAPMER_FRANCHETERRE_Photos/Espèces accessoires/WAH.JPG
WAH_b66c675cfbddadff622d8c448c5bf529_MONIN_IRD.jpg,b66c675cfbddadff622d8c448c5bf529,WAH-Acanthocybium-solandri,b66c675cfbddadff622d8c448c5bf529,OA,Senne,20190502,BACKUP_IOTA_20250207/DCF Senne (IRD)/OA-100/1104_OA_20190502-20190622_MONIN_CFTO_GEVRED/OA_20190502-20190622_MONIN_CFTO_GEVRED_Photos/photo du 30052019/Calée 33  (5).jpg
WAH_cc02f8f567d9e18f6a40de7662b2d759_MONIN_IRD.jpg,cc02f8f567d9e18f6a40de7662b2d759,WAH-Acanthocybium-solandri,cc02f8f567d9e18f6a40de7662b2d759,OA,Senne,20190502,BACKUP_IOTA_20250207/DCF Senne (IRD)/OA-100/1104_OA_20190502-20190622_MONIN_CFTO_GEVRED/OA_20190502-20190622_MONIN_CFTO_GEVRED_Photos/photo du 12062019/Calée 38  (4).jpg
WAH_cf80a54ceef2a57c47e32a94f14b052d_KOUAKOU_ORTHONGEL.JPG,cf80a54ceef2a57c47e32a94f14b052d,WAH-Acanthocybium-solandri,cf80a54ceef2a57c47e32a94f14b052d,OA,Senne,20150712,BACKUP_IOTA_20250207/OCUP-OB/OA-300/389a_OA_20150712-20150729_KOUAKOU_CFTO_AVEL VOR/OA_20150712-20150729_KOUAKOU_CFTO_AVELVOR_Photos/PHOTOS/ESPECES/6.JPG
WAH_d821159adc518422a926f858e2e98d48_LAJOURNADE_IRD.JPG,d821159adc518422a926f858e2e98d48,WAH-Acanthocybium-solandri,d821159adc518422a926f858e2e98d48,OI,Senne,20081018,BACKUP_IOTA_20250207/DCF Senne (IRD)/OI-200/233_OI_20081018-20081201_LAJOURNARDE_CMB_ AVEL VAD/OI_20081018_20081201_LAJOURNADE_CMB_ AVEL VAD_Photos/Photos calee 2/2-05.JPG
WAH_e3429e7f22460c5a0ac44086503c9361_WINKLER_IRD.JPG,e3429e7f22460c5a0ac44086503c9361,WAH-Acanthocybium-solandri,e3429e7f22460c5a0ac44086503c9361,OA,Senne,20100206,BACKUP_IOTA_20250207/DCF Senne (IRD)/OA-100/117_OA_20100206_20100316_WINKLER_CMB_GUEOTEC/OA_20100206_20100316_WINKLER_CMB_GUEOTEC_Photos/Photos especes - OA- Winkler Joachim- Gueotec- 100206_100316/5.JPG
WAH_e5c5ce1104f070cadf230f1bb33966dc_ALLANGBA_ORTHONGEL.JPG,e5c5ce1104f070cadf230f1bb33966dc,WAH-Acanthocybium-solandri,e5c5ce1104f070cadf230f1bb33966dc,OA,Senne,20161222,BACKUP_IOTA_20250207/OCUP-OB/OA-300/473_OA_20161222-20170212_ALLANGBA_CFTO_CAPBOJADOR/OA_20161222-20170212_ALLANGBA_CFTO_CAPBOJADOR_Photos/5-PHOTOS/AUTRES POISSONS/SAM_4878.JPG
WAH_e619d8edf6cba175ed874df1edbd5b30_RICHARD_TAAF.JPG,e619d8edf6cba175ed874df1edbd5b30,WAH-Acanthocybium-solandri,e619d8edf6cba175ed874df1edbd5b30,OI,Senne,20110428,BACKUP_IOTA_20250207/DCF Senne (TAAF)/2011/TAAF11-4_OI_20110428-20110529_SAP_FRANCHE TERRE_Richard/OI_20110428-20110529_SAP_TAAF11_FRANCHE TERRE_Richard_Photos/Poissons/260511FT5.jpg.JPG
WAH_f719e20ee4da30a82e43f4b28ce11645_CASTRO_TAAF.JPG,f719e20ee4da30a82e43f4b28ce11645,WAH-Acanthocybium-solandri,f719e20ee4da30a82e43f4b28ce11645,,Senne,20151504,BACKUP_IOTA_20250207/DCF Senne (TAAF)/2015/15-4a&b_Castro_MANAPANY/Copie CD/photos/Formulaires/Poissons/Calée_22_WAH/MAN_MCAS_WAH (1).JPG
WAH_f984a35c9ab2d2274ea7d88c60a7e120_KPI_ORTHONGEL.JPG,f984a35c9ab2d2274ea7d88c60a7e120,WAH-Acanthocybium-solandri,f984a35c9ab2d2274ea7d88c60a7e120,OA,Senne,20190923,BACKUP_IOTA_20250207/OCUP-OB/OA-300/614_OA_20190923-20191105_KPI_SPQT_VIA EUROS/OA_20190923-20191105_KPI_SPQT_VIAEUROS_Photos/DSCF0723.JPG
WAH_fba3d880ab664f89aafa3d703ee2ff44_DUBAR_IRD.JPG,fba3d880ab664f89aafa3d703ee2ff44,WAH-Acanthocybium-solandri,fba3d880ab664f89aafa3d703ee2ff44,OA,Senne,20110130,BACKUP_IOTA_20250207/DCF Senne (IRD)/OA-100/128_OA_20110130-20110312_DUBAR_CMB_GUERIDEN/OA_20110130-20110312_Dubar_CMB_GUERIDEN_Photos/Pour le rapport/Photo 8.JPG
WAH_feb0d0db966b9bd2b23a0b88e250a86d_EKPO_ORTHONGEL.jpg,feb0d0db966b9bd2b23a0b88e250a86d,WAH-Acanthocybium-solandri,feb0d0db966b9bd2b23a0b88e250a86d,OI,Senne,20200118,BACKUP_IOTA_20250207/OCUP-OB/OI-700/908b_OI_ 20200118-20200224_EKPO_SAPMER_BERNICA/OI_ 20200118-20200224_EKPO_SAPMER_BERNICA_Photos/Autres-Poissons/WAH.jpg
WHM_06ec6a7f78fe93840680f9e502624c89_GUILAVOGUI_ORTHONGEL.JPG,06ec6a7f78fe93840680f9e502624c89,WHM-Tetrapturus-albidus,06ec6a7f78fe93840680f9e502624c89,OA,Senne,20190409,BACKUP_IOTA_20250207/OCUP-OB/OA-300/589b_OA_20190409-20190504_GUILAVOGUI_CFTO_AVELVOR/OA_20190409-20190504_GUILAVOGUI_CFTO_AVELVOR_Photos/SAM_2827.JPG
WHM_1a099e6d262acdb66421fdf3a07547f6_REBOUX_IRD.JPG,1a099e6d262acdb66421fdf3a07547f6,WHM-Tetrapturus-albidus,1a099e6d262acdb66421fdf3a07547f6,OI,Senne,20150820,BACKUP_IOTA_20250207/DCF Senne (IRD)/OI-200/273a_OI_20150820-20150921_REBOUX_SAP_BELOUVE/OI_20150820-20150921_REBOUX_SAP_BELOUVE_Photos marée 1 & 2/OI_150923-151025_Reboux_SAPMER_BELOUVE_Photos/Marlins/SAM_2470.JPG
WHM_5a15289342db48eb3d1be3f60be0effd_HUILLIER_IRD.JPG,5a15289342db48eb3d1be3f60be0effd,WHM-Tetrapturus-albidus,5a15289342db48eb3d1be3f60be0effd,OA,Senne,20111226,BACKUP_IOTA_20250207/DCF Senne (IRD)/OA-100/134_OA_20111226-20120129_HUILLIER_CFTO_CAP BOJADOR/OA_20111226-20120129_Huillier_CFTO_CAP BOJADOR_Photos/004.JPG
WHM_6588f97f7fdb944ef44b9f8611c563d2_HUILLIER_IRD.JPG,6588f97f7fdb944ef44b9f8611c563d2,WHM-Tetrapturus-albidus,6588f97f7fdb944ef44b9f8611c563d2,OA,Senne,20111226,BACKUP_IOTA_20250207/DCF Senne (IRD)/OA-100/134_OA_20111226-20120129_HUILLIER_CFTO_CAP BOJADOR/OA_20111226-20120129_Huillier_CFTO_CAP BOJADOR_Photos/005.JPG
WHM_6fc6d4f48af2f74d3f2a95fc1b807cdd_GOUE_ORTHONGEL.JPG,6fc6d4f48af2f74d3f2a95fc1b807cdd,WHM-Tetrapturus-albidus,6fc6d4f48af2f74d3f2a95fc1b807cdd,OA,Senne,20150111,BACKUP_IOTA_20250207/OCUP-OB/OA-300/363_OA_20150111_20150228_GOUE_CFTO_STERENN/OA_20150111-20150228_GOUE_CFTO_STERENN_Photos/PHOTOS/DSC01560.JPG
WHM_71035d2c2be8fca125644faabda357e1_GOUE_ORTHONGEL.JPG,71035d2c2be8fca125644faabda357e1,WHM-Tetrapturus-albidus,71035d2c2be8fca125644faabda357e1,OA,Senne,20150111,BACKUP_IOTA_20250207/OCUP-OB/OA-300/363_OA_20150111_20150228_GOUE_CFTO_STERENN/OA_20150111-20150228_GOUE_CFTO_STERENN_Photos/PHOTOS/DSC01562.JPG
WHM_7404a37385abaf699e387f00a67607b9_PANGNE_ORTHONGEL.JPG,7404a37385abaf699e387f00a67607b9,WHM-Tetrapturus-albidus,7404a37385abaf699e387f00a67607b9,OA,Senne,20191124,BACKUP_IOTA_20250207/OCUP-OB/OA-300/622_OA_20191124-20200106_PANGNE_SPQT_VIAAVENIR/OA_20191124-20200106_PANGNE_SPQT_VIAAVENIR_Photos/DSCF1093.JPG
WHM_82a8ddb44d1631eee3e45ad9c9f7a202_REBOUX_IRD.JPG,82a8ddb44d1631eee3e45ad9c9f7a202,WHM-Tetrapturus-albidus,82a8ddb44d1631eee3e45ad9c9f7a202,OI,Senne,20150820,BACKUP_IOTA_20250207/DCF Senne (IRD)/OI-200/273a_OI_20150820-20150921_REBOUX_SAP_BELOUVE/OI_20150820-20150921_REBOUX_SAP_BELOUVE_Photos marée 1 & 2/OI_150923-151025_Reboux_SAPMER_BELOUVE_Photos/Marlins/SAM_2471.JPG
WHM_83273002385572678c876806b100053d_HUILLIER_IRD.JPG,83273002385572678c876806b100053d,WHM-Tetrapturus-albidus,83273002385572678c876806b100053d,OA,Senne,20110813,BACKUP_IOTA_20250207/DCF Senne (IRD)/OA-100/132_OA_20110813-20110927_HUILLIER_CFTO_AVEL VOR/OA_20110813-20110927_Huillier_CFTO_AVEL VOR_Photos/Espèces/63.JPG
WHM_93ae047dd2ca287a6ea930c28ef004c4_HUILLIER_IRD.JPG,93ae047dd2ca287a6ea930c28ef004c4,WHM-Tetrapturus-albidus,93ae047dd2ca287a6ea930c28ef004c4,OA,Senne,20110813,BACKUP_IOTA_20250207/DCF Senne (IRD)/OA-100/132_OA_20110813-20110927_HUILLIER_CFTO_AVEL VOR/OA_20110813-20110927_Huillier_CFTO_AVEL VOR_Photos/Espèces/61.JPG
WHM_94d171f756fd574b885119d616c73796_HUILLIER_IRD.JPG,94d171f756fd574b885119d616c73796,WHM-Tetrapturus-albidus,94d171f756fd574b885119d616c73796,OA,Senne,20110813,BACKUP_IOTA_20250207/DCF Senne (IRD)/OA-100/132_OA_20110813-20110927_HUILLIER_CFTO_AVEL VOR/OA_20110813-20110927_Huillier_CFTO_AVEL VOR_Photos/Espèces/62.JPG
WHM_98583b9474ed7cad727c4dbac2929ddb_GOUE_ORTHONGEL.JPG,98583b9474ed7cad727c4dbac2929ddb,WHM-Tetrapturus-albidus,98583b9474ed7cad727c4dbac2929ddb,OA,Senne,20150111,BACKUP_IOTA_20250207/OCUP-OB/OA-300/363_OA_20150111_20150228_GOUE_CFTO_STERENN/OA_20150111-20150228_GOUE_CFTO_STERENN_Photos/PHOTOS/DSC01561.JPG
WHM_f0fc85f4e29c4f176f6040eb87609c7e_HUILLIER_IRD.JPG,f0fc85f4e29c4f176f6040eb87609c7e,WHM-Tetrapturus-albidus,f0fc85f4e29c4f176f6040eb87609c7e,OA,Senne,20111226,BACKUP_IOTA_20250207/DCF Senne (IRD)/OA-100/134_OA_20111226-20120129_HUILLIER_CFTO_CAP BOJADOR/OA_20111226-20120129_Huillier_CFTO_CAP BOJADOR_Photos/006.JPG
YFT_0a2af1e423f26b8137eaed75d7079a06_CHAPUIS_IRD.JPG,0a2af1e423f26b8137eaed75d7079a06,YFT-Thunnus-albacares,0a2af1e423f26b8137eaed75d7079a06,OI,Senne,20110720,BACKUP_IOTA_20250207/DCF Senne (IRD)/OI-200/244_OI_20110720-20110825_CHAPUIS_CFTO_TORRE GIULIA/OI_20110720-20110825_Chapuis_CFTO_TORRE GIULIA_Photos/Identif Especes/Thonides/YFT/YFTjuv.JPG
YFT_12656048d48b2d5857b92fa8f9c87927_TREMBLAU_IRD.jpg,12656048d48b2d5857b92fa8f9c87927,YFT-Thunnus-albacares,12656048d48b2d5857b92fa8f9c87927,OI,Senne,20070721,"BACKUP_IOTA_20250207/DCF Senne (IRD)/OI-200/215_OI_20070721-20070822_TREMBLAU_CMB_CAP STE MARIE/OI_20070721-20070822_TREMBLAU_CMB_CAP STE MARIE_Photos/2007-08-15, CSM/CSM calee3 (27-07-07) 025.jpg"
YFT_171fba80f10818722dad46b2f701edde_RAKOTOMIRAHO_ORTHONGEL.JPG,171fba80f10818722dad46b2f701edde,YFT-Thunnus-albacares,171fba80f10818722dad46b2f701edde,OI,Senne,20150723,BACKUP_IOTA_20250207/OCUP-OB/OI-700/731_OI_20150723-20150909_RAKOTOMIRAHO_SAPMER_BERNICA/OI_20150723-20150909_RAKOTOMIRAHO_SAPMER_BERNICA_Photos/DSCF0060.JPG
YFT_30428bb5b5861a31935446dbdd857785_CHAPUIS_IRD.JPG,30428bb5b5861a31935446dbdd857785,YFT-Thunnus-albacares,30428bb5b5861a31935446dbdd857785,OI,Senne,20110720,BACKUP_IOTA_20250207/DCF Senne (IRD)/OI-200/244_OI_20110720-20110825_CHAPUIS_CFTO_TORRE GIULIA/OI_20110720-20110825_Chapuis_CFTO_TORRE GIULIA_Photos/Identif Especes/Thonides/YFT/YFTad.JPG
YFT_3ae57bf24d19864b5977bffb18e50d79_LOHIER_IRD.jpg,3ae57bf24d19864b5977bffb18e50d79,YFT-Thunnus-albacares,3ae57bf24d19864b5977bffb18e50d79,OA,Senne,20071205,BACKUP_IOTA_20250207/DCF Senne (IRD)/OA-100/106_OA_20071205-20080113_LOHIER_CMB_CAP ST PAUL/photos_OA_071205-080113_LOHIER_CMB_CAP ST PAUL/jeune YFT (DCP10).jpg
YFT_3fcf8565f03f90942771a299a6f5ca75_CAUQUIL_IRD.JPG,3fcf8565f03f90942771a299a6f5ca75,YFT-Thunnus-albacares,3fcf8565f03f90942771a299a6f5ca75,OI,Senne,20120705,BACKUP_IOTA_20250207/DCF Senne (IRD)/OI-200/251_OI_20120705_20120808_CAUQUIL_CFTO_TORRE GIULIA/OI_20120705_20120808_CAUQUIL_CFTO_TORRE GIULIA_Photos/IMG_4460.JPG
YFT_563f28157ad4437ce38a3c8f1dc0349f_COCONI_IRD.JPG,563f28157ad4437ce38a3c8f1dc0349f,YFT-Thunnus-albacares,563f28157ad4437ce38a3c8f1dc0349f,OI,Senne,20190127,BACKUP_IOTA_20250207/DCF Senne (IRD)/OI-200/1201a_OI_20190127-20190227_COCONI_SAP_MANAPANY/OI_20190127-20190227_COCONI_SAP_MANAPANY_Photos/05_02_19/shiftage pêche 4/P2050096.JPG
YFT_5d78d5d1806a2892a8ccac9f9e15b33a_JEZEQUEL_ORTHONGEL.JPG,5d78d5d1806a2892a8ccac9f9e15b33a,YFT-Thunnus-albacares,5d78d5d1806a2892a8ccac9f9e15b33a,OI,Senne,20150129,"BACKUP_IOTA_20250207/OCUP-OB/OI-700/724_OI_20150129-20150331_JEZEQUEL_SAPMER_BELLE RIVE/OI_20150129-20150331_JEZEQUEL_SAPMER_BELLE RIVE_Photos/Photos, films/Espèces communes/DSCF1449.JPG"
YFT_5dcb3bd810410427059c7fb2a7962b7e_HUBERT_IRD.JPG,5dcb3bd810410427059c7fb2a7962b7e,YFT-Thunnus-albacares,5dcb3bd810410427059c7fb2a7962b7e,OI,Senne,20061130,BACKUP_IOTA_20250207/DCF Senne (IRD)/OI-200/205a_OI_20061130-20061205_HUBERT_CMB_AVEL VAD/OI_20061130-20070116_HUBERT_CMB_AVEL VAD_Photos/CD2/POISSONS/PC270099.JPG
YFT_5e8960ec543544d0b1fedc774a65f6d5_ZOUZOUGBO_ORTHONGEL.JPG,5e8960ec543544d0b1fedc774a65f6d5,YFT-Thunnus-albacares,5e8960ec543544d0b1fedc774a65f6d5,OA,Senne,20131230,BACKUP_IOTA_20250207/OCUP-OB/OA-300/318a_OA_20131230-20140220_ZOUZOUGBO_CFTO_GUERIDEN/OA_20131230_20140220_ZOUZOUGBO_CFTO_GUERIDEN_Photos/Photos/IMG_0105.JPG
YFT_6162618f1d27be6e20e58bf92a89c9a6_SINON_ORTHONGEL.JPG,6162618f1d27be6e20e58bf92a89c9a6,YFT-Thunnus-albacares,6162618f1d27be6e20e58bf92a89c9a6,OI,Senne,20150926,BACKUP_IOTA_20250207/OCUP-OB/OI-700/740a_OI_20150926-20151028_SINON_SAP_BELLE ISLE/OI_20150926-20151028_SINON_SAP_BELLE ISLE_Photos-pb-dates/DSCF0141.JPG
YFT_64354e987f31ecb9bc107b5f5e4ef96a_MISTOIHI_ORTHONGEL.JPG,64354e987f31ecb9bc107b5f5e4ef96a,YFT-Thunnus-albacares,64354e987f31ecb9bc107b5f5e4ef96a,OI,Senne,20150801,BACKUP_IOTA_20250207/OCUP-OB/OI-700/734a_OI_20150801-20150821_MISTOIHI_SAP_FRANCHE TERRE/OI_20150801-20150821_MISTOIHI_SAP_FRANCHE TERRE_Photos/DSCF0253.JPG
YFT_683c421de23e14b40d07cd7094917f67_LOHIER_IRD.jpg,683c421de23e14b40d07cd7094917f67,YFT-Thunnus-albacares,683c421de23e14b40d07cd7094917f67,OA,Senne,20071205,BACKUP_IOTA_20250207/DCF Senne (IRD)/OA-100/106_OA_20071205-20080113_LOHIER_CMB_CAP ST PAUL/photos_OA_071205-080113_LOHIER_CMB_CAP ST PAUL/albacore peche 10 dcp 28.jpg
YFT_763ac8ae2c32eed233036c6ed987fba2_ABDOUREMANE_ORTHONGEL.JPG,763ac8ae2c32eed233036c6ed987fba2,YFT-Thunnus-albacares,763ac8ae2c32eed233036c6ed987fba2,OI,Senne,20151213,BACKUP_IOTA_20250207/OCUP-OB/OI-700/745b_OI_20151213-20160111_ABDOUREMANE_IOSMS_BELLERIVE/OI_20151213-20160111_ABDOUREMANE_SAPMER_BELLERIVE_Photos/DSCF4992.JPG
YFT_763b17e890b15bc827695c2925775ed8_WALKER_IRD.JPG,763b17e890b15bc827695c2925775ed8,YFT-Thunnus-albacares,763b17e890b15bc827695c2925775ed8,OI,Senne,20071109,BACKUP_IOTA_20250207/DCF Senne (IRD)/OI-200/222_OI_20071109-20071227_WALKER_CMB_AVEL VAD/OI_20071109-20071227_WALKER_CMB_AVEL VAD_Photos/PC220058.JPG
YFT_7767c18c3c379970f45dc1324b7701a3_RANDRIAMIHADJA_ORTHONGEL.JPG,7767c18c3c379970f45dc1324b7701a3,YFT-Thunnus-albacares,7767c18c3c379970f45dc1324b7701a3,OI,Senne,20190117,BACKUP_IOTA_20250207/OCUP-OB/OI-700/876a_OI_20190117-20190219_RANDRIAMIHAJA_SAP_DOLOMIEU/OI_20190117-20190219_RANDRIAMIHAJA_SAP_DOLOMIEU_Photos/DSCF0341.JPG
YFT_81133782fc91e50dee67abd71c05b701_MISTOIHI_ORTHONGEL.JPG,81133782fc91e50dee67abd71c05b701,YFT-Thunnus-albacares,81133782fc91e50dee67abd71c05b701,OI,Senne,20150801,BACKUP_IOTA_20250207/OCUP-OB/OI-700/734a_OI_20150801-20150821_MISTOIHI_SAP_FRANCHE TERRE/OI_20150801-20150821_MISTOIHI_SAP_FRANCHE TERRE_Photos/DSCF0234.JPG
YFT_85c109070c8eba6df684aac7fcedca3b_DHAINAUT_IRD.JPG,85c109070c8eba6df684aac7fcedca3b,YFT-Thunnus-albacares,85c109070c8eba6df684aac7fcedca3b,OI,Senne,20190803,BACKUP_IOTA_20250207/DCF Senne (IRD)/OI-200/1206a_OI_20190803-20190822_DHAINAUT_CFTO_TALENDUIC/OI_20190803-20190822_DHAINAUT_CFTO_TALENDUIC_Photos/04- THONS/YFT/Adulte 1.JPG
YFT_9d4377940671bd6e5b0733d6fcaf2f93_COULIBALY_IRD.JPG,9d4377940671bd6e5b0733d6fcaf2f93,YFT-Thunnus-albacares,9d4377940671bd6e5b0733d6fcaf2f93,OA,Senne,20140402,BACKUP_IOTA_20250207/OCUP-OB/OA-300/320b_OA_20140402-20140415_ASSOUGBA_CFTO_AVEL VOR/OA_20140402-20140415_ASSOUGBA_CFTO_AVELVOR_Photos/PHOTOS/SAM_0581.JPG
YFT_a074fea1d96376d59737c6a776900793_JEZEQUEL_ORTHONGEL.JPG,a074fea1d96376d59737c6a776900793,YFT-Thunnus-albacares,a074fea1d96376d59737c6a776900793,OI,Senne,20150129,"BACKUP_IOTA_20250207/OCUP-OB/OI-700/724_OI_20150129-20150331_JEZEQUEL_SAPMER_BELLE RIVE/OI_20150129-20150331_JEZEQUEL_SAPMER_BELLE RIVE_Photos/Photos, films/Espèces communes/DSCF1453.JPG"
YFT_a7a5bd60d564363567f43cf10246f08d_PIERRE_ORTHONGEL.jpg,a7a5bd60d564363567f43cf10246f08d,YFT-Thunnus-albacares,a7a5bd60d564363567f43cf10246f08d,OI,Senne,20150822,BACKUP_IOTA_20250207/OCUP-OB/OI-700/735b_OI_20150822-20150921_PIERRE_SAP_BELLE ISLE/OI_20150822-20150921_PIERRE_SAP_BELLE ISLE_Photos/20150903_044343.jpg
YFT_b804fa243c6f0dfd3ee3d0c92c37f32b_CHAPUIS_IRD.JPG,b804fa243c6f0dfd3ee3d0c92c37f32b,YFT-Thunnus-albacares,b804fa243c6f0dfd3ee3d0c92c37f32b,OI,Senne,20110720,BACKUP_IOTA_20250207/DCF Senne (IRD)/OI-200/244_OI_20110720-20110825_CHAPUIS_CFTO_TORRE GIULIA/OI_20110720-20110825_Chapuis_CFTO_TORRE GIULIA_Photos/Identif Especes/Thonides/YFT/YFT.JPG
YFT_c16e22073ae25b035d989c8e5175d579_RAKOTONIRINA_ORTHONGEL.JPG,c16e22073ae25b035d989c8e5175d579,YFT-Thunnus-albacares,c16e22073ae25b035d989c8e5175d579,OI,Senne,20190708,BACKUP_IOTA_20250207/OCUP-OB/OI-700/891b_OI_20190708-20190722_RAKOTONIRINA_SAP_MANAPANY/OI_20190708-20190722_RAKOTONIRINA_SAP_MANAPANY_Photos/DSCF3860.JPG
YFT_c864d2d51899814ef3848d496446e08f_RAKOTOMIRAHO_ORTHONGEL.JPG,c864d2d51899814ef3848d496446e08f,YFT-Thunnus-albacares,c864d2d51899814ef3848d496446e08f,OI,Senne,20160426,BACKUP_IOTA_20250207/OCUP-OB/OI-700/761a_OI_20160426-20160504_RAKOTOMIRAHO_SAP_BELLEISLE/OI_20160426-20160628_RAKOTOMIRAHO_SAP_BELLEISLE_Photos/DSCF0025.JPG
YFT_c91909230397181ba65231095235fe5c_JOGUET_ORTHONGEL.JPG,c91909230397181ba65231095235fe5c,YFT-Thunnus-albacares,c91909230397181ba65231095235fe5c,OI,Senne,20150116,BACKUP_IOTA_20250207/OCUP-OB/OI-700/722a_OI_20150116-20150212_JOGUET_SAPMER_MANAPANY/OI_20150116-20150212_JOGUET_SAPMER_MANAPANY_Photos/espèces/thons/IMG_0518.JPG
YFT_d1d06ccfb594139280dd96fc423d24f0_TREMBLAU_IRD.jpg,d1d06ccfb594139280dd96fc423d24f0,YFT-Thunnus-albacares,d1d06ccfb594139280dd96fc423d24f0,OI,Senne,20070827,"BACKUP_IOTA_20250207/DCF Senne (IRD)/OI-200/216_OI_20070827-20071010_TREMBLAU_SPQ_VIA AVENIR/OI_20070827-20071010_TREMBLAU_SPQ_VIA AVENIR_Photos/2007-09-11, VIA AVENIR vues poissons tortues/CSM calee3 (27-07-07) 015.jpg"
YFT_dfcf355db6977ef17df6f174a8b51051_LECLREC_TAAF.JPG,dfcf355db6977ef17df6f174a8b51051,YFT-Thunnus-albacares,dfcf355db6977ef17df6f174a8b51051,OI,Senne,2013,BACKUP_IOTA_20250207/DCF Senne (TAAF)/2013/TAAF2013-3 BELOUVE Leclerc/OI_2405-20130430_TAAF_LECLERC_BELOUVE_Divers_Photos videos/P4110009.JPG
YFT_e31081ef51b767c7bd765a11c2f3a47e_ZOUZOUGBO_IRD.JPG,e31081ef51b767c7bd765a11c2f3a47e,YFT-Thunnus-albacares,e31081ef51b767c7bd765a11c2f3a47e,OA,Senne,20141106,BACKUP_IOTA_20250207/DCF Senne (IRD)/OA-100/165_OA_20141106_20141228_ZOUZOUGBO_CFTO_CAPBOJADOR/OA_20141106_20141228_ZOUZOUGBO_CFTO_CAPBOJADOR_Photos/IMG_1064.JPG
YFT_e40c1912ce5ee51b72bd2668fa5c765a_DAO_IRD.jpg,e40c1912ce5ee51b72bd2668fa5c765a,YFT-Thunnus-albacares,e40c1912ce5ee51b72bd2668fa5c765a,OA,Senne,20140928,BACKUP_IOTA_20250207/DCF Senne (IRD)/OA-100/163b_OA_20140928-20141008_DAO_SAUPIQUET_VIA MISTRAL/OA_20140928-21041008_DAO_SAUPIQUET_VIAMISTRAL_Photos/PHOTOS/YFT.jpg
YFT_e4ef41ec3f39a164cde333f4b66b83e7_HUBERT_IRD.JPG,e4ef41ec3f39a164cde333f4b66b83e7,YFT-Thunnus-albacares,e4ef41ec3f39a164cde333f4b66b83e7,OI,Senne,20061130,BACKUP_IOTA_20250207/DCF Senne (IRD)/OI-200/205a_OI_20061130-20061205_HUBERT_CMB_AVEL VAD/OI_20061130-20070116_HUBERT_CMB_AVEL VAD_Photos/CD2/POISSONS/PC240097.JPG
YFT_f09caec3d7eb7258f99b8762f915e2c4_BLE_IRD.JPG,f09caec3d7eb7258f99b8762f915e2c4,YFT-Thunnus-albacares,f09caec3d7eb7258f99b8762f915e2c4,OA,Senne,20131013,BACKUP_IOTA_20250207/DCF Senne (IRD)/OA-100/155_OA_20131013-20131113_BLE_SPQ_VIAEUROS/OA_BLE_VIAEUROS_20131013-20131113_Photos/DOSSIER ESPECES/AUTRES/calée 8 albacore de plus d'un mètre (2).JPG
YFT_fa827e18aca006b4199da54ac0a5747c_LAJOURNADE_IRD.JPG,fa827e18aca006b4199da54ac0a5747c,YFT-Thunnus-albacares,fa827e18aca006b4199da54ac0a5747c,OI,Senne,20081018,BACKUP_IOTA_20250207/DCF Senne (IRD)/OI-200/233_OI_20081018-20081201_LAJOURNARDE_CMB_ AVEL VAD/OI_20081018_20081201_LAJOURNADE_CMB_ AVEL VAD_Photos/Photos calee 3/3-04.JPG
YFT_ffe179d42c3b4ac9fa97829889fc1f46_DHAINAUT_IRD.JPG,ffe179d42c3b4ac9fa97829889fc1f46,YFT-Thunnus-albacares,ffe179d42c3b4ac9fa97829889fc1f46,OI,Senne,20190803,BACKUP_IOTA_20250207/DCF Senne (IRD)/OI-200/1206a_OI_20190803-20190822_DHAINAUT_CFTO_TALENDUIC/OI_20190803-20190822_DHAINAUT_CFTO_TALENDUIC_Photos/04- THONS/YFT/juvénile.JPG
YTL_03a9ea85ec4d6088ae3fdb784f90309a_JEZEQUEL_ORTHONGEL.JPG,03a9ea85ec4d6088ae3fdb784f90309a,YTL-Seriola-rivoliana,03a9ea85ec4d6088ae3fdb784f90309a,OI,Senne,20150129,"BACKUP_IOTA_20250207/OCUP-OB/OI-700/724_OI_20150129-20150331_JEZEQUEL_SAPMER_BELLE RIVE/OI_20150129-20150331_JEZEQUEL_SAPMER_BELLE RIVE_Photos/Photos, films/Espèces communes/YTL 26.03.2015.JPG"
YTL_05c87fd598f09a43ff8bb736e49bcf17_KOFFI_ORTHONGEL.JPG,05c87fd598f09a43ff8bb736e49bcf17,YTL-Seriola-rivoliana,05c87fd598f09a43ff8bb736e49bcf17,OA,Senne,20140913,BACKUP_IOTA_20250207/OCUP-OB/OA-300/346_OA_20140913-20141031_KOFFI_CFTO_GUEOTEC/OA_20140913-20141031_KOFFI_CFTO_GUEOTEC_Photos/PHOTOS/photo_marée_Guéotec/5.JPG
YTL_1249aac0b9839893cb0e1a02f6d8248e_MSTOIHI_ORTHONGEL.JPG,1249aac0b9839893cb0e1a02f6d8248e,YTL-Seriola-rivoliana,1249aac0b9839893cb0e1a02f6d8248e,OI,Senne,20150801,BACKUP_IOTA_20250207/OCUP-OB/OI-700/734a_OI_20150801-20150821_MISTOIHI_SAP_FRANCHE TERRE/OI_20150801-20150821_MISTOIHI_SAP_FRANCHE TERRE_Photos/DSCF0265.JPG
YTL_19ef06c304ed61a66288e34f3cc43676_COCONI_IRD.JPG,19ef06c304ed61a66288e34f3cc43676,YTL-Seriola-rivoliana,19ef06c304ed61a66288e34f3cc43676,OI,Senne,20180930,BACKUP_IOTA_20250207/DCF Senne (IRD)/OI-200/297b_OI_20180930-20181105_COCONI_SAP_DOLOMIEU/OI_20180930-20181105_COCONI_SAP_DOLOMIEU_Photos/pêche 3/PA053137.JPG
YTL_1ffdfc52086d0a10fe30d70b2ae50d17_KOUAME_ORTHONGEL.JPG,1ffdfc52086d0a10fe30d70b2ae50d17,YTL-Seriola-rivoliana,1ffdfc52086d0a10fe30d70b2ae50d17,OA,Senne,20140722,BACKUP_IOTA_20250207/OCUP-OB/OA-300/339c_OA_20140722-20140903_KOUAME_SAUPIQUET_VIA EUROS/OA_20140722-20140903_KOUAME_SAUPIQUET_VIAEUROS_Photos/PHOTOS/YTL.JPG
YTL_2006950a505c0f7eafe0f2ec849c5445_CAMARA_ORTHONGEL_VIAEUROS.JPG,2006950a505c0f7eafe0f2ec849c5445,YTL-Seriola-rivoliana,2006950a505c0f7eafe0f2ec849c5445,OA,Senne,20190616,BACKUP_IOTA_20250207/OCUP-OB/OA-300/601_OA_20190616-20190728_CAMARA_SPQT_VIAEUROS/OA_20190616-20190728_CAMARA_SPQT_VIAEUROS_Photos/DSCF8303.JPG
YTL_2ad8b4ea56cb41a005191fe0da36dd32_COULIBALY_ORTHONGEL.jpg,2ad8b4ea56cb41a005191fe0da36dd32,YTL-Seriola-rivoliana,2ad8b4ea56cb41a005191fe0da36dd32,OA,Senne,20140704,BACKUP_IOTA_20250207/OCUP-OB/OA-300/335_OA_20140704-20140819_COULIBALY_SAUPIQUET_VIA MISTRAL/OA_20140704-20140819_COULIBALY_SAUPIQUET_VIAMISTRAL_Photos/PHOTOS/IMG_0835.jpg
YTL_3121a1c25ff808ad5f927db11854e8a9_PANGUE_ORTHONGEL.JPG,3121a1c25ff808ad5f927db11854e8a9,YTL-Seriola-rivoliana,3121a1c25ff808ad5f927db11854e8a9,OA,Senne,20200124,BACKUP_IOTA_20250207/OCUP-OB/OA-300/630_OA_20200124-20200316_PANGNE_CFTO_GUEOTEC/OA_20200124-20200316_PANGNE_CFTO_GUEOTEC_Photos/SAM_0054.JPG
YTL_3a232a6f9eb388facdf6fda3ab6d85f9_KOSSONOU_ORTHONGEL.JPG,3a232a6f9eb388facdf6fda3ab6d85f9,YTL-Seriola-rivoliana,3a232a6f9eb388facdf6fda3ab6d85f9,OA,Senne,20150319,BACKUP_IOTA_20250207/OCUP-OB/OA-300/374_OA_20150319-20150508_KOSSONOU_CFTO_AVELVOR/OA_20150319-20150508_KOSSONOU_CFTO_AVELVOR_Photos/PHOTOS/SAM_1818.JPG
YTL_3dc959d692892c80114eeab3ce151d2a_RADEGNODE_ORTHONGEL.jpg,3dc959d692892c80114eeab3ce151d2a,YTL-Seriola-rivoliana,3dc959d692892c80114eeab3ce151d2a,OI,Senne,20181231,BACKUP_IOTA_20250207/OCUP-OB/OI-700/879a_OI_20181231-20190116_RADEGONDE_SAP_BELLEISLE/OI_20181231-20190116_RADEGONDE_SAP_BELLEISLE_Photos/20190114_070245.jpg
YTL_3dd38525cd1651ab869f85d4aaeb5744_SOMBO_ORTHONGEL.JPG,3dd38525cd1651ab869f85d4aaeb5744,YTL-Seriola-rivoliana,3dd38525cd1651ab869f85d4aaeb5744,OA,Senne,20191021,BACKUP_IOTA_20250207/OCUP-OB/OA-300/619_OA_20191021-20191203_SOMBO_SPQT_VIAMISTRAL/OA_20191021-20191203_SOMBO_SPQT_VIAMISTRAL_Photos/DSCF1488.JPG
YTL_432179461b113fb7413c98983354e212_KONAN_ORTHONGEL.JPG,432179461b113fb7413c98983354e212,YTL-Seriola-rivoliana,432179461b113fb7413c98983354e212,OA,Senne,20140727,BACKUP_IOTA_20250207/OCUP-OB/OA-300/340_OA_20140727-20140909_KONAN_SAUPIQUET_VIA HARMATTAN/OA_20140727_20140909_KONAN_SAUPIQUET_VIAHARMATTAN_Photos/PHOTOS/DSC01080.JPG
YTL_434c1f41b3e24f5cc8191cc0e39a8eac_EKPO_ORTHONGEL.jpg,434c1f41b3e24f5cc8191cc0e39a8eac,YTL-Seriola-rivoliana,434c1f41b3e24f5cc8191cc0e39a8eac,OA,Senne,20190518,BACKUP_IOTA_20250207/OCUP-OB/OA-300/590b_OA_20190518-20190707_EKPO_CFTO_GUERIDEN/OA_20190518-20190707_EKPO_CFTO_GUERIDEN_Photos/YTL.jpg
YTL_4b5d2d186f79e22504a9313244cbd4b8_MELAN_IRD.JPG,4b5d2d186f79e22504a9313244cbd4b8,YTL-Seriola-rivoliana,4b5d2d186f79e22504a9313244cbd4b8,OA,Senne,20190525,BACKUP_IOTA_20250207/DCF Senne (IRD)/OA-100/1105_OA_20190525-20190715_MELAN_CFTO_PENDRUC/OA_20190525-20190715_MELAN_CFTO_PENDRUC_Photos/N°49.JPG
YTL_4e4201cfd3f8ae412657b6c2257a9620_COCONI_IRD.JPG,4e4201cfd3f8ae412657b6c2257a9620,YTL-Seriola-rivoliana,4e4201cfd3f8ae412657b6c2257a9620,OI,Senne,20180901,BACKUP_IOTA_20250207/DCF Senne (IRD)/OI-200/297a_OI_20180901-20180927_COCONI_SAP_DOLOMIEU/OI_20180901-20180927_COCONI_SAP_DOLOMIEU_Photos/pêche 3 shiftage/P9082767.JPG
YTL_57e6e0889ec21e19ade77064ec6fcabc_AFONSO_ORTHONGEL.jpg,57e6e0889ec21e19ade77064ec6fcabc,YTL-Seriola-rivoliana,57e6e0889ec21e19ade77064ec6fcabc,OA,Senne,20190509,BACKUP_IOTA_20250207/OCUP-OB/OA-300/597a_OA_20190509-20190612_AFONSO_CFTO_AVELVOR/OA_20190509-20190612_AFONSO_CFTO_AVELVOR_Photos/20190609_170421.jpg
YTL_5872d74b535211abb379ccc0550313a2_CHEVALLEY_ORTHONGEL.JPG,5872d74b535211abb379ccc0550313a2,YTL-Seriola-rivoliana,5872d74b535211abb379ccc0550313a2,OI,Senne,20150120,BACKUP_IOTA_20250207/OCUP-OB/OI-700/718b_OI_20150120-20150206_CHEVALLEY_SAPMER_BELLE ISLE/OI_20150120-20150206_CHEVALLEY_SAPMER_BELLE ISLE_Photos/PHOTOS/SAM_2000.JPG
YTL_6c72bf3dc564d1314e6878a0b463565b_ALLANGBA_ORTHONGEL.JPG,6c72bf3dc564d1314e6878a0b463565b,YTL-Seriola-rivoliana,6c72bf3dc564d1314e6878a0b463565b,OA,Senne,20170508,BACKUP_IOTA_20250207/OCUP-OB/OA-300/499_OA_20170508-20170626_ALLANGBA_GEVRED_CFTO/OA_20170508-20170626_ALLANGBA_CFTO_GEVRED_Photos/5-PHOTOS/AUTRES/SAM_5154.JPG
YTL_6f57a1846aa40f1b67195b1d8a8b8335_TREMBLAU_IRD.JPG,6f57a1846aa40f1b67195b1d8a8b8335,YTL-Seriola-rivoliana,6f57a1846aa40f1b67195b1d8a8b8335,OI,Senne,20080615,BACKUP_IOTA_20250207/DCF Senne (IRD)/OI-200/229_OI_20080615-20080730_TREMBLAU_CMB_TALENDUIC/OI_20080615_20080730_TREMBLAU_CMB_TALENDUIC_Photos/P4040111.JPG
YTL_7b0b0ae06b283bfddc6f1cfbcfae69ad_LEDANTEC_IRD.JPG,7b0b0ae06b283bfddc6f1cfbcfae69ad,YTL-Seriola-rivoliana,7b0b0ae06b283bfddc6f1cfbcfae69ad,OI,Senne,20140716,BACKUP_IOTA_20250207/DCF Senne (IRD)/OI-200/262b_OI_20140716-20140818_LE DANTEC_SAP_DOLOMIEU/OI_20140716-20140818_LE DANTEC_SAPMER_DOLOMIEU_Photos/Photos poissons rejet/22_YTL2.JPG
YTL_7f99331aa4fcf97574f742696de11648_NGUESSAN_ORTHONGEL.JPG,7f99331aa4fcf97574f742696de11648,YTL-Seriola-rivoliana,7f99331aa4fcf97574f742696de11648,OA,Senne,20200117,BACKUP_IOTA_20250207/OCUP-OB/OA-300/629_OA_20200117-20200309_N'GUESSAN_CFTO_CAPBOJADOR/OA_20200117-20200309_N'GUESSAN_CFTO_CAPBOJADOR_Photos/DSCF2025.JPG
YTL_83c15c19ac47062fcb1c228b28f57366_MELAN_IRD.JPG,83c15c19ac47062fcb1c228b28f57366,YTL-Seriola-rivoliana,83c15c19ac47062fcb1c228b28f57366,OA,Senne,20190525,BACKUP_IOTA_20250207/DCF Senne (IRD)/OA-100/1105_OA_20190525-20190715_MELAN_CFTO_PENDRUC/OA_20190525-20190715_MELAN_CFTO_PENDRUC_Photos/N°11.JPG
YTL_8bbcd72301b7aa938b88be6fcbf41943_KOUASSI_ORTHONGEL.JPG,8bbcd72301b7aa938b88be6fcbf41943,YTL-Seriola-rivoliana,8bbcd72301b7aa938b88be6fcbf41943,OA,Senne,20190529,BACKUP_IOTA_20250207/OCUP-OB/OA-300/595_OA_20190529-20190710_KOUASSI_SPQT_VIA MISTRAL/OA_20190529-20190710_KOUASSI_SPQT_VIA MISTRAL_Photos/DSCF4123.JPG
YTL_94b213f15b9535f84d38ffb965e71637_PANGNE_ORTHONGEL.JPG,94b213f15b9535f84d38ffb965e71637,YTL-Seriola-rivoliana,94b213f15b9535f84d38ffb965e71637,OA,Senne,20191124,BACKUP_IOTA_20250207/OCUP-OB/OA-300/622_OA_20191124-20200106_PANGNE_SPQT_VIAAVENIR/OA_20191124-20200106_PANGNE_SPQT_VIAAVENIR_Photos/DSCF1111.JPG
YTL_9577fd5a233279c90e0a21e7e69226e7_LEDANTEC_IRD.JPG,9577fd5a233279c90e0a21e7e69226e7,YTL-Seriola-rivoliana,9577fd5a233279c90e0a21e7e69226e7,OI,Senne,20140716,BACKUP_IOTA_20250207/DCF Senne (IRD)/OI-200/262b_OI_20140716-20140818_LE DANTEC_SAP_DOLOMIEU/OI_20140716-20140818_LE DANTEC_SAPMER_DOLOMIEU_Photos/Photos poissons rejet/22_YTL.JPG
YTL_99062b9335307fb4ffef5395e8ee4a87_LEMERRE_IRD.JPG,99062b9335307fb4ffef5395e8ee4a87,YTL-Seriola-rivoliana,99062b9335307fb4ffef5395e8ee4a87,OI,Senne,20150305,BACKUP_IOTA_20250207/DCF Senne (IRD)/OI-200/269_OI_20150305-20150329_LEMERRE_SAPMER_BELOUVE/OI_20150305-20150329_LEMERRE_SAPMER_BELOUVE_Photos/PHOTOS/DSCF1037.JPG
YTL_9d16b1672b589e97c80ae91cfaa7c7b6_MSTOIHI_ORTHONGEL.JPG,9d16b1672b589e97c80ae91cfaa7c7b6,YTL-Seriola-rivoliana,9d16b1672b589e97c80ae91cfaa7c7b6,OI,Senne,20150801,BACKUP_IOTA_20250207/OCUP-OB/OI-700/734a_OI_20150801-20150821_MISTOIHI_SAP_FRANCHE TERRE/OI_20150801-20150821_MISTOIHI_SAP_FRANCHE TERRE_Photos/DSCF0266.JPG
YTL_a2bc0b80cac227553efba903ec04825a_KOUAME_ORTHONGEL.JPG,a2bc0b80cac227553efba903ec04825a,YTL-Seriola-rivoliana,a2bc0b80cac227553efba903ec04825a,OA,Senne,20140702,BACKUP_IOTA_20250207/OCUP-OB/OA-300/339b_OA_20140702-20140713_KOUAME_SAUPIQUET_VIA EUROS/OA_20140702-20140713_KOUAME_SAUPIQUET_VIAEUROS_Photos/PHOTOS/YTL.JPG
YTL_a4f4eae73bb39b07f3f52793bec47e9e_KOUAME_ORTHONGEL.JPG,a4f4eae73bb39b07f3f52793bec47e9e,YTL-Seriola-rivoliana,a4f4eae73bb39b07f3f52793bec47e9e,OA,Senne,20150408,BACKUP_IOTA_20250207/OCUP-OB/OA-300/377_OA_20150408-20150517_KOUAME_SAUPIQUET_VIAHARMATTAN/OA_20150408-20150517_KOUAME_SAUPIQUET_VIAHARMATTAN_Photos/PHOTOS/Opération de pêche/YTL.JPG
YTL_bd1ba9a6173422bc41c4f2074ef37871_KOFFI_ORTHONGEL.JPG,bd1ba9a6173422bc41c4f2074ef37871,YTL-Seriola-rivoliana,bd1ba9a6173422bc41c4f2074ef37871,OA,Senne,20170121,BACKUP_IOTA_20250207/OCUP-OB/OA-300/480_OA_20170121-20170313_KOFFI_CFTO_AVELVOR/OA_20170121-20170313_KOFFI_CFTO_AVELVOR_Photos/5-PHOTOS/Autres photos/SAM_4355.JPG
YTL_be6854c63b9076bffa488880363148eb_TORRES_IRD.jpg,be6854c63b9076bffa488880363148eb,YTL-Seriola-rivoliana,be6854c63b9076bffa488880363148eb,OI,Senne,20090403,BACKUP_IOTA_20250207/DCF Senne (IRD)/OI-200/238_OI_20090403-20090508_TORRES_CMB_CAP ST VINCENT/OI_20090403_20090508_Torres_CMB_CAP ST VINCENT_Photos/11.04.09/photos/calée 12/2/Photo 009.jpg
YTL_c44174bdf69b89ba1aa8854a745429b3_BUR_IRD.JPG,c44174bdf69b89ba1aa8854a745429b3,YTL-Seriola-rivoliana,c44174bdf69b89ba1aa8854a745429b3,OI,Senne,20140621,"BACKUP_IOTA_20250207/DCF Senne (IRD)/OI-200/263a_OI_20140621-20140716_BUR_SAP_MANAPANY/OI_20140621-20140716_BUR_SAPMER_MANAPANY_Photos/Photos classées par thème (especes, manoeuvres...)/Espèces rencontrées/11 YTL sériole limon/SDC13208.JPG"
YTL_c4e8d534cb7090863708b6496966f538_COCONI_IRD.JPG,c4e8d534cb7090863708b6496966f538,YTL-Seriola-rivoliana,c4e8d534cb7090863708b6496966f538,OI,Senne,20180901,BACKUP_IOTA_20250207/DCF Senne (IRD)/OI-200/297a_OI_20180901-20180927_COCONI_SAP_DOLOMIEU/OI_20180901-20180927_COCONI_SAP_DOLOMIEU_Photos/pêche 3 shiftage/P9082766.JPG
YTL_cc114a282d4cc77b6272ad34a3aa6a98_BUR_IRD.JPG,cc114a282d4cc77b6272ad34a3aa6a98,YTL-Seriola-rivoliana,cc114a282d4cc77b6272ad34a3aa6a98,OI,Senne,20140621,"BACKUP_IOTA_20250207/DCF Senne (IRD)/OI-200/263a_OI_20140621-20140716_BUR_SAP_MANAPANY/OI_20140621-20140716_BUR_SAPMER_MANAPANY_Photos/Photos classées par thème (especes, manoeuvres...)/Espèces rencontrées/11 YTL sériole limon/SDC13168.JPG"
YTL_cf89e0886ca92e2d9c7114091e1b95b8_BOUTIGNY_TAAF.JPG,cf89e0886ca92e2d9c7114091e1b95b8,YTL-Seriola-rivoliana,cf89e0886ca92e2d9c7114091e1b95b8,OI,Senne,20160430,BACKUP_IOTA_20250207/DCF Senne (TAAF)/2016/16-2_OI_20160430-20160703_BOUTIGNY_SAPMER_BERNICA/OI_20160430-20160703_BOUTIGNY_SAPMER_BERNICA_Photos/P6290037.JPG
YTL_d5d50aea3e90214de8f15b7673d609be_ALLANGBA_ORTHONGEL.JPG,d5d50aea3e90214de8f15b7673d609be,YTL-Seriola-rivoliana,d5d50aea3e90214de8f15b7673d609be,OA,Senne,20170508,BACKUP_IOTA_20250207/OCUP-OB/OA-300/499_OA_20170508-20170626_ALLANGBA_GEVRED_CFTO/OA_20170508-20170626_ALLANGBA_CFTO_GEVRED_Photos/5-PHOTOS/AUTRES/SAM_5152.JPG
YTL_d692200871f86025e3986be9ff8977a6_PANGNE_ORTHONGEL.JPG,d692200871f86025e3986be9ff8977a6,YTL-Seriola-rivoliana,d692200871f86025e3986be9ff8977a6,OA,Senne,20191124,BACKUP_IOTA_20250207/OCUP-OB/OA-300/622_OA_20191124-20200106_PANGNE_SPQT_VIAAVENIR/OA_20191124-20200106_PANGNE_SPQT_VIAAVENIR_Photos/DSCF1074.JPG
YTL_d77befcb9cf25be0069e1eb7af926018_DAO_ORTHONGEL.JPG,d77befcb9cf25be0069e1eb7af926018,YTL-Seriola-rivoliana,d77befcb9cf25be0069e1eb7af926018,OA,Senne,20141214,BACKUP_IOTA_20250207/OCUP-OB/OA-300/358a_OA_20141214-20150114_DAO_SAUPIQUET_VIA EUROS/OA_20141214-20150114_DAO_SAUPIQUET_VIA EUROS_Photos/PHOTOS/SAM_1522.JPG
YTL_e19371f70321dec272f1dc9a70ec9254_MSTOIHI_ORTHONGEL.JPG,e19371f70321dec272f1dc9a70ec9254,YTL-Seriola-rivoliana,e19371f70321dec272f1dc9a70ec9254,OI,Senne,20150801,BACKUP_IOTA_20250207/OCUP-OB/OI-700/734a_OI_20150801-20150821_MISTOIHI_SAP_FRANCHE TERRE/OI_20150801-20150821_MISTOIHI_SAP_FRANCHE TERRE_Photos/DSCF0270.JPG
YTL_e53a1b4fea36b9527cfabd49c1c7fcb2_HUBERT_IRD.JPG,e53a1b4fea36b9527cfabd49c1c7fcb2,YTL-Seriola-rivoliana,e53a1b4fea36b9527cfabd49c1c7fcb2,OI,Senne,20061130,BACKUP_IOTA_20250207/DCF Senne (IRD)/OI-200/205a_OI_20061130-20061205_HUBERT_CMB_AVEL VAD/OI_20061130-20070116_HUBERT_CMB_AVEL VAD_Photos/CD2/POISSONS/P1090125.JPG
YTL_ee1538c489b6a7ec730f72d616bc6fe6_KOUAME_ORTHONGEL.JPG,ee1538c489b6a7ec730f72d616bc6fe6,YTL-Seriola-rivoliana,ee1538c489b6a7ec730f72d616bc6fe6,OA,Senne,20150408,BACKUP_IOTA_20250207/OCUP-OB/OA-300/377_OA_20150408-20150517_KOUAME_SAUPIQUET_VIAHARMATTAN/OA_20150408-20150517_KOUAME_SAUPIQUET_VIAHARMATTAN_Photos/PHOTOS/Opération de pêche/YTL (1).JPG
YTL_fefb2ba6774e3c7bc0aa26e6d50baf22_SOMBO_ORTHONGEL.JPG,fefb2ba6774e3c7bc0aa26e6d50baf22,YTL-Seriola-rivoliana,fefb2ba6774e3c7bc0aa26e6d50baf22,OA,Senne,20191021,BACKUP_IOTA_20250207/OCUP-OB/OA-300/619_OA_20191021-20191203_SOMBO_SPQT_VIAMISTRAL/OA_20191021-20191203_SOMBO_SPQT_VIAMISTRAL_Photos/DSCF1486.JPG
BAF-BTS_5004acfd80f36a0679f489e06b48baa8_EKPO_ORTHONGEL.jpg,5004acfd80f36a0679f489e06b48baa8,ZZZ-Multi-species,5004acfd80f36a0679f489e06b48baa8,OI,Senne,20200118,BACKUP_IOTA_20250207/OCUP-OB/OI-700/908b_OI_ 20200118-20200224_EKPO_SAPMER_BERNICA/OI_ 20200118-20200224_EKPO_SAPMER_BERNICA_Photos/Autres-Poissons/BAF & BTS.jpg
BET-YFT_59aa5e5ac98d8906b52603240de97220_TREMBLAU_IRD.jpg,59aa5e5ac98d8906b52603240de97220,ZZZ-Multi-species,59aa5e5ac98d8906b52603240de97220,OI,Senne,20070721,"BACKUP_IOTA_20250207/DCF Senne (IRD)/OI-200/215_OI_20070721-20070822_TREMBLAU_CMB_CAP STE MARIE/OI_20070721-20070822_TREMBLAU_CMB_CAP STE MARIE_Photos/2007-08-15, CSM/CSM calee3 (27-07-07) 055.jpg"
CNT-NHR_6f2af4491c93b9847688f2dd7c1f3411_HUBERT_IRD.JPG,6f2af4491c93b9847688f2dd7c1f3411,ZZZ-Multi-species,6f2af4491c93b9847688f2dd7c1f3411,OI,Senne,20061130,BACKUP_IOTA_20250207/DCF Senne (IRD)/OI-200/205a_OI_20061130-20061205_HUBERT_CMB_AVEL VAD/OI_20061130-20070116_HUBERT_CMB_AVEL VAD_Photos/CD2/POISSONS/PC270098.JPG
DOL-CFW_1d36242f966e9225a124c81b47427bf9_TREMBLEAU_IRD.jpg,1d36242f966e9225a124c81b47427bf9,ZZZ-Multi-species,1d36242f966e9225a124c81b47427bf9,OI,Senne,20070721,"BACKUP_IOTA_20250207/DCF Senne (IRD)/OI-200/215_OI_20070721-20070822_TREMBLAU_CMB_CAP STE MARIE/OI_20070721-20070822_TREMBLAU_CMB_CAP STE MARIE_Photos/2007-08-15, CSM/CSM calee3 (27-07-07) 89.jpg"
KYV-KYC_7629f068041e886742865b089959af44_BUR_IRD.JPG,7629f068041e886742865b089959af44,ZZZ-Multi-species,7629f068041e886742865b089959af44,OI,Senne,20140621,"BACKUP_IOTA_20250207/DCF Senne (IRD)/OI-200/263a_OI_20140621-20140716_BUR_SAP_MANAPANY/OI_20140621-20140716_BUR_SAPMER_MANAPANY_Photos/Photos classées par thème (especes, manoeuvres...)/Espèces rencontrées/13 KYC griset/SDC13220 1 KYC 2 KYP.JPG"
LTA-FRI_0e7e5cef80eec190f0114abf46fe7bda_CUILLANDRE_IRD.JPG,0e7e5cef80eec190f0114abf46fe7bda,ZZZ-Multi-species,0e7e5cef80eec190f0114abf46fe7bda,OA,Senne,20121107,BACKUP_IOTA_20250207/DCF Senne (IRD)/OA-100/143_OA_20121107-20121126_CUILLANDRE_CFTO_GUERIDEN/OA_20121107-20121126_Cuillandre_CFTO_GUERIDEN_Photos/DSC_0171.JPG
LTA-FRI_6640fbe0d864201df6e77acb33fe8373_HUBERT_IRD.JPG,6640fbe0d864201df6e77acb33fe8373,ZZZ-Multi-species,6640fbe0d864201df6e77acb33fe8373,OI,Senne,20061130,BACKUP_IOTA_20250207/DCF Senne (IRD)/OI-200/205a_OI_20061130-20061205_HUBERT_CMB_AVEL VAD/OI_20061130-20070116_HUBERT_CMB_AVEL VAD_Photos/CD2/POISSONS/100_1520.JPG
MSD-RRU_8506fc631e1500b3aa3bd9eac4ac62bf_COCONI_IRD.JPG,8506fc631e1500b3aa3bd9eac4ac62bf,ZZZ-Multi-species,8506fc631e1500b3aa3bd9eac4ac62bf,OI,Senne,20180930,BACKUP_IOTA_20250207/DCF Senne (IRD)/OI-200/297b_OI_20180930-20181105_COCONI_SAP_DOLOMIEU/OI_20180930-20181105_COCONI_SAP_DOLOMIEU_Photos/pêche 15/PA203410.JPG
